81.6,12.56076923076923,40,7.050499999999998,40,4.535384615384615,40,5.535384615384615,40,1.1841379310344826,29,37.113448275862076,29,67.97962466843501
80.21,12.56076923076923,40,7.050499999999998,40,4.535384615384615,40,5.535384615384615,40,1.1841379310344826,29,37.113448275862076,29,67.97962466843501
63.45,12.56076923076923,40,7.050499999999998,40,4.535384615384615,40,5.535384615384615,40,1.1841379310344826,29,37.113448275862076,29,67.97962466843501
78.05,12.56076923076923,40,7.050499999999998,40,4.535384615384615,40,5.535384615384615,40,1.1841379310344826,29,37.113448275862076,29,67.97962466843501
69.04,12.56076923076923,40,7.050499999999998,40,4.535384615384615,40,5.535384615384615,40,1.1841379310344826,29,37.113448275862076,29,67.97962466843501
69.66,12.56076923076923,40,7.050499999999998,40,4.535384615384615,40,5.535384615384615,40,1.1841379310344826,29,37.113448275862076,29,67.97962466843501
61.01,14.251842105263153,40,8.271282051282052,40,5.604000000000001,40,6.127000000000001,40,1.1518750000000002,32,41.13161290322581,32,76.53761205977102
332.16,14.251842105263153,40,8.271282051282052,40,5.604000000000001,40,6.127000000000001,40,1.1518750000000002,32,41.13161290322581,32,76.53761205977102
50.99,14.251842105263153,40,8.271282051282052,40,5.604000000000001,40,6.127000000000001,40,1.1518750000000002,32,41.13161290322581,32,76.53761205977102
44.94,14.251842105263153,40,8.271282051282052,40,5.604000000000001,40,6.127000000000001,40,1.1518750000000002,32,41.13161290322581,32,76.53761205977102
23.3,14.251842105263153,40,8.271282051282052,40,5.604000000000001,40,6.127000000000001,40,1.1518750000000002,32,41.13161290322581,32,76.53761205977102
116.07,15.26509433962264,55,9.418363636363637,55,6.3244444444444445,55,8.798301886792453,55,1.407560975609756,42,55.39904761904762,42,96.61281290188055
125.1,15.26509433962264,55,9.418363636363637,55,6.3244444444444445,55,8.798301886792453,55,1.407560975609756,42,55.39904761904762,42,96.61281290188055
88.42,15.26509433962264,55,9.418363636363637,55,6.3244444444444445,55,8.798301886792453,55,1.407560975609756,42,55.39904761904762,42,96.61281290188055
71.47,15.26509433962264,55,9.418363636363637,55,6.3244444444444445,55,8.798301886792453,55,1.407560975609756,42,55.39904761904762,42,96.61281290188055
116.58,15.26509433962264,55,9.418363636363637,55,6.3244444444444445,55,8.798301886792453,55,1.407560975609756,42,55.39904761904762,42,96.61281290188055
88.66,15.26509433962264,55,9.418363636363637,55,6.3244444444444445,55,8.798301886792453,55,1.407560975609756,42,55.39904761904762,42,96.61281290188055
75.53,12.509285714285713,44,7.649302325581396,44,5.629999999999999,44,5.594186046511628,44,1.0323529411764705,35,51.14588235294117,35,83.56100938049639
77.43,12.509285714285713,44,7.649302325581396,44,5.629999999999999,44,5.594186046511628,44,1.0323529411764705,35,51.14588235294117,35,83.56100938049639
70.94,12.509285714285713,44,7.649302325581396,44,5.629999999999999,44,5.594186046511628,44,1.0323529411764705,35,51.14588235294117,35,83.56100938049639
69.42,12.509285714285713,44,7.649302325581396,44,5.629999999999999,44,5.594186046511628,44,1.0323529411764705,35,51.14588235294117,35,83.56100938049639
78.81,12.509285714285713,44,7.649302325581396,44,5.629999999999999,44,5.594186046511628,44,1.0323529411764705,35,51.14588235294117,35,83.56100938049639
61.73,12.509285714285713,44,7.649302325581396,44,5.629999999999999,44,5.594186046511628,44,1.0323529411764705,35,51.14588235294117,35,83.56100938049639
60.65,12.395510204081633,50,6.704693877551021,50,4.349999999999998,50,4.893673469387755,50,0.8845161290322581,32,50.869999999999976,32,80.09839368005264
89.38,12.395510204081633,50,6.704693877551021,50,4.349999999999998,50,4.893673469387755,50,0.8845161290322581,32,50.869999999999976,32,80.09839368005264
115.88,12.395510204081633,50,6.704693877551021,50,4.349999999999998,50,4.893673469387755,50,0.8845161290322581,32,50.869999999999976,32,80.09839368005264
109.43,12.395510204081633,50,6.704693877551021,50,4.349999999999998,50,4.893673469387755,50,0.8845161290322581,32,50.869999999999976,32,80.09839368005264
187.89,12.395510204081633,50,6.704693877551021,50,4.349999999999998,50,4.893673469387755,50,0.8845161290322581,32,50.869999999999976,32,80.09839368005264
151.75,12.395510204081633,50,6.704693877551021,50,4.349999999999998,50,4.893673469387755,50,0.8845161290322581,32,50.869999999999976,32,80.09839368005264
63.52,11.583214285714288,29,6.452500000000001,29,4.622758620689655,29,6.128275862068967,29,1.16,22,36.14380952380952,22,66.09055829228244
62.11,11.583214285714288,29,6.452500000000001,29,4.622758620689655,29,6.128275862068967,29,1.16,22,36.14380952380952,22,66.09055829228244
71.68,11.583214285714288,29,6.452500000000001,29,4.622758620689655,29,6.128275862068967,29,1.16,22,36.14380952380952,22,66.09055829228244
60.73,11.583214285714288,29,6.452500000000001,29,4.622758620689655,29,6.128275862068967,29,1.16,22,36.14380952380952,22,66.09055829228244
66.59,11.583214285714288,29,6.452500000000001,29,4.622758620689655,29,6.128275862068967,29,1.16,22,36.14380952380952,22,66.09055829228244
83.74,11.583214285714288,29,6.452500000000001,29,4.622758620689655,29,6.128275862068967,29,1.16,22,36.14380952380952,22,66.09055829228244
197.96,11.81019230769231,54,6.795576923076924,54,4.722692307692308,54,6.06377358490566,54,0.9947619047619047,43,69.29348837209304,43,99.68048540022215
199.17,11.81019230769231,54,6.795576923076924,54,4.722692307692308,54,6.06377358490566,54,0.9947619047619047,43,69.29348837209304,43,99.68048540022215
122.65,11.81019230769231,54,6.795576923076924,54,4.722692307692308,54,6.06377358490566,54,0.9947619047619047,43,69.29348837209304,43,99.68048540022215
81.54,11.81019230769231,54,6.795576923076924,54,4.722692307692308,54,6.06377358490566,54,0.9947619047619047,43,69.29348837209304,43,99.68048540022215
70.12,11.81019230769231,54,6.795576923076924,54,4.722692307692308,54,6.06377358490566,54,0.9947619047619047,43,69.29348837209304,43,99.68048540022215
72.36,11.81019230769231,54,6.795576923076924,54,4.722692307692308,54,6.06377358490566,54,0.9947619047619047,43,69.29348837209304,43,99.68048540022215
91.96,12.939655172413794,30,8.584333333333332,30,6.05344827586207,30,5.962999999999999,30,1.0987999999999998,26,47.25153846153845,26,81.89077524314764
79.57,12.939655172413794,30,8.584333333333332,30,6.05344827586207,30,5.962999999999999,30,1.0987999999999998,26,47.25153846153845,26,81.89077524314764
94.51,12.939655172413794,30,8.584333333333332,30,6.05344827586207,30,5.962999999999999,30,1.0987999999999998,26,47.25153846153845,26,81.89077524314764
120.26,12.939655172413794,30,8.584333333333332,30,6.05344827586207,30,5.962999999999999,30,1.0987999999999998,26,47.25153846153845,26,81.89077524314764
54.53,12.939655172413794,30,8.584333333333332,30,6.05344827586207,30,5.962999999999999,30,1.0987999999999998,26,47.25153846153845,26,81.89077524314764
76.31,12.939655172413794,30,8.584333333333332,30,6.05344827586207,30,5.962999999999999,30,1.0987999999999998,26,47.25153846153845,26,81.89077524314764
82.92,13.0390243902439,41,7.43560975609756,41,4.69275,41,6.045853658536585,41,1.0572413793103448,30,50.53068965517241,30,82.8011688393608
123.38,13.0390243902439,41,7.43560975609756,41,4.69275,41,6.045853658536585,41,1.0572413793103448,30,50.53068965517241,30,82.8011688393608
215.36,13.0390243902439,41,7.43560975609756,41,4.69275,41,6.045853658536585,41,1.0572413793103448,30,50.53068965517241,30,82.8011688393608
86.85,13.0390243902439,41,7.43560975609756,41,4.69275,41,6.045853658536585,41,1.0572413793103448,30,50.53068965517241,30,82.8011688393608
65.98,13.0390243902439,41,7.43560975609756,41,4.69275,41,6.045853658536585,41,1.0572413793103448,30,50.53068965517241,30,82.8011688393608
52.55,13.0390243902439,41,7.43560975609756,41,4.69275,41,6.045853658536585,41,1.0572413793103448,30,50.53068965517241,30,82.8011688393608
82.51,12.97945945945946,38,7.238055555555557,38,4.603513513513512,38,5.417837837837838,38,1.1964999999999997,20,34.50526315789474,20,65.94062952426111
78.57,12.97945945945946,38,7.238055555555557,38,4.603513513513512,38,5.417837837837838,38,1.1964999999999997,20,34.50526315789474,20,65.94062952426111
92.61,12.97945945945946,38,7.238055555555557,38,4.603513513513512,38,5.417837837837838,38,1.1964999999999997,20,34.50526315789474,20,65.94062952426111
78.45,12.97945945945946,38,7.238055555555557,38,4.603513513513512,38,5.417837837837838,38,1.1964999999999997,20,34.50526315789474,20,65.94062952426111
72.5,12.034222222222226,47,6.959999999999999,47,5.012826086956523,47,5.65391304347826,47,0.9497058823529414,34,28.954848484848476,34,59.56551571985843
160.99,12.034222222222226,47,6.959999999999999,47,5.012826086956523,47,5.65391304347826,47,0.9497058823529414,34,28.954848484848476,34,59.56551571985843
90.35,12.034222222222226,47,6.959999999999999,47,5.012826086956523,47,5.65391304347826,47,0.9497058823529414,34,28.954848484848476,34,59.56551571985843
69.62,12.034222222222226,47,6.959999999999999,47,5.012826086956523,47,5.65391304347826,47,0.9497058823529414,34,28.954848484848476,34,59.56551571985843
94.34,12.034222222222226,47,6.959999999999999,47,5.012826086956523,47,5.65391304347826,47,0.9497058823529414,34,28.954848484848476,34,59.56551571985843
64.21,12.034222222222226,47,6.959999999999999,47,5.012826086956523,47,5.65391304347826,47,0.9497058823529414,34,28.954848484848476,34,59.56551571985843
125.36,10.539743589743592,40,5.824871794871795,40,4.116923076923077,40,5.061749999999998,40,0.8467857142857141,29,29.853214285714284,29,56.24328846153846
71.31,10.539743589743592,40,5.824871794871795,40,4.116923076923077,40,5.061749999999998,40,0.8467857142857141,29,29.853214285714284,29,56.24328846153846
85.16,10.539743589743592,40,5.824871794871795,40,4.116923076923077,40,5.061749999999998,40,0.8467857142857141,29,29.853214285714284,29,56.24328846153846
85.03,10.539743589743592,40,5.824871794871795,40,4.116923076923077,40,5.061749999999998,40,0.8467857142857141,29,29.853214285714284,29,56.24328846153846
107.5,10.539743589743592,40,5.824871794871795,40,4.116923076923077,40,5.061749999999998,40,0.8467857142857141,29,29.853214285714284,29,56.24328846153846
142.5,10.539743589743592,40,5.824871794871795,40,4.116923076923077,40,5.061749999999998,40,0.8467857142857141,29,29.853214285714284,29,56.24328846153846
65.37,11.568571428571428,21,5.867619047619049,21,4.073333333333334,21,4.845,21,0.9814285714285714,14,38.06,14,65.39595238095238
70.68,11.568571428571428,21,5.867619047619049,21,4.073333333333334,21,4.845,21,0.9814285714285714,14,38.06,14,65.39595238095238
68.48,11.568571428571428,21,5.867619047619049,21,4.073333333333334,21,4.845,21,0.9814285714285714,14,38.06,14,65.39595238095238
61.4,11.568571428571428,21,5.867619047619049,21,4.073333333333334,21,4.845,21,0.9814285714285714,14,38.06,14,65.39595238095238
75.39,11.568571428571428,21,5.867619047619049,21,4.073333333333334,21,4.845,21,0.9814285714285714,14,38.06,14,65.39595238095238
61.36,11.568571428571428,21,5.867619047619049,21,4.073333333333334,21,4.845,21,0.9814285714285714,14,38.06,14,65.39595238095238
74.75,14.944461538461537,67,7.889545454545454,67,5.454848484848484,67,5.756461538461537,67,1.1549999999999996,49,60.76145833333334,49,95.96177534965035
149.23,14.944461538461537,67,7.889545454545454,67,5.454848484848484,67,5.756461538461537,67,1.1549999999999996,49,60.76145833333334,49,95.96177534965035
101.7,14.944461538461537,67,7.889545454545454,67,5.454848484848484,67,5.756461538461537,67,1.1549999999999996,49,60.76145833333334,49,95.96177534965035
57.66,14.944461538461537,67,7.889545454545454,67,5.454848484848484,67,5.756461538461537,67,1.1549999999999996,49,60.76145833333334,49,95.96177534965035
55.76,14.944461538461537,67,7.889545454545454,67,5.454848484848484,67,5.756461538461537,67,1.1549999999999996,49,60.76145833333334,49,95.96177534965035
89.58,14.944461538461537,67,7.889545454545454,67,5.454848484848484,67,5.756461538461537,67,1.1549999999999996,49,60.76145833333334,49,95.96177534965035
93.36,14.756363636363636,46,7.247111111111111,46,5.687555555555557,46,5.753333333333334,46,1.098181818181818,34,62.31647058823529,34,96.85901604278075
85.72,14.756363636363636,46,7.247111111111111,46,5.687555555555557,46,5.753333333333334,46,1.098181818181818,34,62.31647058823529,34,96.85901604278075
77.5,14.756363636363636,46,7.247111111111111,46,5.687555555555557,46,5.753333333333334,46,1.098181818181818,34,62.31647058823529,34,96.85901604278075
85.54,14.756363636363636,46,7.247111111111111,46,5.687555555555557,46,5.753333333333334,46,1.098181818181818,34,62.31647058823529,34,96.85901604278075
150.15,14.756363636363636,46,7.247111111111111,46,5.687555555555557,46,5.753333333333334,46,1.098181818181818,34,62.31647058823529,34,96.85901604278075
91.74,14.756363636363636,46,7.247111111111111,46,5.687555555555557,46,5.753333333333334,46,1.098181818181818,34,62.31647058823529,34,96.85901604278075
194.43,12.86575,41,7.08225,41,5.180769230769231,41,5.486585365853658,41,0.9766666666666666,28,34.185,28,65.77702126328956
130.39,12.86575,41,7.08225,41,5.180769230769231,41,5.486585365853658,41,0.9766666666666666,28,34.185,28,65.77702126328956
75.22,12.86575,41,7.08225,41,5.180769230769231,41,5.486585365853658,41,0.9766666666666666,28,34.185,28,65.77702126328956
72.89,12.86575,41,7.08225,41,5.180769230769231,41,5.486585365853658,41,0.9766666666666666,28,34.185,28,65.77702126328956
104.43,12.86575,41,7.08225,41,5.180769230769231,41,5.486585365853658,41,0.9766666666666666,28,34.185,28,65.77702126328956
84.78,12.86575,41,7.08225,41,5.180769230769231,41,5.486585365853658,41,0.9766666666666666,28,34.185,28,65.77702126328956
100.32,13.229729729729733,38,6.883783783783784,38,4.960540540540539,38,6.094473684210527,38,1.0071428571428573,28,46.60178571428571,28,78.77745630969315
92.03,13.229729729729733,38,6.883783783783784,38,4.960540540540539,38,6.094473684210527,38,1.0071428571428573,28,46.60178571428571,28,78.77745630969315
61.15,13.229729729729733,38,6.883783783783784,38,4.960540540540539,38,6.094473684210527,38,1.0071428571428573,28,46.60178571428571,28,78.77745630969315
147.29,13.229729729729733,38,6.883783783783784,38,4.960540540540539,38,6.094473684210527,38,1.0071428571428573,28,46.60178571428571,28,78.77745630969315
105.16,13.229729729729733,38,6.883783783783784,38,4.960540540540539,38,6.094473684210527,38,1.0071428571428573,28,46.60178571428571,28,78.77745630969315
72.73,13.229729729729733,38,6.883783783783784,38,4.960540540540539,38,6.094473684210527,38,1.0071428571428573,28,46.60178571428571,28,78.77745630969315
98.71,12.542424242424241,34,6.47264705882353,34,4.836060606060605,34,4.831764705882354,34,0.7490476190476191,21,24.002380952380957,21,53.43432518461932
77.32,12.542424242424241,34,6.47264705882353,34,4.836060606060605,34,4.831764705882354,34,0.7490476190476191,21,24.002380952380957,21,53.43432518461932
79.57,12.542424242424241,34,6.47264705882353,34,4.836060606060605,34,4.831764705882354,34,0.7490476190476191,21,24.002380952380957,21,53.43432518461932
83.75,12.542424242424241,34,6.47264705882353,34,4.836060606060605,34,4.831764705882354,34,0.7490476190476191,21,24.002380952380957,21,53.43432518461932
101.41,12.542424242424241,34,6.47264705882353,34,4.836060606060605,34,4.831764705882354,34,0.7490476190476191,21,24.002380952380957,21,53.43432518461932
53.31,12.542424242424241,34,6.47264705882353,34,4.836060606060605,34,4.831764705882354,34,0.7490476190476191,21,24.002380952380957,21,53.43432518461932
56.51,12.48925,41,6.357179487179487,41,4.495500000000002,41,5.047317073170731,41,0.8067647058823527,34,38.39,34,67.58601126623257
75.58,12.48925,41,6.357179487179487,41,4.495500000000002,41,5.047317073170731,41,0.8067647058823527,34,38.39,34,67.58601126623257
80.08,12.48925,41,6.357179487179487,41,4.495500000000002,41,5.047317073170731,41,0.8067647058823527,34,38.39,34,67.58601126623257
139.14,12.48925,41,6.357179487179487,41,4.495500000000002,41,5.047317073170731,41,0.8067647058823527,34,38.39,34,67.58601126623257
73.75,12.48925,41,6.357179487179487,41,4.495500000000002,41,5.047317073170731,41,0.8067647058823527,34,38.39,34,67.58601126623257
58.75,12.48925,41,6.357179487179487,41,4.495500000000002,41,5.047317073170731,41,0.8067647058823527,34,38.39,34,67.58601126623257
57.58,11.612333333333332,31,5.893333333333334,31,3.9880645161290325,31,4.664333333333333,31,0.813913043478261,23,18.91454545454545,23,45.88652301415274
60.67,11.612333333333332,31,5.893333333333334,31,3.9880645161290325,31,4.664333333333333,31,0.813913043478261,23,18.91454545454545,23,45.88652301415274
60.13,11.612333333333332,31,5.893333333333334,31,3.9880645161290325,31,4.664333333333333,31,0.813913043478261,23,18.91454545454545,23,45.88652301415274
101.41,11.612333333333332,31,5.893333333333334,31,3.9880645161290325,31,4.664333333333333,31,0.813913043478261,23,18.91454545454545,23,45.88652301415274
66.78,11.612333333333332,31,5.893333333333334,31,3.9880645161290325,31,4.664333333333333,31,0.813913043478261,23,18.91454545454545,23,45.88652301415274
76.77,11.612333333333332,31,5.893333333333334,31,3.9880645161290325,31,4.664333333333333,31,0.813913043478261,23,18.91454545454545,23,45.88652301415274
159.07,12.073191489361703,48,7.198333333333334,48,4.433829787234043,48,5.485625,48,0.9459459459459459,37,34.946216216216214,37,65.08314177209124
121.2,12.073191489361703,48,7.198333333333334,48,4.433829787234043,48,5.485625,48,0.9459459459459459,37,34.946216216216214,37,65.08314177209124
62.88,12.073191489361703,48,7.198333333333334,48,4.433829787234043,48,5.485625,48,0.9459459459459459,37,34.946216216216214,37,65.08314177209124
70.19,12.073191489361703,48,7.198333333333334,48,4.433829787234043,48,5.485625,48,0.9459459459459459,37,34.946216216216214,37,65.08314177209124
92.74,12.073191489361703,48,7.198333333333334,48,4.433829787234043,48,5.485625,48,0.9459459459459459,37,34.946216216216214,37,65.08314177209124
86.56,12.073191489361703,48,7.198333333333334,48,4.433829787234043,48,5.485625,48,0.9459459459459459,37,34.946216216216214,37,65.08314177209124
128.41,12.059714285714287,36,7.151944444444445,36,4.569444444444445,36,5.7797222222222215,36,0.9691304347826085,23,26.586363636363647,23,57.11631946797164
71.42,12.059714285714287,36,7.151944444444445,36,4.569444444444445,36,5.7797222222222215,36,0.9691304347826085,23,26.586363636363647,23,57.11631946797164
83.79,12.059714285714287,36,7.151944444444445,36,4.569444444444445,36,5.7797222222222215,36,0.9691304347826085,23,26.586363636363647,23,57.11631946797164
67.32,12.059714285714287,36,7.151944444444445,36,4.569444444444445,36,5.7797222222222215,36,0.9691304347826085,23,26.586363636363647,23,57.11631946797164
65.4,12.059714285714287,36,7.151944444444445,36,4.569444444444445,36,5.7797222222222215,36,0.9691304347826085,23,26.586363636363647,23,57.11631946797164
124.74,12.055294117647056,35,7.825142857142857,35,4.829705882352942,35,5.793333333333335,35,0.9843999999999999,26,32.860769230769236,26,64.34864542124544
81.96,12.055294117647056,35,7.825142857142857,35,4.829705882352942,35,5.793333333333335,35,0.9843999999999999,26,32.860769230769236,26,64.34864542124544
80.57,12.055294117647056,35,7.825142857142857,35,4.829705882352942,35,5.793333333333335,35,0.9843999999999999,26,32.860769230769236,26,64.34864542124544
75.38,12.055294117647056,35,7.825142857142857,35,4.829705882352942,35,5.793333333333335,35,0.9843999999999999,26,32.860769230769236,26,64.34864542124544
69.02,12.055294117647056,35,7.825142857142857,35,4.829705882352942,35,5.793333333333335,35,0.9843999999999999,26,32.860769230769236,26,64.34864542124544
59.86,13.727837837837841,38,5.776486486486489,38,4.911891891891891,38,4.859736842105263,38,0.8984615384615383,26,27.355600000000003,26,57.530014596783026
51.26,13.727837837837841,38,5.776486486486489,38,4.911891891891891,38,4.859736842105263,38,0.8984615384615383,26,27.355600000000003,26,57.530014596783026
85.51,13.727837837837841,38,5.776486486486489,38,4.911891891891891,38,4.859736842105263,38,0.8984615384615383,26,27.355600000000003,26,57.530014596783026
88.02,13.727837837837841,38,5.776486486486489,38,4.911891891891891,38,4.859736842105263,38,0.8984615384615383,26,27.355600000000003,26,57.530014596783026
87.39,13.727837837837841,38,5.776486486486489,38,4.911891891891891,38,4.859736842105263,38,0.8984615384615383,26,27.355600000000003,26,57.530014596783026
79.93,13.727837837837841,38,5.776486486486489,38,4.911891891891891,38,4.859736842105263,38,0.8984615384615383,26,27.355600000000003,26,57.530014596783026
71.27,12.915666666666668,31,5.9151612903225805,31,3.997096774193548,31,4.888387096774194,31,0.851,20,26.1005,20,54.667811827956996
76.43,12.915666666666668,31,5.9151612903225805,31,3.997096774193548,31,4.888387096774194,31,0.851,20,26.1005,20,54.667811827956996
73.24,12.915666666666668,31,5.9151612903225805,31,3.997096774193548,31,4.888387096774194,31,0.851,20,26.1005,20,54.667811827956996
64.51,12.915666666666668,31,5.9151612903225805,31,3.997096774193548,31,4.888387096774194,31,0.851,20,26.1005,20,54.667811827956996
59.51,12.915666666666668,31,5.9151612903225805,31,3.997096774193548,31,4.888387096774194,31,0.851,20,26.1005,20,54.667811827956996
51.07,12.915666666666668,31,5.9151612903225805,31,3.997096774193548,31,4.888387096774194,31,0.851,20,26.1005,20,54.667811827956996
71.19,12.52225806451613,31,6.411000000000001,31,4.384827586206898,30,5.460967741935485,31,0.9720833333333331,24,42.323750000000004,24,72.07488672599185
124.48,12.52225806451613,31,6.411000000000001,31,4.384827586206898,30,5.460967741935485,31,0.9720833333333331,24,42.323750000000004,24,72.07488672599185
120.45,12.52225806451613,31,6.411000000000001,31,4.384827586206898,30,5.460967741935485,31,0.9720833333333331,24,42.323750000000004,24,72.07488672599185
101.36,12.52225806451613,31,6.411000000000001,31,4.384827586206898,30,5.460967741935485,31,0.9720833333333331,24,42.323750000000004,24,72.07488672599185
53.31,12.52225806451613,31,6.411000000000001,31,4.384827586206898,30,5.460967741935485,31,0.9720833333333331,24,42.323750000000004,24,72.07488672599185
18.97,12.52225806451613,31,6.411000000000001,31,4.384827586206898,30,5.460967741935485,31,0.9720833333333331,24,42.323750000000004,24,72.07488672599185
85.97,11.935909090909092,22,6.218181818181819,22,3.9377272727272725,22,4.761363636363637,22,0.8100000000000003,13,18.647692307692306,13,46.310874125874115
73.93,11.935909090909092,22,6.218181818181819,22,3.9377272727272725,22,4.761363636363637,22,0.8100000000000003,13,18.647692307692306,13,46.310874125874115
89.45,11.935909090909092,22,6.218181818181819,22,3.9377272727272725,22,4.761363636363637,22,0.8100000000000003,13,18.647692307692306,13,46.310874125874115
65.47,11.935909090909092,22,6.218181818181819,22,3.9377272727272725,22,4.761363636363637,22,0.8100000000000003,13,18.647692307692306,13,46.310874125874115
91.29,11.935909090909092,22,6.218181818181819,22,3.9377272727272725,22,4.761363636363637,22,0.8100000000000003,13,18.647692307692306,13,46.310874125874115
93.43,11.935909090909092,22,6.218181818181819,22,3.9377272727272725,22,4.761363636363637,22,0.8100000000000003,13,18.647692307692306,13,46.310874125874115
104.14,11.665000000000001,31,7.272903225806452,31,4.8270967741935475,31,5.017999999999999,31,0.8926315789473687,19,34.182105263157894,19,63.85773684210526
99.86,11.665000000000001,31,7.272903225806452,31,4.8270967741935475,31,5.017999999999999,31,0.8926315789473687,19,34.182105263157894,19,63.85773684210526
69.56,11.665000000000001,31,7.272903225806452,31,4.8270967741935475,31,5.017999999999999,31,0.8926315789473687,19,34.182105263157894,19,63.85773684210526
98.71,11.665000000000001,31,7.272903225806452,31,4.8270967741935475,31,5.017999999999999,31,0.8926315789473687,19,34.182105263157894,19,63.85773684210526
88.14,11.665000000000001,31,7.272903225806452,31,4.8270967741935475,31,5.017999999999999,31,0.8926315789473687,19,34.182105263157894,19,63.85773684210526
67.32,11.665000000000001,31,7.272903225806452,31,4.8270967741935475,31,5.017999999999999,31,0.8926315789473687,19,34.182105263157894,19,63.85773684210526
61.13,11.034705882352942,35,6.453235294117645,35,4.269117647058825,35,5.410285714285716,35,0.8754166666666666,24,27.824166666666667,24,55.86692787114847
75.16,11.034705882352942,35,6.453235294117645,35,4.269117647058825,35,5.410285714285716,35,0.8754166666666666,24,27.824166666666667,24,55.86692787114847
59.0,11.034705882352942,35,6.453235294117645,35,4.269117647058825,35,5.410285714285716,35,0.8754166666666666,24,27.824166666666667,24,55.86692787114847
110.4,11.034705882352942,35,6.453235294117645,35,4.269117647058825,35,5.410285714285716,35,0.8754166666666666,24,27.824166666666667,24,55.86692787114847
97.98,11.034705882352942,35,6.453235294117645,35,4.269117647058825,35,5.410285714285716,35,0.8754166666666666,24,27.824166666666667,24,55.86692787114847
76.25,11.034705882352942,35,6.453235294117645,35,4.269117647058825,35,5.410285714285716,35,0.8754166666666666,24,27.824166666666667,24,55.86692787114847
95.47,14.988636363636363,44,7.722045454545454,44,4.575681818181818,44,5.151627906976745,44,0.9627777777777777,36,30.965714285714284,36,64.36648360683245
77.38,14.988636363636363,44,7.722045454545454,44,4.575681818181818,44,5.151627906976745,44,0.9627777777777777,36,30.965714285714284,36,64.36648360683245
97.89,14.988636363636363,44,7.722045454545454,44,4.575681818181818,44,5.151627906976745,44,0.9627777777777777,36,30.965714285714284,36,64.36648360683245
61.62,14.988636363636363,44,7.722045454545454,44,4.575681818181818,44,5.151627906976745,44,0.9627777777777777,36,30.965714285714284,36,64.36648360683245
74.55,14.988636363636363,44,7.722045454545454,44,4.575681818181818,44,5.151627906976745,44,0.9627777777777777,36,30.965714285714284,36,64.36648360683245
60.12,14.988636363636363,44,7.722045454545454,44,4.575681818181818,44,5.151627906976745,44,0.9627777777777777,36,30.965714285714284,36,64.36648360683245
61.15,11.735333333333333,31,5.556774193548387,31,3.4723333333333333,31,4.1690000000000005,31,0.8564705882352941,17,26.522352941176468,17,52.31226438962682
67.35,11.735333333333333,31,5.556774193548387,31,3.4723333333333333,31,4.1690000000000005,31,0.8564705882352941,17,26.522352941176468,17,52.31226438962682
80.0,11.735333333333333,31,5.556774193548387,31,3.4723333333333333,31,4.1690000000000005,31,0.8564705882352941,17,26.522352941176468,17,52.31226438962682
88.96,11.735333333333333,31,5.556774193548387,31,3.4723333333333333,31,4.1690000000000005,31,0.8564705882352941,17,26.522352941176468,17,52.31226438962682
82.85,11.735333333333333,31,5.556774193548387,31,3.4723333333333333,31,4.1690000000000005,31,0.8564705882352941,17,26.522352941176468,17,52.31226438962682
71.41,11.735333333333333,31,5.556774193548387,31,3.4723333333333333,31,4.1690000000000005,31,0.8564705882352941,17,26.522352941176468,17,52.31226438962682
65.33,11.141666666666666,37,5.633888888888887,37,3.7567567567567566,37,4.952222222222222,37,0.9188,26,25.3504,26,51.75373453453452
74.57,11.141666666666666,37,5.633888888888887,37,3.7567567567567566,37,4.952222222222222,37,0.9188,26,25.3504,26,51.75373453453452
77.09,11.141666666666666,37,5.633888888888887,37,3.7567567567567566,37,4.952222222222222,37,0.9188,26,25.3504,26,51.75373453453452
18.54,11.141666666666666,37,5.633888888888887,37,3.7567567567567566,37,4.952222222222222,37,0.9188,26,25.3504,26,51.75373453453452
108.95,11.141666666666666,37,5.633888888888887,37,3.7567567567567566,37,4.952222222222222,37,0.9188,26,25.3504,26,51.75373453453452
84.76,11.141666666666666,37,5.633888888888887,37,3.7567567567567566,37,4.952222222222222,37,0.9188,26,25.3504,26,51.75373453453452
61.3,11.167500000000002,45,5.767209302325582,45,3.76,44,4.6613953488372095,44,0.8056666666666666,31,33.6032258064516,32,59.76499712428106
108.61,11.167500000000002,45,5.767209302325582,45,3.76,44,4.6613953488372095,44,0.8056666666666666,31,33.6032258064516,32,59.76499712428106
72.87,11.167500000000002,45,5.767209302325582,45,3.76,44,4.6613953488372095,44,0.8056666666666666,31,33.6032258064516,32,59.76499712428106
78.27,11.167500000000002,45,5.767209302325582,45,3.76,44,4.6613953488372095,44,0.8056666666666666,31,33.6032258064516,32,59.76499712428106
146.33,11.167500000000002,45,5.767209302325582,45,3.76,44,4.6613953488372095,44,0.8056666666666666,31,33.6032258064516,32,59.76499712428106
81.98,11.167500000000002,45,5.767209302325582,45,3.76,44,4.6613953488372095,44,0.8056666666666666,31,33.6032258064516,32,59.76499712428106
42.92,10.656499999999998,21,5.881428571428572,21,4.478095238095239,21,4.851904761904762,21,0.8992307692307695,13,35.49,13,62.25715934065934
60.75,10.656499999999998,21,5.881428571428572,21,4.478095238095239,21,4.851904761904762,21,0.8992307692307695,13,35.49,13,62.25715934065934
67.26,10.656499999999998,21,5.881428571428572,21,4.478095238095239,21,4.851904761904762,21,0.8992307692307695,13,35.49,13,62.25715934065934
74.48,10.656499999999998,21,5.881428571428572,21,4.478095238095239,21,4.851904761904762,21,0.8992307692307695,13,35.49,13,62.25715934065934
63.69,10.656499999999998,21,5.881428571428572,21,4.478095238095239,21,4.851904761904762,21,0.8992307692307695,13,35.49,13,62.25715934065934
57.86,10.656499999999998,21,5.881428571428572,21,4.478095238095239,21,4.851904761904762,21,0.8992307692307695,13,35.49,13,62.25715934065934
51.08,10.363181818181818,23,6.176363636363638,23,3.6773913043478266,23,4.529565217391304,23,0.746,15,22.888666666666666,15,48.38116864295125
65.83,10.363181818181818,23,6.176363636363638,23,3.6773913043478266,23,4.529565217391304,23,0.746,15,22.888666666666666,15,48.38116864295125
87.64,10.363181818181818,23,6.176363636363638,23,3.6773913043478266,23,4.529565217391304,23,0.746,15,22.888666666666666,15,48.38116864295125
59.64,10.363181818181818,23,6.176363636363638,23,3.6773913043478266,23,4.529565217391304,23,0.746,15,22.888666666666666,15,48.38116864295125
51.18,10.363181818181818,23,6.176363636363638,23,3.6773913043478266,23,4.529565217391304,23,0.746,15,22.888666666666666,15,48.38116864295125
49.35,10.363181818181818,23,6.176363636363638,23,3.6773913043478266,23,4.529565217391304,23,0.746,15,22.888666666666666,15,48.38116864295125
73.3,10.878947368421052,39,6.061578947368421,39,3.8,39,4.350526315789473,39,0.8465384615384614,27,26.199629629629634,27,52.13722072274705
80.0,10.878947368421052,39,6.061578947368421,39,3.8,39,4.350526315789473,39,0.8465384615384614,27,26.199629629629634,27,52.13722072274705
50.02,10.878947368421052,39,6.061578947368421,39,3.8,39,4.350526315789473,39,0.8465384615384614,27,26.199629629629634,27,52.13722072274705
56.07,10.878947368421052,39,6.061578947368421,39,3.8,39,4.350526315789473,39,0.8465384615384614,27,26.199629629629634,27,52.13722072274705
60.73,10.878947368421052,39,6.061578947368421,39,3.8,39,4.350526315789473,39,0.8465384615384614,27,26.199629629629634,27,52.13722072274705
50.92,10.878947368421052,39,6.061578947368421,39,3.8,39,4.350526315789473,39,0.8465384615384614,27,26.199629629629634,27,52.13722072274705
58.66,11.473333333333334,34,5.309090909090908,34,3.508529411764707,34,4.79,34,0.8400000000000001,20,25.136842105263156,20,51.0577957594521
66.43,11.473333333333334,34,5.309090909090908,34,3.508529411764707,34,4.79,34,0.8400000000000001,20,25.136842105263156,20,51.0577957594521
64.7,11.473333333333334,34,5.309090909090908,34,3.508529411764707,34,4.79,34,0.8400000000000001,20,25.136842105263156,20,51.0577957594521
59.1,11.473333333333334,34,5.309090909090908,34,3.508529411764707,34,4.79,34,0.8400000000000001,20,25.136842105263156,20,51.0577957594521
60.37,11.473333333333334,34,5.309090909090908,34,3.508529411764707,34,4.79,34,0.8400000000000001,20,25.136842105263156,20,51.0577957594521
54.89,11.473333333333334,34,5.309090909090908,34,3.508529411764707,34,4.79,34,0.8400000000000001,20,25.136842105263156,20,51.0577957594521
66.15,11.824883720930233,44,6.581136363636362,44,4.552045454545455,44,4.884651162790699,44,0.9789285714285715,28,23.968888888888888,28,52.79053416222021
97.77,11.824883720930233,44,6.581136363636362,44,4.552045454545455,44,4.884651162790699,44,0.9789285714285715,28,23.968888888888888,28,52.79053416222021
60.55,11.824883720930233,44,6.581136363636362,44,4.552045454545455,44,4.884651162790699,44,0.9789285714285715,28,23.968888888888888,28,52.79053416222021
54.81,11.824883720930233,44,6.581136363636362,44,4.552045454545455,44,4.884651162790699,44,0.9789285714285715,28,23.968888888888888,28,52.79053416222021
55.76,11.824883720930233,44,6.581136363636362,44,4.552045454545455,44,4.884651162790699,44,0.9789285714285715,28,23.968888888888888,28,52.79053416222021
49.82,11.824883720930233,44,6.581136363636362,44,4.552045454545455,44,4.884651162790699,44,0.9789285714285715,28,23.968888888888888,28,52.79053416222021
56.51,10.273225806451611,32,5.781290322580646,32,3.8325806451612903,32,4.750322580645163,32,0.9004545454545454,22,20.611904761904768,22,46.149778662198024
85.31,10.273225806451611,32,5.781290322580646,32,3.8325806451612903,32,4.750322580645163,32,0.9004545454545454,22,20.611904761904768,22,46.149778662198024
56.43,10.273225806451611,32,5.781290322580646,32,3.8325806451612903,32,4.750322580645163,32,0.9004545454545454,22,20.611904761904768,22,46.149778662198024
62.13,10.273225806451611,32,5.781290322580646,32,3.8325806451612903,32,4.750322580645163,32,0.9004545454545454,22,20.611904761904768,22,46.149778662198024
64.02,10.273225806451611,32,5.781290322580646,32,3.8325806451612903,32,4.750322580645163,32,0.9004545454545454,22,20.611904761904768,22,46.149778662198024
48.05,10.273225806451611,32,5.781290322580646,32,3.8325806451612903,32,4.750322580645163,32,0.9004545454545454,22,20.611904761904768,22,46.149778662198024
88.98,10.30909090909091,22,5.029047619047618,22,3.320952380952381,22,3.995454545454545,22,0.6676923076923077,13,22.293076923076928,13,45.615314685314694
61.81,10.30909090909091,22,5.029047619047618,22,3.320952380952381,22,3.995454545454545,22,0.6676923076923077,13,22.293076923076928,13,45.615314685314694
137.77,10.30909090909091,22,5.029047619047618,22,3.320952380952381,22,3.995454545454545,22,0.6676923076923077,13,22.293076923076928,13,45.615314685314694
65.18,10.30909090909091,22,5.029047619047618,22,3.320952380952381,22,3.995454545454545,22,0.6676923076923077,13,22.293076923076928,13,45.615314685314694
62.72,10.30909090909091,22,5.029047619047618,22,3.320952380952381,22,3.995454545454545,22,0.6676923076923077,13,22.293076923076928,13,45.615314685314694
83.69,10.30909090909091,22,5.029047619047618,22,3.320952380952381,22,3.995454545454545,22,0.6676923076923077,13,22.293076923076928,13,45.615314685314694
99.49,9.713333333333335,12,5.453333333333333,12,3.5025,12,4.1875,12,0.7585714285714287,7,28.342857142857138,7,51.95809523809524
48.31,9.713333333333335,12,5.453333333333333,12,3.5025,12,4.1875,12,0.7585714285714287,7,28.342857142857138,7,51.95809523809524
57.66,9.713333333333335,12,5.453333333333333,12,3.5025,12,4.1875,12,0.7585714285714287,7,28.342857142857138,7,51.95809523809524
62.75,9.713333333333335,12,5.453333333333333,12,3.5025,12,4.1875,12,0.7585714285714287,7,28.342857142857138,7,51.95809523809524
104.03,9.713333333333335,12,5.453333333333333,12,3.5025,12,4.1875,12,0.7585714285714287,7,28.342857142857138,7,51.95809523809524
275.22,9.713333333333335,12,5.453333333333333,12,3.5025,12,4.1875,12,0.7585714285714287,7,28.342857142857138,7,51.95809523809524
121.42,12.996666666666668,28,7.546666666666666,28,4.750740740740741,28,5.624074074074074,28,0.9199999999999999,19,41.60105263157896,19,73.43920077972712
141.33,12.996666666666668,28,7.546666666666666,28,4.750740740740741,28,5.624074074074074,28,0.9199999999999999,19,41.60105263157896,19,73.43920077972712
228.31,12.996666666666668,28,7.546666666666666,28,4.750740740740741,28,5.624074074074074,28,0.9199999999999999,19,41.60105263157896,19,73.43920077972712
150.39,12.996666666666668,28,7.546666666666666,28,4.750740740740741,28,5.624074074074074,28,0.9199999999999999,19,41.60105263157896,19,73.43920077972712
132.9,12.996666666666668,28,7.546666666666666,28,4.750740740740741,28,5.624074074074074,28,0.9199999999999999,19,41.60105263157896,19,73.43920077972712
303.0,12.996666666666668,28,7.546666666666666,28,4.750740740740741,28,5.624074074074074,28,0.9199999999999999,19,41.60105263157896,19,73.43920077972712
115.74,12.641612903225807,32,6.085161290322581,32,4.378125000000001,32,6.983870967741935,32,1.2514285714285716,21,47.0852380952381,21,78.42543682795699
76.74,12.641612903225807,32,6.085161290322581,32,4.378125000000001,32,6.983870967741935,32,1.2514285714285716,21,47.0852380952381,21,78.42543682795699
70.11,12.641612903225807,32,6.085161290322581,32,4.378125000000001,32,6.983870967741935,32,1.2514285714285716,21,47.0852380952381,21,78.42543682795699
61.5,12.641612903225807,32,6.085161290322581,32,4.378125000000001,32,6.983870967741935,32,1.2514285714285716,21,47.0852380952381,21,78.42543682795699
67.76,12.641612903225807,32,6.085161290322581,32,4.378125000000001,32,6.983870967741935,32,1.2514285714285716,21,47.0852380952381,21,78.42543682795699
76.19,12.641612903225807,32,6.085161290322581,32,4.378125000000001,32,6.983870967741935,32,1.2514285714285716,21,47.0852380952381,21,78.42543682795699
85.46,17.86965517241379,30,13.082666666666666,30,6.124827586206897,30,7.2299999999999995,30,1.1881818181818182,22,39.56227272727272,22,85.0576039707419
122.44,17.86965517241379,30,13.082666666666666,30,6.124827586206897,30,7.2299999999999995,30,1.1881818181818182,22,39.56227272727272,22,85.0576039707419
173.13,17.86965517241379,30,13.082666666666666,30,6.124827586206897,30,7.2299999999999995,30,1.1881818181818182,22,39.56227272727272,22,85.0576039707419
64.17,17.86965517241379,30,13.082666666666666,30,6.124827586206897,30,7.2299999999999995,30,1.1881818181818182,22,39.56227272727272,22,85.0576039707419
223.65,17.86965517241379,30,13.082666666666666,30,6.124827586206897,30,7.2299999999999995,30,1.1881818181818182,22,39.56227272727272,22,85.0576039707419
122.47,17.86965517241379,30,13.082666666666666,30,6.124827586206897,30,7.2299999999999995,30,1.1881818181818182,22,39.56227272727272,22,85.0576039707419
65.81,11.02911111111111,47,5.074666666666667,47,3.7543478260869567,47,5.653913043478259,47,0.8783870967741935,31,38.708333333333336,31,65.09875907745052
109.01,11.02911111111111,47,5.074666666666667,47,3.7543478260869567,47,5.653913043478259,47,0.8783870967741935,31,38.708333333333336,31,65.09875907745052
125.49,11.02911111111111,47,5.074666666666667,47,3.7543478260869567,47,5.653913043478259,47,0.8783870967741935,31,38.708333333333336,31,65.09875907745052
64.5,11.02911111111111,47,5.074666666666667,47,3.7543478260869567,47,5.653913043478259,47,0.8783870967741935,31,38.708333333333336,31,65.09875907745052
88.63,11.02911111111111,47,5.074666666666667,47,3.7543478260869567,47,5.653913043478259,47,0.8783870967741935,31,38.708333333333336,31,65.09875907745052
57.18,11.02911111111111,47,5.074666666666667,47,3.7543478260869567,47,5.653913043478259,47,0.8783870967741935,31,38.708333333333336,31,65.09875907745052
76.28,9.778499999999998,41,5.035000000000001,41,3.297249999999999,41,4.193,41,0.8266666666666668,27,44.769259259259265,27,67.89967592592592
114.32,9.778499999999998,41,5.035000000000001,41,3.297249999999999,41,4.193,41,0.8266666666666668,27,44.769259259259265,27,67.89967592592592
89.9,9.778499999999998,41,5.035000000000001,41,3.297249999999999,41,4.193,41,0.8266666666666668,27,44.769259259259265,27,67.89967592592592
94.45,9.778499999999998,41,5.035000000000001,41,3.297249999999999,41,4.193,41,0.8266666666666668,27,44.769259259259265,27,67.89967592592592
78.88,9.778499999999998,41,5.035000000000001,41,3.297249999999999,41,4.193,41,0.8266666666666668,27,44.769259259259265,27,67.89967592592592
114.13,9.778499999999998,41,5.035000000000001,41,3.297249999999999,41,4.193,41,0.8266666666666668,27,44.769259259259265,27,67.89967592592592
72.88,10.1402,52,5.181960784313726,52,3.547884615384616,52,4.744509803921568,52,0.8154999999999999,40,38.15599999999999,40,62.5860552036199
62.61,10.1402,52,5.181960784313726,52,3.547884615384616,52,4.744509803921568,52,0.8154999999999999,40,38.15599999999999,40,62.5860552036199
75.29,10.1402,52,5.181960784313726,52,3.547884615384616,52,4.744509803921568,52,0.8154999999999999,40,38.15599999999999,40,62.5860552036199
71.54,10.1402,52,5.181960784313726,52,3.547884615384616,52,4.744509803921568,52,0.8154999999999999,40,38.15599999999999,40,62.5860552036199
100.29,10.1402,52,5.181960784313726,52,3.547884615384616,52,4.744509803921568,52,0.8154999999999999,40,38.15599999999999,40,62.5860552036199
84.75,10.1402,52,5.181960784313726,52,3.547884615384616,52,4.744509803921568,52,0.8154999999999999,40,38.15599999999999,40,62.5860552036199
74.38,8.779230769230768,13,4.624615384615385,13,3.2499999999999996,13,4.186153846153847,13,0.7644444444444444,9,26.215555555555554,9,47.81999999999999
56.8,8.779230769230768,13,4.624615384615385,13,3.2499999999999996,13,4.186153846153847,13,0.7644444444444444,9,26.215555555555554,9,47.81999999999999
57.57,8.779230769230768,13,4.624615384615385,13,3.2499999999999996,13,4.186153846153847,13,0.7644444444444444,9,26.215555555555554,9,47.81999999999999
59.02,8.779230769230768,13,4.624615384615385,13,3.2499999999999996,13,4.186153846153847,13,0.7644444444444444,9,26.215555555555554,9,47.81999999999999
60.81,8.779230769230768,13,4.624615384615385,13,3.2499999999999996,13,4.186153846153847,13,0.7644444444444444,9,26.215555555555554,9,47.81999999999999
58.45,8.779230769230768,13,4.624615384615385,13,3.2499999999999996,13,4.186153846153847,13,0.7644444444444444,9,26.215555555555554,9,47.81999999999999
54.19,10.724705882352941,18,4.114705882352941,18,2.9666666666666663,18,3.831176470588235,18,0.757,10,23.73,10,46.124254901960775
55.09,10.724705882352941,18,4.114705882352941,18,2.9666666666666663,18,3.831176470588235,18,0.757,10,23.73,10,46.124254901960775
130.06,10.724705882352941,18,4.114705882352941,18,2.9666666666666663,18,3.831176470588235,18,0.757,10,23.73,10,46.124254901960775
54.64,10.724705882352941,18,4.114705882352941,18,2.9666666666666663,18,3.831176470588235,18,0.757,10,23.73,10,46.124254901960775
40.5,10.724705882352941,18,4.114705882352941,18,2.9666666666666663,18,3.831176470588235,18,0.757,10,23.73,10,46.124254901960775
46.91,9.268461538461539,13,4.773076923076924,13,2.9033333333333338,13,7.361538461538459,13,0.7412499999999999,8,24.5475,8,49.59516025641025
60.75,9.268461538461539,13,4.773076923076924,13,2.9033333333333338,13,7.361538461538459,13,0.7412499999999999,8,24.5475,8,49.59516025641025
53.77,9.268461538461539,13,4.773076923076924,13,2.9033333333333338,13,7.361538461538459,13,0.7412499999999999,8,24.5475,8,49.59516025641025
59.53,9.268461538461539,13,4.773076923076924,13,2.9033333333333338,13,7.361538461538459,13,0.7412499999999999,8,24.5475,8,49.59516025641025
78.64,9.268461538461539,13,4.773076923076924,13,2.9033333333333338,13,7.361538461538459,13,0.7412499999999999,8,24.5475,8,49.59516025641025
61.81,9.268461538461539,13,4.773076923076924,13,2.9033333333333338,13,7.361538461538459,13,0.7412499999999999,8,24.5475,8,49.59516025641025
73.95,11.9124,26,5.5516,26,4.1468,26,4.922307692307693,26,0.7609999999999999,21,44.57285714285714,21,71.86696483516482
61.9,11.9124,26,5.5516,26,4.1468,26,4.922307692307693,26,0.7609999999999999,21,44.57285714285714,21,71.86696483516482
54.6,11.9124,26,5.5516,26,4.1468,26,4.922307692307693,26,0.7609999999999999,21,44.57285714285714,21,71.86696483516482
63.37,11.9124,26,5.5516,26,4.1468,26,4.922307692307693,26,0.7609999999999999,21,44.57285714285714,21,71.86696483516482
59.51,11.9124,26,5.5516,26,4.1468,26,4.922307692307693,26,0.7609999999999999,21,44.57285714285714,21,71.86696483516482
64.9,11.9124,26,5.5516,26,4.1468,26,4.922307692307693,26,0.7609999999999999,21,44.57285714285714,21,71.86696483516482
52.45,14.690689655172413,29,6.622857142857143,29,4.620689655172414,29,5.077142857142857,29,0.9477777777777777,18,19.650000000000002,18,51.6091570881226
73.21,14.690689655172413,29,6.622857142857143,29,4.620689655172414,29,5.077142857142857,29,0.9477777777777777,18,19.650000000000002,18,51.6091570881226
66.09,14.690689655172413,29,6.622857142857143,29,4.620689655172414,29,5.077142857142857,29,0.9477777777777777,18,19.650000000000002,18,51.6091570881226
74.6,14.690689655172413,29,6.622857142857143,29,4.620689655172414,29,5.077142857142857,29,0.9477777777777777,18,19.650000000000002,18,51.6091570881226
62.96,14.690689655172413,29,6.622857142857143,29,4.620689655172414,29,5.077142857142857,29,0.9477777777777777,18,19.650000000000002,18,51.6091570881226
72.67,14.690689655172413,29,6.622857142857143,29,4.620689655172414,29,5.077142857142857,29,0.9477777777777777,18,19.650000000000002,18,51.6091570881226
65.45,14.512499999999996,45,7.619545454545454,45,4.890681818181819,45,5.746590909090909,45,1.0074999999999998,29,47.743793103448276,29,81.52061128526645
65.48,14.512499999999996,45,7.619545454545454,45,4.890681818181819,45,5.746590909090909,45,1.0074999999999998,29,47.743793103448276,29,81.52061128526645
98.68,14.512499999999996,45,7.619545454545454,45,4.890681818181819,45,5.746590909090909,45,1.0074999999999998,29,47.743793103448276,29,81.52061128526645
60.71,14.512499999999996,45,7.619545454545454,45,4.890681818181819,45,5.746590909090909,45,1.0074999999999998,29,47.743793103448276,29,81.52061128526645
90.12,14.512499999999996,45,7.619545454545454,45,4.890681818181819,45,5.746590909090909,45,1.0074999999999998,29,47.743793103448276,29,81.52061128526645
72.95,14.512499999999996,45,7.619545454545454,45,4.890681818181819,45,5.746590909090909,45,1.0074999999999998,29,47.743793103448276,29,81.52061128526645
67.52,13.008333333333335,25,6.733199999999999,25,4.3828000000000005,25,5.264166666666667,25,0.70125,16,22.646875,16,52.736625000000004
74.92,13.008333333333335,25,6.733199999999999,25,4.3828000000000005,25,5.264166666666667,25,0.70125,16,22.646875,16,52.736625000000004
91.58,13.008333333333335,25,6.733199999999999,25,4.3828000000000005,25,5.264166666666667,25,0.70125,16,22.646875,16,52.736625000000004
86.04,13.008333333333335,25,6.733199999999999,25,4.3828000000000005,25,5.264166666666667,25,0.70125,16,22.646875,16,52.736625000000004
113.27,13.008333333333335,25,6.733199999999999,25,4.3828000000000005,25,5.264166666666667,25,0.70125,16,22.646875,16,52.736625000000004
87.99,13.008333333333335,25,6.733199999999999,25,4.3828000000000005,25,5.264166666666667,25,0.70125,16,22.646875,16,52.736625000000004
79.07,12.231363636363636,45,6.575116279069767,45,4.575454545454545,45,7.52431818181818,45,0.9566666666666666,31,35.366,31,67.2289193093728
76.61,12.231363636363636,45,6.575116279069767,45,4.575454545454545,45,7.52431818181818,45,0.9566666666666666,31,35.366,31,67.2289193093728
90.98,12.231363636363636,45,6.575116279069767,45,4.575454545454545,45,7.52431818181818,45,0.9566666666666666,31,35.366,31,67.2289193093728
75.44,12.231363636363636,45,6.575116279069767,45,4.575454545454545,45,7.52431818181818,45,0.9566666666666666,31,35.366,31,67.2289193093728
65.55,12.231363636363636,45,6.575116279069767,45,4.575454545454545,45,7.52431818181818,45,0.9566666666666666,31,35.366,31,67.2289193093728
68.39,12.231363636363636,45,6.575116279069767,45,4.575454545454545,45,7.52431818181818,45,0.9566666666666666,31,35.366,31,67.2289193093728
113.81,13.747241379310344,30,5.787931034482758,30,3.929000000000001,30,4.855333333333332,30,0.797222222222222,18,28.549444444444443,18,57.6661724137931
81.77,13.747241379310344,30,5.787931034482758,30,3.929000000000001,30,4.855333333333332,30,0.797222222222222,18,28.549444444444443,18,57.6661724137931
73.35,13.747241379310344,30,5.787931034482758,30,3.929000000000001,30,4.855333333333332,30,0.797222222222222,18,28.549444444444443,18,57.6661724137931
104.02,13.747241379310344,30,5.787931034482758,30,3.929000000000001,30,4.855333333333332,30,0.797222222222222,18,28.549444444444443,18,57.6661724137931
76.5,13.747241379310344,30,5.787931034482758,30,3.929000000000001,30,4.855333333333332,30,0.797222222222222,18,28.549444444444443,18,57.6661724137931
104.84,13.747241379310344,30,5.787931034482758,30,3.929000000000001,30,4.855333333333332,30,0.797222222222222,18,28.549444444444443,18,57.6661724137931
74.19,15.121935483870967,32,9.90032258064516,32,5.104333333333333,31,5.6370000000000005,31,0.934090909090909,23,23.680909090909093,23,60.37859139784947
53.86,15.121935483870967,32,9.90032258064516,32,5.104333333333333,31,5.6370000000000005,31,0.934090909090909,23,23.680909090909093,23,60.37859139784947
76.81,15.121935483870967,32,9.90032258064516,32,5.104333333333333,31,5.6370000000000005,31,0.934090909090909,23,23.680909090909093,23,60.37859139784947
64.56,15.121935483870967,32,9.90032258064516,32,5.104333333333333,31,5.6370000000000005,31,0.934090909090909,23,23.680909090909093,23,60.37859139784947
101.4,15.121935483870967,32,9.90032258064516,32,5.104333333333333,31,5.6370000000000005,31,0.934090909090909,23,23.680909090909093,23,60.37859139784947
70.11,15.121935483870967,32,9.90032258064516,32,5.104333333333333,31,5.6370000000000005,31,0.934090909090909,23,23.680909090909093,23,60.37859139784947
63.35,12.412068965517241,30,6.590999999999998,30,4.73448275862069,30,5.672666666666667,30,1.0635000000000001,20,28.6915,20,59.1652183908046
62.07,12.412068965517241,30,6.590999999999998,30,4.73448275862069,30,5.672666666666667,30,1.0635000000000001,20,28.6915,20,59.1652183908046
68.27,12.412068965517241,30,6.590999999999998,30,4.73448275862069,30,5.672666666666667,30,1.0635000000000001,20,28.6915,20,59.1652183908046
61.7,12.412068965517241,30,6.590999999999998,30,4.73448275862069,30,5.672666666666667,30,1.0635000000000001,20,28.6915,20,59.1652183908046
59.49,12.412068965517241,30,6.590999999999998,30,4.73448275862069,30,5.672666666666667,30,1.0635000000000001,20,28.6915,20,59.1652183908046
64.0,12.412068965517241,30,6.590999999999998,30,4.73448275862069,30,5.672666666666667,30,1.0635000000000001,20,28.6915,20,59.1652183908046
64.33,13.931136363636362,46,6.862222222222223,46,4.43911111111111,46,5.235217391304347,46,0.8835483870967742,31,31.377741935483865,31,62.72897741085469
55.8,13.931136363636362,46,6.862222222222223,46,4.43911111111111,46,5.235217391304347,46,0.8835483870967742,31,31.377741935483865,31,62.72897741085469
66.17,13.931136363636362,46,6.862222222222223,46,4.43911111111111,46,5.235217391304347,46,0.8835483870967742,31,31.377741935483865,31,62.72897741085469
71.92,13.931136363636362,46,6.862222222222223,46,4.43911111111111,46,5.235217391304347,46,0.8835483870967742,31,31.377741935483865,31,62.72897741085469
65.83,13.931136363636362,46,6.862222222222223,46,4.43911111111111,46,5.235217391304347,46,0.8835483870967742,31,31.377741935483865,31,62.72897741085469
58.52,13.931136363636362,46,6.862222222222223,46,4.43911111111111,46,5.235217391304347,46,0.8835483870967742,31,31.377741935483865,31,62.72897741085469
102.49,11.693783783783784,38,6.553513513513513,38,4.543243243243242,38,5.369459459459458,38,0.8696153846153845,27,31.918888888888894,27,60.94850427350428
61.68,11.693783783783784,38,6.553513513513513,38,4.543243243243242,38,5.369459459459458,38,0.8696153846153845,27,31.918888888888894,27,60.94850427350428
76.21,11.693783783783784,38,6.553513513513513,38,4.543243243243242,38,5.369459459459458,38,0.8696153846153845,27,31.918888888888894,27,60.94850427350428
66.97,11.693783783783784,38,6.553513513513513,38,4.543243243243242,38,5.369459459459458,38,0.8696153846153845,27,31.918888888888894,27,60.94850427350428
69.78,11.693783783783784,38,6.553513513513513,38,4.543243243243242,38,5.369459459459458,38,0.8696153846153845,27,31.918888888888894,27,60.94850427350428
141.19,11.693783783783784,38,6.553513513513513,38,4.543243243243242,38,5.369459459459458,38,0.8696153846153845,27,31.918888888888894,27,60.94850427350428
58.94,15.538437500000002,33,7.429687500000001,33,4.50909090909091,33,4.8409375,33,0.7494117647058823,17,24.582352941176474,17,57.649918114973275
70.15,15.538437500000002,33,7.429687500000001,33,4.50909090909091,33,4.8409375,33,0.7494117647058823,17,24.582352941176474,17,57.649918114973275
77.05,15.538437500000002,33,7.429687500000001,33,4.50909090909091,33,4.8409375,33,0.7494117647058823,17,24.582352941176474,17,57.649918114973275
83.06,15.538437500000002,33,7.429687500000001,33,4.50909090909091,33,4.8409375,33,0.7494117647058823,17,24.582352941176474,17,57.649918114973275
70.83,15.538437500000002,33,7.429687500000001,33,4.50909090909091,33,4.8409375,33,0.7494117647058823,17,24.582352941176474,17,57.649918114973275
85.52,15.538437500000002,33,7.429687500000001,33,4.50909090909091,33,4.8409375,33,0.7494117647058823,17,24.582352941176474,17,57.649918114973275
55.45,12.857111111111113,46,7.173555555555554,46,4.436444444444446,46,5.294782608695652,46,0.8776666666666667,31,25.529333333333337,31,56.16889371980678
66.75,12.857111111111113,46,7.173555555555554,46,4.436444444444446,46,5.294782608695652,46,0.8776666666666667,31,25.529333333333337,31,56.16889371980678
64.25,12.857111111111113,46,7.173555555555554,46,4.436444444444446,46,5.294782608695652,46,0.8776666666666667,31,25.529333333333337,31,56.16889371980678
108.22,12.857111111111113,46,7.173555555555554,46,4.436444444444446,46,5.294782608695652,46,0.8776666666666667,31,25.529333333333337,31,56.16889371980678
61.66,12.857111111111113,46,7.173555555555554,46,4.436444444444446,46,5.294782608695652,46,0.8776666666666667,31,25.529333333333337,31,56.16889371980678
94.26,12.857111111111113,46,7.173555555555554,46,4.436444444444446,46,5.294782608695652,46,0.8776666666666667,31,25.529333333333337,31,56.16889371980678
68.53,11.46258064516129,32,6.6915625,32,3.927419354838709,32,4.742187499999999,32,0.8314999999999999,20,23.216,20,50.87125
71.83,11.46258064516129,32,6.6915625,32,3.927419354838709,32,4.742187499999999,32,0.8314999999999999,20,23.216,20,50.87125
65.26,11.46258064516129,32,6.6915625,32,3.927419354838709,32,4.742187499999999,32,0.8314999999999999,20,23.216,20,50.87125
66.88,11.46258064516129,32,6.6915625,32,3.927419354838709,32,4.742187499999999,32,0.8314999999999999,20,23.216,20,50.87125
75.39,11.46258064516129,32,6.6915625,32,3.927419354838709,32,4.742187499999999,32,0.8314999999999999,20,23.216,20,50.87125
48.42,11.46258064516129,32,6.6915625,32,3.927419354838709,32,4.742187499999999,32,0.8314999999999999,20,23.216,20,50.87125
69.99,15.98560975609756,42,7.67341463414634,42,5.262619047619048,42,5.558780487804878,42,0.9521428571428572,28,30.073333333333338,28,65.50590011614402
63.91,15.98560975609756,42,7.67341463414634,42,5.262619047619048,42,5.558780487804878,42,0.9521428571428572,28,30.073333333333338,28,65.50590011614402
86.29,15.98560975609756,42,7.67341463414634,42,5.262619047619048,42,5.558780487804878,42,0.9521428571428572,28,30.073333333333338,28,65.50590011614402
73.52,15.98560975609756,42,7.67341463414634,42,5.262619047619048,42,5.558780487804878,42,0.9521428571428572,28,30.073333333333338,28,65.50590011614402
76.72,15.98560975609756,42,7.67341463414634,42,5.262619047619048,42,5.558780487804878,42,0.9521428571428572,28,30.073333333333338,28,65.50590011614402
81.83,15.98560975609756,42,7.67341463414634,42,5.262619047619048,42,5.558780487804878,42,0.9521428571428572,28,30.073333333333338,28,65.50590011614402
66.84,12.11166666666667,55,6.578703703703703,55,4.172407407407408,55,5.219272727272725,55,0.8439534883720932,43,29.523023255813964,43,58.449027249236565
60.53,12.11166666666667,55,6.578703703703703,55,4.172407407407408,55,5.219272727272725,55,0.8439534883720932,43,29.523023255813964,43,58.449027249236565
66.74,12.11166666666667,55,6.578703703703703,55,4.172407407407408,55,5.219272727272725,55,0.8439534883720932,43,29.523023255813964,43,58.449027249236565
86.92,12.11166666666667,55,6.578703703703703,55,4.172407407407408,55,5.219272727272725,55,0.8439534883720932,43,29.523023255813964,43,58.449027249236565
75.89,12.11166666666667,55,6.578703703703703,55,4.172407407407408,55,5.219272727272725,55,0.8439534883720932,43,29.523023255813964,43,58.449027249236565
147.38,12.11166666666667,55,6.578703703703703,55,4.172407407407408,55,5.219272727272725,55,0.8439534883720932,43,29.523023255813964,43,58.449027249236565
52.72,11.161627906976744,44,5.990697674418606,44,3.7320930232558145,44,4.727906976744187,44,0.795,25,29.4028,25,55.81012558139535
73.42,11.161627906976744,44,5.990697674418606,44,3.7320930232558145,44,4.727906976744187,44,0.795,25,29.4028,25,55.81012558139535
74.7,11.161627906976744,44,5.990697674418606,44,3.7320930232558145,44,4.727906976744187,44,0.795,25,29.4028,25,55.81012558139535
99.63,11.161627906976744,44,5.990697674418606,44,3.7320930232558145,44,4.727906976744187,44,0.795,25,29.4028,25,55.81012558139535
111.74,11.161627906976744,44,5.990697674418606,44,3.7320930232558145,44,4.727906976744187,44,0.795,25,29.4028,25,55.81012558139535
84.0,11.161627906976744,44,5.990697674418606,44,3.7320930232558145,44,4.727906976744187,44,0.795,25,29.4028,25,55.81012558139535
99.71,13.101860465116276,44,8.740465116279069,44,5.213023255813954,44,6.367906976744186,44,0.9620689655172415,30,24.760689655172406,30,59.14601443464313
118.74,13.101860465116276,44,8.740465116279069,44,5.213023255813954,44,6.367906976744186,44,0.9620689655172415,30,24.760689655172406,30,59.14601443464313
108.1,13.101860465116276,44,8.740465116279069,44,5.213023255813954,44,6.367906976744186,44,0.9620689655172415,30,24.760689655172406,30,59.14601443464313
112.43,13.101860465116276,44,8.740465116279069,44,5.213023255813954,44,6.367906976744186,44,0.9620689655172415,30,24.760689655172406,30,59.14601443464313
118.77,13.101860465116276,44,8.740465116279069,44,5.213023255813954,44,6.367906976744186,44,0.9620689655172415,30,24.760689655172406,30,59.14601443464313
61.56,13.101860465116276,44,8.740465116279069,44,5.213023255813954,44,6.367906976744186,44,0.9620689655172415,30,24.760689655172406,30,59.14601443464313
85.51,12.549736842105267,40,9.202820512820514,40,5.781315789473684,39,5.880526315789474,39,0.9214814814814816,28,32.23035714285715,28,66.56623808452757
102.5,12.549736842105267,40,9.202820512820514,40,5.781315789473684,39,5.880526315789474,39,0.9214814814814816,28,32.23035714285715,28,66.56623808452757
81.75,12.549736842105267,40,9.202820512820514,40,5.781315789473684,39,5.880526315789474,39,0.9214814814814816,28,32.23035714285715,28,66.56623808452757
72.47,12.549736842105267,40,9.202820512820514,40,5.781315789473684,39,5.880526315789474,39,0.9214814814814816,28,32.23035714285715,28,66.56623808452757
68.74,12.549736842105267,40,9.202820512820514,40,5.781315789473684,39,5.880526315789474,39,0.9214814814814816,28,32.23035714285715,28,66.56623808452757
76.25,12.549736842105267,40,9.202820512820514,40,5.781315789473684,39,5.880526315789474,39,0.9214814814814816,28,32.23035714285715,28,66.56623808452757
72.32,11.503555555555554,46,6.404888888888888,46,4.301739130434783,46,5.298695652173912,46,0.8796969696969696,33,28.40757575757576,33,56.796151954325865
75.79,11.503555555555554,46,6.404888888888888,46,4.301739130434783,46,5.298695652173912,46,0.8796969696969696,33,28.40757575757576,33,56.796151954325865
58.42,11.503555555555554,46,6.404888888888888,46,4.301739130434783,46,5.298695652173912,46,0.8796969696969696,33,28.40757575757576,33,56.796151954325865
70.54,11.503555555555554,46,6.404888888888888,46,4.301739130434783,46,5.298695652173912,46,0.8796969696969696,33,28.40757575757576,33,56.796151954325865
65.34,11.503555555555554,46,6.404888888888888,46,4.301739130434783,46,5.298695652173912,46,0.8796969696969696,33,28.40757575757576,33,56.796151954325865
69.52,11.503555555555554,46,6.404888888888888,46,4.301739130434783,46,5.298695652173912,46,0.8796969696969696,33,28.40757575757576,33,56.796151954325865
73.07,13.000930232558138,44,8.095813953488374,44,4.646428571428571,44,5.576976744186047,44,0.8587499999999998,24,22.219565217391306,24,54.39846471905244
141.82,13.000930232558138,44,8.095813953488374,44,4.646428571428571,44,5.576976744186047,44,0.8587499999999998,24,22.219565217391306,24,54.39846471905244
129.67,13.000930232558138,44,8.095813953488374,44,4.646428571428571,44,5.576976744186047,44,0.8587499999999998,24,22.219565217391306,24,54.39846471905244
90.4,13.000930232558138,44,8.095813953488374,44,4.646428571428571,44,5.576976744186047,44,0.8587499999999998,24,22.219565217391306,24,54.39846471905244
66.93,13.000930232558138,44,8.095813953488374,44,4.646428571428571,44,5.576976744186047,44,0.8587499999999998,24,22.219565217391306,24,54.39846471905244
74.33,13.000930232558138,44,8.095813953488374,44,4.646428571428571,44,5.576976744186047,44,0.8587499999999998,24,22.219565217391306,24,54.39846471905244
70.9,12.759772727272729,46,6.962666666666666,46,4.231777777777779,46,4.985227272727273,46,0.7807692307692307,27,25.7037037037037,27,55.42391737891737
101.35,12.759772727272729,46,6.962666666666666,46,4.231777777777779,46,4.985227272727273,46,0.7807692307692307,27,25.7037037037037,27,55.42391737891737
85.54,12.759772727272729,46,6.962666666666666,46,4.231777777777779,46,4.985227272727273,46,0.7807692307692307,27,25.7037037037037,27,55.42391737891737
66.62,12.759772727272729,46,6.962666666666666,46,4.231777777777779,46,4.985227272727273,46,0.7807692307692307,27,25.7037037037037,27,55.42391737891737
62.27,12.759772727272729,46,6.962666666666666,46,4.231777777777779,46,4.985227272727273,46,0.7807692307692307,27,25.7037037037037,27,55.42391737891737
88.5,12.759772727272729,46,6.962666666666666,46,4.231777777777779,46,4.985227272727273,46,0.7807692307692307,27,25.7037037037037,27,55.42391737891737
77.62,12.139148936170214,48,6.756595744680851,48,4.278297872340424,48,5.406170212765957,48,0.8688235294117646,35,30.53257142857143,35,59.98160772394064
61.65,12.139148936170214,48,6.756595744680851,48,4.278297872340424,48,5.406170212765957,48,0.8688235294117646,35,30.53257142857143,35,59.98160772394064
60.65,12.139148936170214,48,6.756595744680851,48,4.278297872340424,48,5.406170212765957,48,0.8688235294117646,35,30.53257142857143,35,59.98160772394064
70.8,12.139148936170214,48,6.756595744680851,48,4.278297872340424,48,5.406170212765957,48,0.8688235294117646,35,30.53257142857143,35,59.98160772394064
74.24,12.139148936170214,48,6.756595744680851,48,4.278297872340424,48,5.406170212765957,48,0.8688235294117646,35,30.53257142857143,35,59.98160772394064
56.44,12.139148936170214,48,6.756595744680851,48,4.278297872340424,48,5.406170212765957,48,0.8688235294117646,35,30.53257142857143,35,59.98160772394064
81.71,12.995714285714287,43,6.778372093023257,43,4.147142857142859,43,4.880238095238096,43,0.7870370370370371,27,23.366923076923076,27,52.95542744507861
77.26,12.995714285714287,43,6.778372093023257,43,4.147142857142859,43,4.880238095238096,43,0.7870370370370371,27,23.366923076923076,27,52.95542744507861
63.36,12.995714285714287,43,6.778372093023257,43,4.147142857142859,43,4.880238095238096,43,0.7870370370370371,27,23.366923076923076,27,52.95542744507861
93.29,12.995714285714287,43,6.778372093023257,43,4.147142857142859,43,4.880238095238096,43,0.7870370370370371,27,23.366923076923076,27,52.95542744507861
64.13,12.995714285714287,43,6.778372093023257,43,4.147142857142859,43,4.880238095238096,43,0.7870370370370371,27,23.366923076923076,27,52.95542744507861
71.04,12.995714285714287,43,6.778372093023257,43,4.147142857142859,43,4.880238095238096,43,0.7870370370370371,27,23.366923076923076,27,52.95542744507861
68.09,12.718775510204082,51,7.77372549019608,51,4.644,51,5.1160000000000005,51,0.9425925925925925,27,24.192222222222217,27,55.38731581521497
75.02,12.718775510204082,51,7.77372549019608,51,4.644,51,5.1160000000000005,51,0.9425925925925925,27,24.192222222222217,27,55.38731581521497
75.0,12.718775510204082,51,7.77372549019608,51,4.644,51,5.1160000000000005,51,0.9425925925925925,27,24.192222222222217,27,55.38731581521497
69.75,12.718775510204082,51,7.77372549019608,51,4.644,51,5.1160000000000005,51,0.9425925925925925,27,24.192222222222217,27,55.38731581521497
55.28,12.718775510204082,51,7.77372549019608,51,4.644,51,5.1160000000000005,51,0.9425925925925925,27,24.192222222222217,27,55.38731581521497
70.26,12.718775510204082,51,7.77372549019608,51,4.644,51,5.1160000000000005,51,0.9425925925925925,27,24.192222222222217,27,55.38731581521497
86.16,11.784146341463419,43,7.7197619047619055,43,5.2297619047619035,43,5.296190476190475,43,0.8553846153846156,27,24.621851851851847,27,55.507097094414156
83.28,11.784146341463419,43,7.7197619047619055,43,5.2297619047619035,43,5.296190476190475,43,0.8553846153846156,27,24.621851851851847,27,55.507097094414156
90.04,11.784146341463419,43,7.7197619047619055,43,5.2297619047619035,43,5.296190476190475,43,0.8553846153846156,27,24.621851851851847,27,55.507097094414156
67.48,11.784146341463419,43,7.7197619047619055,43,5.2297619047619035,43,5.296190476190475,43,0.8553846153846156,27,24.621851851851847,27,55.507097094414156
69.26,11.784146341463419,43,7.7197619047619055,43,5.2297619047619035,43,5.296190476190475,43,0.8553846153846156,27,24.621851851851847,27,55.507097094414156
65.32,11.784146341463419,43,7.7197619047619055,43,5.2297619047619035,43,5.296190476190475,43,0.8553846153846156,27,24.621851851851847,27,55.507097094414156
82.59,12.586973684210525,79,7.590128205128205,79,4.344675324675325,79,5.388571428571428,79,0.9274999999999995,57,37.84070175438596,57,68.67855039697145
85.2,12.586973684210525,79,7.590128205128205,79,4.344675324675325,79,5.388571428571428,79,0.9274999999999995,57,37.84070175438596,57,68.67855039697145
98.21,12.586973684210525,79,7.590128205128205,79,4.344675324675325,79,5.388571428571428,79,0.9274999999999995,57,37.84070175438596,57,68.67855039697145
75.1,12.586973684210525,79,7.590128205128205,79,4.344675324675325,79,5.388571428571428,79,0.9274999999999995,57,37.84070175438596,57,68.67855039697145
75.41,12.586973684210525,79,7.590128205128205,79,4.344675324675325,79,5.388571428571428,79,0.9274999999999995,57,37.84070175438596,57,68.67855039697145
67.78,12.586973684210525,79,7.590128205128205,79,4.344675324675325,79,5.388571428571428,79,0.9274999999999995,57,37.84070175438596,57,68.67855039697145
73.99,12.896470588235294,53,6.480384615384613,53,4.299615384615384,53,5.1161538461538445,52,0.8679411764705882,35,28.931944444444436,36,58.59251005530416
110.15,12.896470588235294,53,6.480384615384613,53,4.299615384615384,53,5.1161538461538445,52,0.8679411764705882,35,28.931944444444436,36,58.59251005530416
68.47,12.896470588235294,53,6.480384615384613,53,4.299615384615384,53,5.1161538461538445,52,0.8679411764705882,35,28.931944444444436,36,58.59251005530416
70.43,12.896470588235294,53,6.480384615384613,53,4.299615384615384,53,5.1161538461538445,52,0.8679411764705882,35,28.931944444444436,36,58.59251005530416
78.67,12.896470588235294,53,6.480384615384613,53,4.299615384615384,53,5.1161538461538445,52,0.8679411764705882,35,28.931944444444436,36,58.59251005530416
72.97,12.896470588235294,53,6.480384615384613,53,4.299615384615384,53,5.1161538461538445,52,0.8679411764705882,35,28.931944444444436,36,58.59251005530416
109.27,12.203684210526315,60,5.86186440677966,60,4.235438596491228,58,5.224035087719299,58,0.8074358974358973,39,32.13384615384616,40,60.466304352798566
78.04,12.203684210526315,60,5.86186440677966,60,4.235438596491228,58,5.224035087719299,58,0.8074358974358973,39,32.13384615384616,40,60.466304352798566
141.31,12.203684210526315,60,5.86186440677966,60,4.235438596491228,58,5.224035087719299,58,0.8074358974358973,39,32.13384615384616,40,60.466304352798566
140.5,12.203684210526315,60,5.86186440677966,60,4.235438596491228,58,5.224035087719299,58,0.8074358974358973,39,32.13384615384616,40,60.466304352798566
147.66,12.203684210526315,60,5.86186440677966,60,4.235438596491228,58,5.224035087719299,58,0.8074358974358973,39,32.13384615384616,40,60.466304352798566
152.49,12.203684210526315,60,5.86186440677966,60,4.235438596491228,58,5.224035087719299,58,0.8074358974358973,39,32.13384615384616,40,60.466304352798566
65.1,11.848518518518517,56,6.586481481481483,56,4.199090909090911,56,4.658518518518519,56,0.7818750000000001,32,27.523225806451602,32,55.59771023406105
78.61,11.848518518518517,56,6.586481481481483,56,4.199090909090911,56,4.658518518518519,56,0.7818750000000001,32,27.523225806451602,32,55.59771023406105
91.12,11.848518518518517,56,6.586481481481483,56,4.199090909090911,56,4.658518518518519,56,0.7818750000000001,32,27.523225806451602,32,55.59771023406105
73.68,11.848518518518517,56,6.586481481481483,56,4.199090909090911,56,4.658518518518519,56,0.7818750000000001,32,27.523225806451602,32,55.59771023406105
69.42,11.848518518518517,56,6.586481481481483,56,4.199090909090911,56,4.658518518518519,56,0.7818750000000001,32,27.523225806451602,32,55.59771023406105
66.83,11.848518518518517,56,6.586481481481483,56,4.199090909090911,56,4.658518518518519,56,0.7818750000000001,32,27.523225806451602,32,55.59771023406105
133.58,12.812040816326526,51,8.409,51,5.2947058823529405,51,5.726470588235295,51,0.9163333333333337,30,28.825333333333333,30,61.98388395358143
108.33,12.812040816326526,51,8.409,51,5.2947058823529405,51,5.726470588235295,51,0.9163333333333337,30,28.825333333333333,30,61.98388395358143
84.31,12.812040816326526,51,8.409,51,5.2947058823529405,51,5.726470588235295,51,0.9163333333333337,30,28.825333333333333,30,61.98388395358143
87.36,12.812040816326526,51,8.409,51,5.2947058823529405,51,5.726470588235295,51,0.9163333333333337,30,28.825333333333333,30,61.98388395358143
66.51,12.812040816326526,51,8.409,51,5.2947058823529405,51,5.726470588235295,51,0.9163333333333337,30,28.825333333333333,30,61.98388395358143
53.21,12.812040816326526,51,8.409,51,5.2947058823529405,51,5.726470588235295,51,0.9163333333333337,30,28.825333333333333,30,61.98388395358143
77.77,11.779756097560973,42,7.369523809523809,42,4.5440476190476184,42,5.378536585365854,42,0.7795454545454547,22,27.560454545454544,22,57.411864111498254
70.3,11.779756097560973,42,7.369523809523809,42,4.5440476190476184,42,5.378536585365854,42,0.7795454545454547,22,27.560454545454544,22,57.411864111498254
77.68,11.779756097560973,42,7.369523809523809,42,4.5440476190476184,42,5.378536585365854,42,0.7795454545454547,22,27.560454545454544,22,57.411864111498254
79.28,11.779756097560973,42,7.369523809523809,42,4.5440476190476184,42,5.378536585365854,42,0.7795454545454547,22,27.560454545454544,22,57.411864111498254
83.27,11.779756097560973,42,7.369523809523809,42,4.5440476190476184,42,5.378536585365854,42,0.7795454545454547,22,27.560454545454544,22,57.411864111498254
77.67,11.779756097560973,42,7.369523809523809,42,4.5440476190476184,42,5.378536585365854,42,0.7795454545454547,22,27.560454545454544,22,57.411864111498254
91.72,12.75016666666667,63,7.549016393442621,63,5.220483870967745,63,6.0632258064516105,63,0.9026315789473686,39,34.21384615384615,39,66.69937047032217
92.28,12.75016666666667,63,7.549016393442621,63,5.220483870967745,63,6.0632258064516105,63,0.9026315789473686,39,34.21384615384615,39,66.69937047032217
103.94,12.75016666666667,63,7.549016393442621,63,5.220483870967745,63,6.0632258064516105,63,0.9026315789473686,39,34.21384615384615,39,66.69937047032217
79.27,12.75016666666667,63,7.549016393442621,63,5.220483870967745,63,6.0632258064516105,63,0.9026315789473686,39,34.21384615384615,39,66.69937047032217
81.22,12.75016666666667,63,7.549016393442621,63,5.220483870967745,63,6.0632258064516105,63,0.9026315789473686,39,34.21384615384615,39,66.69937047032217
79.82,12.75016666666667,63,7.549016393442621,63,5.220483870967745,63,6.0632258064516105,63,0.9026315789473686,39,34.21384615384615,39,66.69937047032217
87.24,13.8758,51,8.246999999999998,51,4.943673469387755,51,5.876078431372549,51,1.0448275862068968,29,30.08428571428572,29,64.07166520125293
75.48,13.8758,51,8.246999999999998,51,4.943673469387755,51,5.876078431372549,51,1.0448275862068968,29,30.08428571428572,29,64.07166520125293
79.6,13.8758,51,8.246999999999998,51,4.943673469387755,51,5.876078431372549,51,1.0448275862068968,29,30.08428571428572,29,64.07166520125293
103.35,13.8758,51,8.246999999999998,51,4.943673469387755,51,5.876078431372549,51,1.0448275862068968,29,30.08428571428572,29,64.07166520125293
97.05,13.8758,51,8.246999999999998,51,4.943673469387755,51,5.876078431372549,51,1.0448275862068968,29,30.08428571428572,29,64.07166520125293
67.95,13.8758,51,8.246999999999998,51,4.943673469387755,51,5.876078431372549,51,1.0448275862068968,29,30.08428571428572,29,64.07166520125293
58.58,12.990232558139535,44,6.736190476190477,43,4.497906976744186,44,4.92357142857143,44,0.8470000000000001,20,24.679499999999997,20,54.67440143964563
71.5,12.990232558139535,44,6.736190476190477,43,4.497906976744186,44,4.92357142857143,44,0.8470000000000001,20,24.679499999999997,20,54.67440143964563
55.92,12.990232558139535,44,6.736190476190477,43,4.497906976744186,44,4.92357142857143,44,0.8470000000000001,20,24.679499999999997,20,54.67440143964563
99.53,12.990232558139535,44,6.736190476190477,43,4.497906976744186,44,4.92357142857143,44,0.8470000000000001,20,24.679499999999997,20,54.67440143964563
83.67,12.990232558139535,44,6.736190476190477,43,4.497906976744186,44,4.92357142857143,44,0.8470000000000001,20,24.679499999999997,20,54.67440143964563
73.3,12.990232558139535,44,6.736190476190477,43,4.497906976744186,44,4.92357142857143,44,0.8470000000000001,20,24.679499999999997,20,54.67440143964563
71.43,12.185263157894738,40,6.150750000000002,40,3.711282051282051,40,4.626410256410258,40,0.8250000000000001,19,29.805263157894736,19,57.30396862348178
56.06,12.185263157894738,40,6.150750000000002,40,3.711282051282051,40,4.626410256410258,40,0.8250000000000001,19,29.805263157894736,19,57.30396862348178
62.2,12.185263157894738,40,6.150750000000002,40,3.711282051282051,40,4.626410256410258,40,0.8250000000000001,19,29.805263157894736,19,57.30396862348178
79.54,12.185263157894738,40,6.150750000000002,40,3.711282051282051,40,4.626410256410258,40,0.8250000000000001,19,29.805263157894736,19,57.30396862348178
64.81,12.185263157894738,40,6.150750000000002,40,3.711282051282051,40,4.626410256410258,40,0.8250000000000001,19,29.805263157894736,19,57.30396862348178
70.94,12.185263157894738,40,6.150750000000002,40,3.711282051282051,40,4.626410256410258,40,0.8250000000000001,19,29.805263157894736,19,57.30396862348178
56.62,11.421153846153848,26,5.761200000000001,26,3.545,26,4.7452,26,0.7733333333333333,16,25.641874999999995,16,51.887762179487176
65.06,11.421153846153848,26,5.761200000000001,26,3.545,26,4.7452,26,0.7733333333333333,16,25.641874999999995,16,51.887762179487176
65.96,11.421153846153848,26,5.761200000000001,26,3.545,26,4.7452,26,0.7733333333333333,16,25.641874999999995,16,51.887762179487176
83.79,11.421153846153848,26,5.761200000000001,26,3.545,26,4.7452,26,0.7733333333333333,16,25.641874999999995,16,51.887762179487176
64.03,11.421153846153848,26,5.761200000000001,26,3.545,26,4.7452,26,0.7733333333333333,16,25.641874999999995,16,51.887762179487176
66.64,11.421153846153848,26,5.761200000000001,26,3.545,26,4.7452,26,0.7733333333333333,16,25.641874999999995,16,51.887762179487176
70.59,14.297916666666671,49,7.807916666666667,49,4.964791666666666,48,6.034468085106383,48,1.0419999999999998,25,32.21125,25,66.35834308510638
85.32,14.297916666666671,49,7.807916666666667,49,4.964791666666666,48,6.034468085106383,48,1.0419999999999998,25,32.21125,25,66.35834308510638
63.33,14.297916666666671,49,7.807916666666667,49,4.964791666666666,48,6.034468085106383,48,1.0419999999999998,25,32.21125,25,66.35834308510638
79.18,14.297916666666671,49,7.807916666666667,49,4.964791666666666,48,6.034468085106383,48,1.0419999999999998,25,32.21125,25,66.35834308510638
76.7,14.297916666666671,49,7.807916666666667,49,4.964791666666666,48,6.034468085106383,48,1.0419999999999998,25,32.21125,25,66.35834308510638
51.01,14.297916666666671,49,7.807916666666667,49,4.964791666666666,48,6.034468085106383,48,1.0419999999999998,25,32.21125,25,66.35834308510638
