182.46,10.918205128205127,40,5.554615384615386,40,3.8782500000000013,40,4.7117499999999986,40,0.9629411764705883,17,17.8264705882353,17,39.62000000000001,17,40.73642857142857,43,124.20866084895499
114.1,10.918205128205127,40,5.554615384615386,40,3.8782500000000013,40,4.7117499999999986,40,0.9629411764705883,17,17.8264705882353,17,39.62000000000001,17,40.73642857142857,43,124.20866084895499
102.47,10.918205128205127,40,5.554615384615386,40,3.8782500000000013,40,4.7117499999999986,40,0.9629411764705883,17,17.8264705882353,17,39.62000000000001,17,40.73642857142857,43,124.20866084895499
99.14,10.918205128205127,40,5.554615384615386,40,3.8782500000000013,40,4.7117499999999986,40,0.9629411764705883,17,17.8264705882353,17,39.62000000000001,17,40.73642857142857,43,124.20866084895499
109.12,10.918205128205127,40,5.554615384615386,40,3.8782500000000013,40,4.7117499999999986,40,0.9629411764705883,17,17.8264705882353,17,39.62000000000001,17,40.73642857142857,43,124.20866084895499
132.73,10.918205128205127,40,5.554615384615386,40,3.8782500000000013,40,4.7117499999999986,40,0.9629411764705883,17,17.8264705882353,17,39.62000000000001,17,40.73642857142857,43,124.20866084895499
108.08,11.122926829268295,42,6.191219512195123,42,4.5568292682926845,41,5.286428571428571,42,0.9816666666666668,13,18.270769230769233,13,32.93538461538462,13,33.352857142857154,28,112.69808183686234
168.57,11.122926829268295,42,6.191219512195123,42,4.5568292682926845,41,5.286428571428571,42,0.9816666666666668,13,18.270769230769233,13,32.93538461538462,13,33.352857142857154,28,112.69808183686234
123.79,11.122926829268295,42,6.191219512195123,42,4.5568292682926845,41,5.286428571428571,42,0.9816666666666668,13,18.270769230769233,13,32.93538461538462,13,33.352857142857154,28,112.69808183686234
114.3,11.122926829268295,42,6.191219512195123,42,4.5568292682926845,41,5.286428571428571,42,0.9816666666666668,13,18.270769230769233,13,32.93538461538462,13,33.352857142857154,28,112.69808183686234
102.69,11.122926829268295,42,6.191219512195123,42,4.5568292682926845,41,5.286428571428571,42,0.9816666666666668,13,18.270769230769233,13,32.93538461538462,13,33.352857142857154,28,112.69808183686234
202.54,11.122926829268295,42,6.191219512195123,42,4.5568292682926845,41,5.286428571428571,42,0.9816666666666668,13,18.270769230769233,13,32.93538461538462,13,33.352857142857154,28,112.69808183686234
128.38,12.73244444444445,47,6.501333333333335,47,4.857555555555555,47,5.255000000000001,47,0.9062500000000001,8,18.39875,8,24.9125,8,37.10578947368421,20,110.66962280701756
113.58,12.73244444444445,47,6.501333333333335,47,4.857555555555555,47,5.255000000000001,47,0.9062500000000001,8,18.39875,8,24.9125,8,37.10578947368421,20,110.66962280701756
101.22,12.73244444444445,47,6.501333333333335,47,4.857555555555555,47,5.255000000000001,47,0.9062500000000001,8,18.39875,8,24.9125,8,37.10578947368421,20,110.66962280701756
110.38,12.73244444444445,47,6.501333333333335,47,4.857555555555555,47,5.255000000000001,47,0.9062500000000001,8,18.39875,8,24.9125,8,37.10578947368421,20,110.66962280701756
104.78,12.73244444444445,47,6.501333333333335,47,4.857555555555555,47,5.255000000000001,47,0.9062500000000001,8,18.39875,8,24.9125,8,37.10578947368421,20,110.66962280701756
120.05,12.73244444444445,47,6.501333333333335,47,4.857555555555555,47,5.255000000000001,47,0.9062500000000001,8,18.39875,8,24.9125,8,37.10578947368421,20,110.66962280701756
117.13,11.3874358974359,80,6.432948717948721,80,4.273333333333333,79,5.15759493670886,80,1.0917391304347825,23,19.482727272727274,23,29.04318181818182,23,40.827999999999996,41,117.69696110677069
132.75,11.3874358974359,80,6.432948717948721,80,4.273333333333333,79,5.15759493670886,80,1.0917391304347825,23,19.482727272727274,23,29.04318181818182,23,40.827999999999996,41,117.69696110677069
105.02,11.3874358974359,80,6.432948717948721,80,4.273333333333333,79,5.15759493670886,80,1.0917391304347825,23,19.482727272727274,23,29.04318181818182,23,40.827999999999996,41,117.69696110677069
153.13,11.3874358974359,80,6.432948717948721,80,4.273333333333333,79,5.15759493670886,80,1.0917391304347825,23,19.482727272727274,23,29.04318181818182,23,40.827999999999996,41,117.69696110677069
116.88,11.3874358974359,80,6.432948717948721,80,4.273333333333333,79,5.15759493670886,80,1.0917391304347825,23,19.482727272727274,23,29.04318181818182,23,40.827999999999996,41,117.69696110677069
111.73,11.3874358974359,80,6.432948717948721,80,4.273333333333333,79,5.15759493670886,80,1.0917391304347825,23,19.482727272727274,23,29.04318181818182,23,40.827999999999996,41,117.69696110677069
120.12,12.516111111111114,56,6.663333333333332,56,4.917592592592592,56,5.934363636363639,56,0.9288235294117648,18,17.548235294117642,18,39.50777777777778,18,38.31794871794872,39,126.3341859926566
167.78,12.516111111111114,56,6.663333333333332,56,4.917592592592592,56,5.934363636363639,56,0.9288235294117648,18,17.548235294117642,18,39.50777777777778,18,38.31794871794872,39,126.3341859926566
133.97,12.516111111111114,56,6.663333333333332,56,4.917592592592592,56,5.934363636363639,56,0.9288235294117648,18,17.548235294117642,18,39.50777777777778,18,38.31794871794872,39,126.3341859926566
98.03,12.516111111111114,56,6.663333333333332,56,4.917592592592592,56,5.934363636363639,56,0.9288235294117648,18,17.548235294117642,18,39.50777777777778,18,38.31794871794872,39,126.3341859926566
121.86,12.516111111111114,56,6.663333333333332,56,4.917592592592592,56,5.934363636363639,56,0.9288235294117648,18,17.548235294117642,18,39.50777777777778,18,38.31794871794872,39,126.3341859926566
123.08,12.516111111111114,56,6.663333333333332,56,4.917592592592592,56,5.934363636363639,56,0.9288235294117648,18,17.548235294117642,18,39.50777777777778,18,38.31794871794872,39,126.3341859926566
100.98,10.700204081632654,50,6.291224489795919,50,4.391632653061225,50,5.085102040816327,50,1.005294117647059,17,18.260588235294126,17,31.890588235294118,17,40.86931818181818,44,118.4939520353596
137.12,10.700204081632654,50,6.291224489795919,50,4.391632653061225,50,5.085102040816327,50,1.005294117647059,17,18.260588235294126,17,31.890588235294118,17,40.86931818181818,44,118.4939520353596
132.75,10.700204081632654,50,6.291224489795919,50,4.391632653061225,50,5.085102040816327,50,1.005294117647059,17,18.260588235294126,17,31.890588235294118,17,40.86931818181818,44,118.4939520353596
101.38,10.700204081632654,50,6.291224489795919,50,4.391632653061225,50,5.085102040816327,50,1.005294117647059,17,18.260588235294126,17,31.890588235294118,17,40.86931818181818,44,118.4939520353596
91.93,10.700204081632654,50,6.291224489795919,50,4.391632653061225,50,5.085102040816327,50,1.005294117647059,17,18.260588235294126,17,31.890588235294118,17,40.86931818181818,44,118.4939520353596
102.05,10.700204081632654,50,6.291224489795919,50,4.391632653061225,50,5.085102040816327,50,1.005294117647059,17,18.260588235294126,17,31.890588235294118,17,40.86931818181818,44,118.4939520353596
139.69,11.842558139534884,45,6.446136363636364,45,5.387674418604652,45,5.700454545454545,45,1.0410000000000001,10,19.767,10,49.884,10,43.26,28,143.32882346723045
117.23,11.842558139534884,45,6.446136363636364,45,5.387674418604652,45,5.700454545454545,45,1.0410000000000001,10,19.767,10,49.884,10,43.26,28,143.32882346723045
120.3,11.842558139534884,45,6.446136363636364,45,5.387674418604652,45,5.700454545454545,45,1.0410000000000001,10,19.767,10,49.884,10,43.26,28,143.32882346723045
139.27,11.842558139534884,45,6.446136363636364,45,5.387674418604652,45,5.700454545454545,45,1.0410000000000001,10,19.767,10,49.884,10,43.26,28,143.32882346723045
180.11,11.842558139534884,45,6.446136363636364,45,5.387674418604652,45,5.700454545454545,45,1.0410000000000001,10,19.767,10,49.884,10,43.26,28,143.32882346723045
149.5,11.842558139534884,45,6.446136363636364,45,5.387674418604652,45,5.700454545454545,45,1.0410000000000001,10,19.767,10,49.884,10,43.26,28,143.32882346723045
110.1,12.602692307692307,54,6.904716981132076,54,4.775849056603774,54,5.39925925925926,54,1.1036363636363633,23,20.997391304347826,23,27.728260869565222,23,37.53523809523809,43,117.04704423747494
106.03,12.602692307692307,54,6.904716981132076,54,4.775849056603774,54,5.39925925925926,54,1.1036363636363633,23,20.997391304347826,23,27.728260869565222,23,37.53523809523809,43,117.04704423747494
118.04,12.602692307692307,54,6.904716981132076,54,4.775849056603774,54,5.39925925925926,54,1.1036363636363633,23,20.997391304347826,23,27.728260869565222,23,37.53523809523809,43,117.04704423747494
90.57,12.602692307692307,54,6.904716981132076,54,4.775849056603774,54,5.39925925925926,54,1.1036363636363633,23,20.997391304347826,23,27.728260869565222,23,37.53523809523809,43,117.04704423747494
102.63,12.602692307692307,54,6.904716981132076,54,4.775849056603774,54,5.39925925925926,54,1.1036363636363633,23,20.997391304347826,23,27.728260869565222,23,37.53523809523809,43,117.04704423747494
141.02,12.602692307692307,54,6.904716981132076,54,4.775849056603774,54,5.39925925925926,54,1.1036363636363633,23,20.997391304347826,23,27.728260869565222,23,37.53523809523809,43,117.04704423747494
112.2,11.543720930232556,44,6.370238095238095,44,4.75279069767442,44,5.266744186046512,44,1.0787499999999999,8,17.97875,8,23.431250000000002,8,35.97653846153845,26,106.39878237073005
115.49,11.543720930232556,44,6.370238095238095,44,4.75279069767442,44,5.266744186046512,44,1.0787499999999999,8,17.97875,8,23.431250000000002,8,35.97653846153845,26,106.39878237073005
104.29,11.543720930232556,44,6.370238095238095,44,4.75279069767442,44,5.266744186046512,44,1.0787499999999999,8,17.97875,8,23.431250000000002,8,35.97653846153845,26,106.39878237073005
191.66,11.543720930232556,44,6.370238095238095,44,4.75279069767442,44,5.266744186046512,44,1.0787499999999999,8,17.97875,8,23.431250000000002,8,35.97653846153845,26,106.39878237073005
91.59,11.543720930232556,44,6.370238095238095,44,4.75279069767442,44,5.266744186046512,44,1.0787499999999999,8,17.97875,8,23.431250000000002,8,35.97653846153845,26,106.39878237073005
100.07,11.543720930232556,44,6.370238095238095,44,4.75279069767442,44,5.266744186046512,44,1.0787499999999999,8,17.97875,8,23.431250000000002,8,35.97653846153845,26,106.39878237073005
132.68,10.986511627906976,45,6.175555555555556,45,4.289318181818181,45,5.165227272727273,45,3.177777777777778,9,38.913333333333334,9,34.27444444444444,9,58.00741935483871,31,160.98958754840226
129.94,10.986511627906976,45,6.175555555555556,45,4.289318181818181,45,5.165227272727273,45,3.177777777777778,9,38.913333333333334,9,34.27444444444444,9,58.00741935483871,31,160.98958754840226
112.4,10.986511627906976,45,6.175555555555556,45,4.289318181818181,45,5.165227272727273,45,3.177777777777778,9,38.913333333333334,9,34.27444444444444,9,58.00741935483871,31,160.98958754840226
91.6,10.986511627906976,45,6.175555555555556,45,4.289318181818181,45,5.165227272727273,45,3.177777777777778,9,38.913333333333334,9,34.27444444444444,9,58.00741935483871,31,160.98958754840226
115.57,10.986511627906976,45,6.175555555555556,45,4.289318181818181,45,5.165227272727273,45,3.177777777777778,9,38.913333333333334,9,34.27444444444444,9,58.00741935483871,31,160.98958754840226
125.65,10.986511627906976,45,6.175555555555556,45,4.289318181818181,45,5.165227272727273,45,3.177777777777778,9,38.913333333333334,9,34.27444444444444,9,58.00741935483871,31,160.98958754840226
113.38,12.937321428571428,58,6.943571428571429,58,5.768245614035087,58,5.968596491228069,58,1.2536363636363637,11,19.76818181818182,11,53.41727272727273,11,74.95068965517243,29,181.00751552666938
141.14,12.937321428571428,58,6.943571428571429,58,5.768245614035087,58,5.968596491228069,58,1.2536363636363637,11,19.76818181818182,11,53.41727272727273,11,74.95068965517243,29,181.00751552666938
127.4,12.937321428571428,58,6.943571428571429,58,5.768245614035087,58,5.968596491228069,58,1.2536363636363637,11,19.76818181818182,11,53.41727272727273,11,74.95068965517243,29,181.00751552666938
126.53,12.937321428571428,58,6.943571428571429,58,5.768245614035087,58,5.968596491228069,58,1.2536363636363637,11,19.76818181818182,11,53.41727272727273,11,74.95068965517243,29,181.00751552666938
175.8,12.937321428571428,58,6.943571428571429,58,5.768245614035087,58,5.968596491228069,58,1.2536363636363637,11,19.76818181818182,11,53.41727272727273,11,74.95068965517243,29,181.00751552666938
229.19,59.339999999999996,18,29.48529411764706,18,14.472941176470588,18,11.67470588235294,18,1.9013333333333335,15,21.063571428571425,15,37.77933333333333,15,57.296551724137935,29,233.01373099584666
186.46,59.339999999999996,18,29.48529411764706,18,14.472941176470588,18,11.67470588235294,18,1.9013333333333335,15,21.063571428571425,15,37.77933333333333,15,57.296551724137935,29,233.01373099584666
131.98,59.339999999999996,18,29.48529411764706,18,14.472941176470588,18,11.67470588235294,18,1.9013333333333335,15,21.063571428571425,15,37.77933333333333,15,57.296551724137935,29,233.01373099584666
154.16,59.339999999999996,18,29.48529411764706,18,14.472941176470588,18,11.67470588235294,18,1.9013333333333335,15,21.063571428571425,15,37.77933333333333,15,57.296551724137935,29,233.01373099584666
141.23,59.339999999999996,18,29.48529411764706,18,14.472941176470588,18,11.67470588235294,18,1.9013333333333335,15,21.063571428571425,15,37.77933333333333,15,57.296551724137935,29,233.01373099584666
129.04,59.339999999999996,18,29.48529411764706,18,14.472941176470588,18,11.67470588235294,18,1.9013333333333335,15,21.063571428571425,15,37.77933333333333,15,57.296551724137935,29,233.01373099584666
246.31,11.338249999999997,41,6.234999999999998,41,5.047804878048782,41,5.706585365853661,41,0.9925,8,19.196250000000003,8,38.176249999999996,8,68.39541666666666,24,155.0880569105691
219.51,11.338249999999997,41,6.234999999999998,41,5.047804878048782,41,5.706585365853661,41,0.9925,8,19.196250000000003,8,38.176249999999996,8,68.39541666666666,24,155.0880569105691
110.42,11.338249999999997,41,6.234999999999998,41,5.047804878048782,41,5.706585365853661,41,0.9925,8,19.196250000000003,8,38.176249999999996,8,68.39541666666666,24,155.0880569105691
88.25,11.338249999999997,41,6.234999999999998,41,5.047804878048782,41,5.706585365853661,41,0.9925,8,19.196250000000003,8,38.176249999999996,8,68.39541666666666,24,155.0880569105691
131.6,11.338249999999997,41,6.234999999999998,41,5.047804878048782,41,5.706585365853661,41,0.9925,8,19.196250000000003,8,38.176249999999996,8,68.39541666666666,24,155.0880569105691
127.54,11.338249999999997,41,6.234999999999998,41,5.047804878048782,41,5.706585365853661,41,0.9925,8,19.196250000000003,8,38.176249999999996,8,68.39541666666666,24,155.0880569105691
162.66,11.810175438596497,58,5.991929824561402,58,4.013214285714286,57,4.867413793103446,58,0.8899999999999999,14,18.386428571428574,14,30.855,14,51.52928571428572,28,128.34344762768993
96.63,11.810175438596497,58,5.991929824561402,58,4.013214285714286,57,4.867413793103446,58,0.8899999999999999,14,18.386428571428574,14,30.855,14,51.52928571428572,28,128.34344762768993
145.25,11.810175438596497,58,5.991929824561402,58,4.013214285714286,57,4.867413793103446,58,0.8899999999999999,14,18.386428571428574,14,30.855,14,51.52928571428572,28,128.34344762768993
113.09,11.810175438596497,58,5.991929824561402,58,4.013214285714286,57,4.867413793103446,58,0.8899999999999999,14,18.386428571428574,14,30.855,14,51.52928571428572,28,128.34344762768993
140.04,11.810175438596497,58,5.991929824561402,58,4.013214285714286,57,4.867413793103446,58,0.8899999999999999,14,18.386428571428574,14,30.855,14,51.52928571428572,28,128.34344762768993
138.92,11.810175438596497,58,5.991929824561402,58,4.013214285714286,57,4.867413793103446,58,0.8899999999999999,14,18.386428571428574,14,30.855,14,51.52928571428572,28,128.34344762768993
119.23,11.045263157894738,40,6.193076923076922,40,4.363076923076922,40,5.383500000000001,40,1.0881250000000002,16,17.342,16,24.900625000000005,16,43.53242424242424,33,113.84809124647283
140.74,11.045263157894738,40,6.193076923076922,40,4.363076923076922,40,5.383500000000001,40,1.0881250000000002,16,17.342,16,24.900625000000005,16,43.53242424242424,33,113.84809124647283
145.13,11.045263157894738,40,6.193076923076922,40,4.363076923076922,40,5.383500000000001,40,1.0881250000000002,16,17.342,16,24.900625000000005,16,43.53242424242424,33,113.84809124647283
127.17,11.045263157894738,40,6.193076923076922,40,4.363076923076922,40,5.383500000000001,40,1.0881250000000002,16,17.342,16,24.900625000000005,16,43.53242424242424,33,113.84809124647283
96.13,11.045263157894738,40,6.193076923076922,40,4.363076923076922,40,5.383500000000001,40,1.0881250000000002,16,17.342,16,24.900625000000005,16,43.53242424242424,33,113.84809124647283
121.46,11.045263157894738,40,6.193076923076922,40,4.363076923076922,40,5.383500000000001,40,1.0881250000000002,16,17.342,16,24.900625000000005,16,43.53242424242424,33,113.84809124647283
139.57,9.939545454545451,45,5.9575,45,4.458222222222223,45,4.884090909090909,45,0.8808333333333334,13,16.12153846153846,13,21.391666666666666,13,76.07884615384616,26,139.7122432012432
163.83,9.939545454545451,45,5.9575,45,4.458222222222223,45,4.884090909090909,45,0.8808333333333334,13,16.12153846153846,13,21.391666666666666,13,76.07884615384616,26,139.7122432012432
136.25,9.939545454545451,45,5.9575,45,4.458222222222223,45,4.884090909090909,45,0.8808333333333334,13,16.12153846153846,13,21.391666666666666,13,76.07884615384616,26,139.7122432012432
149.57,9.939545454545451,45,5.9575,45,4.458222222222223,45,4.884090909090909,45,0.8808333333333334,13,16.12153846153846,13,21.391666666666666,13,76.07884615384616,26,139.7122432012432
113.22,9.939545454545451,45,5.9575,45,4.458222222222223,45,4.884090909090909,45,0.8808333333333334,13,16.12153846153846,13,21.391666666666666,13,76.07884615384616,26,139.7122432012432
108.32,9.939545454545451,45,5.9575,45,4.458222222222223,45,4.884090909090909,45,0.8808333333333334,13,16.12153846153846,13,21.391666666666666,13,76.07884615384616,26,139.7122432012432
93.48,10.586521739130436,47,6.31659574468085,47,4.4226086956521735,47,4.811739130434782,47,31.947000000000003,10,20.21,10,37.236000000000004,10,43.85117647058822,35,159.38164178048646
195.79,10.586521739130436,47,6.31659574468085,47,4.4226086956521735,47,4.811739130434782,47,31.947000000000003,10,20.21,10,37.236000000000004,10,43.85117647058822,35,159.38164178048646
129.65,10.586521739130436,47,6.31659574468085,47,4.4226086956521735,47,4.811739130434782,47,31.947000000000003,10,20.21,10,37.236000000000004,10,43.85117647058822,35,159.38164178048646
93.51,10.586521739130436,47,6.31659574468085,47,4.4226086956521735,47,4.811739130434782,47,31.947000000000003,10,20.21,10,37.236000000000004,10,43.85117647058822,35,159.38164178048646
109.51,10.586521739130436,47,6.31659574468085,47,4.4226086956521735,47,4.811739130434782,47,31.947000000000003,10,20.21,10,37.236000000000004,10,43.85117647058822,35,159.38164178048646
110.4,10.586521739130436,47,6.31659574468085,47,4.4226086956521735,47,4.811739130434782,47,31.947000000000003,10,20.21,10,37.236000000000004,10,43.85117647058822,35,159.38164178048646
135.81,11.969361702127658,48,6.253333333333333,48,4.2814893617021275,48,5.1362499999999995,48,1.1350000000000002,8,19.76375,8,26.305000000000003,8,64.78136363636362,22,139.62554803352674
114.1,11.969361702127658,48,6.253333333333333,48,4.2814893617021275,48,5.1362499999999995,48,1.1350000000000002,8,19.76375,8,26.305000000000003,8,64.78136363636362,22,139.62554803352674
131.69,11.969361702127658,48,6.253333333333333,48,4.2814893617021275,48,5.1362499999999995,48,1.1350000000000002,8,19.76375,8,26.305000000000003,8,64.78136363636362,22,139.62554803352674
173.54,11.969361702127658,48,6.253333333333333,48,4.2814893617021275,48,5.1362499999999995,48,1.1350000000000002,8,19.76375,8,26.305000000000003,8,64.78136363636362,22,139.62554803352674
144.91,11.969361702127658,48,6.253333333333333,48,4.2814893617021275,48,5.1362499999999995,48,1.1350000000000002,8,19.76375,8,26.305000000000003,8,64.78136363636362,22,139.62554803352674
161.13,11.969361702127658,48,6.253333333333333,48,4.2814893617021275,48,5.1362499999999995,48,1.1350000000000002,8,19.76375,8,26.305000000000003,8,64.78136363636362,22,139.62554803352674
166.56,12.252142857142855,43,6.5892682926829265,43,5.001666666666667,43,5.431904761904761,43,0.9363636363636363,12,21.229090909090907,12,40.590833333333336,12,43.750689655172415,29,135.7819601123575
128.72,12.252142857142855,43,6.5892682926829265,43,5.001666666666667,43,5.431904761904761,43,0.9363636363636363,12,21.229090909090907,12,40.590833333333336,12,43.750689655172415,29,135.7819601123575
139.27,12.252142857142855,43,6.5892682926829265,43,5.001666666666667,43,5.431904761904761,43,0.9363636363636363,12,21.229090909090907,12,40.590833333333336,12,43.750689655172415,29,135.7819601123575
105.42,12.252142857142855,43,6.5892682926829265,43,5.001666666666667,43,5.431904761904761,43,0.9363636363636363,12,21.229090909090907,12,40.590833333333336,12,43.750689655172415,29,135.7819601123575
143.72,12.252142857142855,43,6.5892682926829265,43,5.001666666666667,43,5.431904761904761,43,0.9363636363636363,12,21.229090909090907,12,40.590833333333336,12,43.750689655172415,29,135.7819601123575
125.98,12.252142857142855,43,6.5892682926829265,43,5.001666666666667,43,5.431904761904761,43,0.9363636363636363,12,21.229090909090907,12,40.590833333333336,12,43.750689655172415,29,135.7819601123575
164.8,14.039189189189187,38,7.455945945945946,38,4.41162162162162,38,5.057297297297296,38,1.01,1,22.11,1,23.01,1,27.379999999999995,3,104.47405405405405
210.73,14.039189189189187,38,7.455945945945946,38,4.41162162162162,38,5.057297297297296,38,1.01,1,22.11,1,23.01,1,27.379999999999995,3,104.47405405405405
126.35,14.039189189189187,38,7.455945945945946,38,4.41162162162162,38,5.057297297297296,38,1.01,1,22.11,1,23.01,1,27.379999999999995,3,104.47405405405405
110.61,14.039189189189187,38,7.455945945945946,38,4.41162162162162,38,5.057297297297296,38,1.01,1,22.11,1,23.01,1,27.379999999999995,3,104.47405405405405
120.31,14.039189189189187,38,7.455945945945946,38,4.41162162162162,38,5.057297297297296,38,1.01,1,22.11,1,23.01,1,27.379999999999995,3,104.47405405405405
106.61,14.039189189189187,38,7.455945945945946,38,4.41162162162162,38,5.057297297297296,38,1.01,1,22.11,1,23.01,1,27.379999999999995,3,104.47405405405405
136.26,14.80181818181818,11,7.803636363636364,11,6.012727272727273,11,6.0672727272727265,11,1.2825,4,22.1225,4,22.31,4,58.56999999999999,5,138.97045454545454
96.23,14.80181818181818,11,7.803636363636364,11,6.012727272727273,11,6.0672727272727265,11,1.2825,4,22.1225,4,22.31,4,58.56999999999999,5,138.97045454545454
125.94,13.314150943396232,54,7.020370370370368,54,4.5488679245283015,54,5.033888888888891,54,1.1490909090909094,22,18.62409090909091,22,27.37863636363636,22,51.124565217391314,47,128.19366152639327
140.15,13.314150943396232,54,7.020370370370368,54,4.5488679245283015,54,5.033888888888891,54,1.1490909090909094,22,18.62409090909091,22,27.37863636363636,22,51.124565217391314,47,128.19366152639327
136.93,13.314150943396232,54,7.020370370370368,54,4.5488679245283015,54,5.033888888888891,54,1.1490909090909094,22,18.62409090909091,22,27.37863636363636,22,51.124565217391314,47,128.19366152639327
122.58,13.314150943396232,54,7.020370370370368,54,4.5488679245283015,54,5.033888888888891,54,1.1490909090909094,22,18.62409090909091,22,27.37863636363636,22,51.124565217391314,47,128.19366152639327
162.73,13.314150943396232,54,7.020370370370368,54,4.5488679245283015,54,5.033888888888891,54,1.1490909090909094,22,18.62409090909091,22,27.37863636363636,22,51.124565217391314,47,128.19366152639327
102.23,13.314150943396232,54,7.020370370370368,54,4.5488679245283015,54,5.033888888888891,54,1.1490909090909094,22,18.62409090909091,22,27.37863636363636,22,51.124565217391314,47,128.19366152639327
208.96,10.199473684210522,40,7.213333333333333,40,6.8217500000000015,40,5.726153846153845,40,1.2857142857142858,14,18.657692307692308,14,26.146153846153844,14,69.084375,32,145.13464630325814
148.56,10.199473684210522,40,7.213333333333333,40,6.8217500000000015,40,5.726153846153845,40,1.2857142857142858,14,18.657692307692308,14,26.146153846153844,14,69.084375,32,145.13464630325814
147.97,10.199473684210522,40,7.213333333333333,40,6.8217500000000015,40,5.726153846153845,40,1.2857142857142858,14,18.657692307692308,14,26.146153846153844,14,69.084375,32,145.13464630325814
126.9,10.199473684210522,40,7.213333333333333,40,6.8217500000000015,40,5.726153846153845,40,1.2857142857142858,14,18.657692307692308,14,26.146153846153844,14,69.084375,32,145.13464630325814
200.64,10.199473684210522,40,7.213333333333333,40,6.8217500000000015,40,5.726153846153845,40,1.2857142857142858,14,18.657692307692308,14,26.146153846153844,14,69.084375,32,145.13464630325814
143.0,10.199473684210522,40,7.213333333333333,40,6.8217500000000015,40,5.726153846153845,40,1.2857142857142858,14,18.657692307692308,14,26.146153846153844,14,69.084375,32,145.13464630325814
174.19,12.78074074074074,54,6.992407407407409,54,4.324423076923076,53,5.0566666666666675,54,0.87875,17,17.424999999999997,17,28.47411764705882,17,54.22941176470587,34,130.1615173035026
94.26,12.78074074074074,54,6.992407407407409,54,4.324423076923076,53,5.0566666666666675,54,0.87875,17,17.424999999999997,17,28.47411764705882,17,54.22941176470587,34,130.1615173035026
149.43,12.78074074074074,54,6.992407407407409,54,4.324423076923076,53,5.0566666666666675,54,0.87875,17,17.424999999999997,17,28.47411764705882,17,54.22941176470587,34,130.1615173035026
147.66,12.78074074074074,54,6.992407407407409,54,4.324423076923076,53,5.0566666666666675,54,0.87875,17,17.424999999999997,17,28.47411764705882,17,54.22941176470587,34,130.1615173035026
116.97,12.78074074074074,54,6.992407407407409,54,4.324423076923076,53,5.0566666666666675,54,0.87875,17,17.424999999999997,17,28.47411764705882,17,54.22941176470587,34,130.1615173035026
122.3,12.78074074074074,54,6.992407407407409,54,4.324423076923076,53,5.0566666666666675,54,0.87875,17,17.424999999999997,17,28.47411764705882,17,54.22941176470587,34,130.1615173035026
137.39,12.733269230769231,54,6.358333333333335,54,4.805769230769232,54,5.314807692307695,54,0.9571428571428571,15,16.851333333333333,15,28.931428571428572,15,55.12200000000001,30,131.07408424908425
158.54,12.733269230769231,54,6.358333333333335,54,4.805769230769232,54,5.314807692307695,54,0.9571428571428571,15,16.851333333333333,15,28.931428571428572,15,55.12200000000001,30,131.07408424908425
170.63,12.733269230769231,54,6.358333333333335,54,4.805769230769232,54,5.314807692307695,54,0.9571428571428571,15,16.851333333333333,15,28.931428571428572,15,55.12200000000001,30,131.07408424908425
126.49,12.733269230769231,54,6.358333333333335,54,4.805769230769232,54,5.314807692307695,54,0.9571428571428571,15,16.851333333333333,15,28.931428571428572,15,55.12200000000001,30,131.07408424908425
125.24,12.733269230769231,54,6.358333333333335,54,4.805769230769232,54,5.314807692307695,54,0.9571428571428571,15,16.851333333333333,15,28.931428571428572,15,55.12200000000001,30,131.07408424908425
141.7,12.733269230769231,54,6.358333333333335,54,4.805769230769232,54,5.314807692307695,54,0.9571428571428571,15,16.851333333333333,15,28.931428571428572,15,55.12200000000001,30,131.07408424908425
129.14,14.7776,25,7.5233333333333325,25,5.926666666666667,25,6.760416666666667,25,1.3233333333333335,3,28.600000000000005,3,35.086666666666666,3,50.301249999999996,8,150.29926666666665
120.11,14.7776,25,7.5233333333333325,25,5.926666666666667,25,6.760416666666667,25,1.3233333333333335,3,28.600000000000005,3,35.086666666666666,3,50.301249999999996,8,150.29926666666665
130.05,14.7776,25,7.5233333333333325,25,5.926666666666667,25,6.760416666666667,25,1.3233333333333335,3,28.600000000000005,3,35.086666666666666,3,50.301249999999996,8,150.29926666666665
94.11,14.7776,25,7.5233333333333325,25,5.926666666666667,25,6.760416666666667,25,1.3233333333333335,3,28.600000000000005,3,35.086666666666666,3,50.301249999999996,8,150.29926666666665
137.65,14.7776,25,7.5233333333333325,25,5.926666666666667,25,6.760416666666667,25,1.3233333333333335,3,28.600000000000005,3,35.086666666666666,3,50.301249999999996,8,150.29926666666665
96.93,14.7776,25,7.5233333333333325,25,5.926666666666667,25,6.760416666666667,25,1.3233333333333335,3,28.600000000000005,3,35.086666666666666,3,50.301249999999996,8,150.29926666666665
105.1,13.093684210526314,39,5.967631578947369,39,4.137368421052632,39,5.096842105263158,39,1.0155555555555553,9,17.874444444444443,9,28.726666666666663,9,45.708666666666666,15,121.62085964912279
109.91,13.093684210526314,39,5.967631578947369,39,4.137368421052632,39,5.096842105263158,39,1.0155555555555553,9,17.874444444444443,9,28.726666666666663,9,45.708666666666666,15,121.62085964912279
116.03,13.093684210526314,39,5.967631578947369,39,4.137368421052632,39,5.096842105263158,39,1.0155555555555553,9,17.874444444444443,9,28.726666666666663,9,45.708666666666666,15,121.62085964912279
135.06,13.093684210526314,39,5.967631578947369,39,4.137368421052632,39,5.096842105263158,39,1.0155555555555553,9,17.874444444444443,9,28.726666666666663,9,45.708666666666666,15,121.62085964912279
124.02,11.468529411764706,35,5.477352941176471,35,3.796857142857143,35,4.503428571428572,35,0.9261538461538463,13,16.62,13,21.929230769230774,13,27.371250000000003,25,92.09280268261152
109.89,11.468529411764706,35,5.477352941176471,35,3.796857142857143,35,4.503428571428572,35,0.9261538461538463,13,16.62,13,21.929230769230774,13,27.371250000000003,25,92.09280268261152
118.51,11.468529411764706,35,5.477352941176471,35,3.796857142857143,35,4.503428571428572,35,0.9261538461538463,13,16.62,13,21.929230769230774,13,27.371250000000003,25,92.09280268261152
119.89,11.468529411764706,35,5.477352941176471,35,3.796857142857143,35,4.503428571428572,35,0.9261538461538463,13,16.62,13,21.929230769230774,13,27.371250000000003,25,92.09280268261152
114.33,11.468529411764706,35,5.477352941176471,35,3.796857142857143,35,4.503428571428572,35,0.9261538461538463,13,16.62,13,21.929230769230774,13,27.371250000000003,25,92.09280268261152
102.05,11.468529411764706,35,5.477352941176471,35,3.796857142857143,35,4.503428571428572,35,0.9261538461538463,13,16.62,13,21.929230769230774,13,27.371250000000003,25,92.09280268261152
75.84,11.78567567567568,38,5.8275675675675656,38,3.880810810810811,38,4.93108108108108,38,1.0369230769230768,13,18.414615384615384,13,21.86846153846154,13,35.83269230769231,27,103.57782744282746
88.01,11.78567567567568,38,5.8275675675675656,38,3.880810810810811,38,4.93108108108108,38,1.0369230769230768,13,18.414615384615384,13,21.86846153846154,13,35.83269230769231,27,103.57782744282746
99.19,11.78567567567568,38,5.8275675675675656,38,3.880810810810811,38,4.93108108108108,38,1.0369230769230768,13,18.414615384615384,13,21.86846153846154,13,35.83269230769231,27,103.57782744282746
100.89,11.78567567567568,38,5.8275675675675656,38,3.880810810810811,38,4.93108108108108,38,1.0369230769230768,13,18.414615384615384,13,21.86846153846154,13,35.83269230769231,27,103.57782744282746
115.59,11.78567567567568,38,5.8275675675675656,38,3.880810810810811,38,4.93108108108108,38,1.0369230769230768,13,18.414615384615384,13,21.86846153846154,13,35.83269230769231,27,103.57782744282746
138.03,11.78567567567568,38,5.8275675675675656,38,3.880810810810811,38,4.93108108108108,38,1.0369230769230768,13,18.414615384615384,13,21.86846153846154,13,35.83269230769231,27,103.57782744282746
108.29,11.190277777777776,37,6.033333333333333,37,4.147777777777776,37,4.189999999999999,37,0.7923076923076924,13,15.876923076923077,13,20.40692307692308,13,29.4952,26,92.13274273504273
104.31,11.190277777777776,37,6.033333333333333,37,4.147777777777776,37,4.189999999999999,37,0.7923076923076924,13,15.876923076923077,13,20.40692307692308,13,29.4952,26,92.13274273504273
111.73,11.190277777777776,37,6.033333333333333,37,4.147777777777776,37,4.189999999999999,37,0.7923076923076924,13,15.876923076923077,13,20.40692307692308,13,29.4952,26,92.13274273504273
118.94,11.190277777777776,37,6.033333333333333,37,4.147777777777776,37,4.189999999999999,37,0.7923076923076924,13,15.876923076923077,13,20.40692307692308,13,29.4952,26,92.13274273504273
117.54,11.190277777777776,37,6.033333333333333,37,4.147777777777776,37,4.189999999999999,37,0.7923076923076924,13,15.876923076923077,13,20.40692307692308,13,29.4952,26,92.13274273504273
264.56,11.190277777777776,37,6.033333333333333,37,4.147777777777776,37,4.189999999999999,37,0.7923076923076924,13,15.876923076923077,13,20.40692307692308,13,29.4952,26,92.13274273504273
124.09,11.280416666666667,49,5.605510204081632,49,3.718979591836734,49,4.656875,49,0.984,11,22.312727272727273,11,26.151818181818182,11,38.369166666666665,24,113.07949358379716
121.4,11.280416666666667,49,5.605510204081632,49,3.718979591836734,49,4.656875,49,0.984,11,22.312727272727273,11,26.151818181818182,11,38.369166666666665,24,113.07949358379716
108.13,11.280416666666667,49,5.605510204081632,49,3.718979591836734,49,4.656875,49,0.984,11,22.312727272727273,11,26.151818181818182,11,38.369166666666665,24,113.07949358379716
105.95,11.280416666666667,49,5.605510204081632,49,3.718979591836734,49,4.656875,49,0.984,11,22.312727272727273,11,26.151818181818182,11,38.369166666666665,24,113.07949358379716
117.8,11.280416666666667,49,5.605510204081632,49,3.718979591836734,49,4.656875,49,0.984,11,22.312727272727273,11,26.151818181818182,11,38.369166666666665,24,113.07949358379716
78.3,11.280416666666667,49,5.605510204081632,49,3.718979591836734,49,4.656875,49,0.984,11,22.312727272727273,11,26.151818181818182,11,38.369166666666665,24,113.07949358379716
102.25,10.1192,25,5.302499999999999,25,3.5648,25,4.428750000000001,25,1.22,9,28.67777777777778,9,31.39888888888889,9,41.07588235294118,17,125.78779901960785
102.94,10.1192,25,5.302499999999999,25,3.5648,25,4.428750000000001,25,1.22,9,28.67777777777778,9,31.39888888888889,9,41.07588235294118,17,125.78779901960785
94.19,10.1192,25,5.302499999999999,25,3.5648,25,4.428750000000001,25,1.22,9,28.67777777777778,9,31.39888888888889,9,41.07588235294118,17,125.78779901960785
112.91,10.1192,25,5.302499999999999,25,3.5648,25,4.428750000000001,25,1.22,9,28.67777777777778,9,31.39888888888889,9,41.07588235294118,17,125.78779901960785
82.98,10.1192,25,5.302499999999999,25,3.5648,25,4.428750000000001,25,1.22,9,28.67777777777778,9,31.39888888888889,9,41.07588235294118,17,125.78779901960785
105.76,11.267499999999998,33,5.707878787878789,33,3.749375000000001,33,4.667272727272728,33,0.9199999999999999,6,18.841666666666665,6,20.253333333333334,6,32.175000000000004,23,97.58202651515153
99.53,11.267499999999998,33,5.707878787878789,33,3.749375000000001,33,4.667272727272728,33,0.9199999999999999,6,18.841666666666665,6,20.253333333333334,6,32.175000000000004,23,97.58202651515153
122.57,11.267499999999998,33,5.707878787878789,33,3.749375000000001,33,4.667272727272728,33,0.9199999999999999,6,18.841666666666665,6,20.253333333333334,6,32.175000000000004,23,97.58202651515153
70.76,11.267499999999998,33,5.707878787878789,33,3.749375000000001,33,4.667272727272728,33,0.9199999999999999,6,18.841666666666665,6,20.253333333333334,6,32.175000000000004,23,97.58202651515153
100.95,11.267499999999998,33,5.707878787878789,33,3.749375000000001,33,4.667272727272728,33,0.9199999999999999,6,18.841666666666665,6,20.253333333333334,6,32.175000000000004,23,97.58202651515153
100.72,11.267499999999998,33,5.707878787878789,33,3.749375000000001,33,4.667272727272728,33,0.9199999999999999,6,18.841666666666665,6,20.253333333333334,6,32.175000000000004,23,97.58202651515153
73.09,10.723478260869568,23,5.252173913043478,23,3.644545454545454,23,4.532608695652175,23,1.045,8,17.26125,8,23.75375,8,26.95428571428571,15,93.16709203839639
101.1,10.723478260869568,23,5.252173913043478,23,3.644545454545454,23,4.532608695652175,23,1.045,8,17.26125,8,23.75375,8,26.95428571428571,15,93.16709203839639
90.52,10.723478260869568,23,5.252173913043478,23,3.644545454545454,23,4.532608695652175,23,1.045,8,17.26125,8,23.75375,8,26.95428571428571,15,93.16709203839639
114.67,10.723478260869568,23,5.252173913043478,23,3.644545454545454,23,4.532608695652175,23,1.045,8,17.26125,8,23.75375,8,26.95428571428571,15,93.16709203839639
88.12,10.723478260869568,23,5.252173913043478,23,3.644545454545454,23,4.532608695652175,23,1.045,8,17.26125,8,23.75375,8,26.95428571428571,15,93.16709203839639
84.45,10.723478260869568,23,5.252173913043478,23,3.644545454545454,23,4.532608695652175,23,1.045,8,17.26125,8,23.75375,8,26.95428571428571,15,93.16709203839639
91.62,11.22433333333333,31,4.800000000000001,31,3.135666666666667,31,3.935161290322581,31,0.8736363636363638,11,14.02090909090909,11,19.576363636363638,11,33.167727272727284,22,90.73379765395896
104.56,11.22433333333333,31,4.800000000000001,31,3.135666666666667,31,3.935161290322581,31,0.8736363636363638,11,14.02090909090909,11,19.576363636363638,11,33.167727272727284,22,90.73379765395896
80.32,11.22433333333333,31,4.800000000000001,31,3.135666666666667,31,3.935161290322581,31,0.8736363636363638,11,14.02090909090909,11,19.576363636363638,11,33.167727272727284,22,90.73379765395896
111.87,11.22433333333333,31,4.800000000000001,31,3.135666666666667,31,3.935161290322581,31,0.8736363636363638,11,14.02090909090909,11,19.576363636363638,11,33.167727272727284,22,90.73379765395896
95.45,11.22433333333333,31,4.800000000000001,31,3.135666666666667,31,3.935161290322581,31,0.8736363636363638,11,14.02090909090909,11,19.576363636363638,11,33.167727272727284,22,90.73379765395896
121.45,9.906399999999998,26,4.7612,26,3.1276000000000006,26,3.883200000000001,26,0.8140000000000001,10,15.315999999999997,10,24.049,10,29.53277777777778,18,91.39017777777777
109.06,9.906399999999998,26,4.7612,26,3.1276000000000006,26,3.883200000000001,26,0.8140000000000001,10,15.315999999999997,10,24.049,10,29.53277777777778,18,91.39017777777777
74.52,9.906399999999998,26,4.7612,26,3.1276000000000006,26,3.883200000000001,26,0.8140000000000001,10,15.315999999999997,10,24.049,10,29.53277777777778,18,91.39017777777777
158.96,9.906399999999998,26,4.7612,26,3.1276000000000006,26,3.883200000000001,26,0.8140000000000001,10,15.315999999999997,10,24.049,10,29.53277777777778,18,91.39017777777777
59.92,9.906399999999998,26,4.7612,26,3.1276000000000006,26,3.883200000000001,26,0.8140000000000001,10,15.315999999999997,10,24.049,10,29.53277777777778,18,91.39017777777777
102.42,11.574761904761905,22,5.343809523809524,22,3.789090909090909,22,4.322857142857143,22,0.8599999999999999,8,18.65875,8,28.23875,8,35.38476190476191,21,108.17278138528138
88.62,11.574761904761905,22,5.343809523809524,22,3.789090909090909,22,4.322857142857143,22,0.8599999999999999,8,18.65875,8,28.23875,8,35.38476190476191,21,108.17278138528138
96.56,11.574761904761905,22,5.343809523809524,22,3.789090909090909,22,4.322857142857143,22,0.8599999999999999,8,18.65875,8,28.23875,8,35.38476190476191,21,108.17278138528138
93.86,11.574761904761905,22,5.343809523809524,22,3.789090909090909,22,4.322857142857143,22,0.8599999999999999,8,18.65875,8,28.23875,8,35.38476190476191,21,108.17278138528138
86.81,11.574761904761905,22,5.343809523809524,22,3.789090909090909,22,4.322857142857143,22,0.8599999999999999,8,18.65875,8,28.23875,8,35.38476190476191,21,108.17278138528138
118.61,11.574761904761905,22,5.343809523809524,22,3.789090909090909,22,4.322857142857143,22,0.8599999999999999,8,18.65875,8,28.23875,8,35.38476190476191,21,108.17278138528138
73.02,12.272424242424243,35,6.178823529411764,35,4.4060000000000015,35,5.1820588235294105,35,0.974,10,22.54,10,21.662,10,30.264583333333338,24,103.47988992869875
97.84,12.272424242424243,35,6.178823529411764,35,4.4060000000000015,35,5.1820588235294105,35,0.974,10,22.54,10,21.662,10,30.264583333333338,24,103.47988992869875
110.7,12.272424242424243,35,6.178823529411764,35,4.4060000000000015,35,5.1820588235294105,35,0.974,10,22.54,10,21.662,10,30.264583333333338,24,103.47988992869875
87.69,12.272424242424243,35,6.178823529411764,35,4.4060000000000015,35,5.1820588235294105,35,0.974,10,22.54,10,21.662,10,30.264583333333338,24,103.47988992869875
91.91,12.272424242424243,35,6.178823529411764,35,4.4060000000000015,35,5.1820588235294105,35,0.974,10,22.54,10,21.662,10,30.264583333333338,24,103.47988992869875
83.57,12.272424242424243,35,6.178823529411764,35,4.4060000000000015,35,5.1820588235294105,35,0.974,10,22.54,10,21.662,10,30.264583333333338,24,103.47988992869875
89.2,10.03962962962963,28,5.291481481481482,28,3.325185185185185,28,4.6153571428571425,28,0.8789999999999999,10,16.839000000000002,10,19.747000000000003,10,28.896551724137932,30,89.63320516329138
81.83,10.03962962962963,28,5.291481481481482,28,3.325185185185185,28,4.6153571428571425,28,0.8789999999999999,10,16.839000000000002,10,19.747000000000003,10,28.896551724137932,30,89.63320516329138
144.21,10.03962962962963,28,5.291481481481482,28,3.325185185185185,28,4.6153571428571425,28,0.8789999999999999,10,16.839000000000002,10,19.747000000000003,10,28.896551724137932,30,89.63320516329138
102.82,10.03962962962963,28,5.291481481481482,28,3.325185185185185,28,4.6153571428571425,28,0.8789999999999999,10,16.839000000000002,10,19.747000000000003,10,28.896551724137932,30,89.63320516329138
90.88,10.03962962962963,28,5.291481481481482,28,3.325185185185185,28,4.6153571428571425,28,0.8789999999999999,10,16.839000000000002,10,19.747000000000003,10,28.896551724137932,30,89.63320516329138
92.35,10.03962962962963,28,5.291481481481482,28,3.325185185185185,28,4.6153571428571425,28,0.8789999999999999,10,16.839000000000002,10,19.747000000000003,10,28.896551724137932,30,89.63320516329138
102.22,10.40090909090909,11,4.807272727272727,11,3.1345454545454543,11,4.423636363636363,11,1.0533333333333335,3,18.080000000000002,3,37.38333333333333,3,37.81249999999999,8,117.09553030303032
82.07,10.40090909090909,11,4.807272727272727,11,3.1345454545454543,11,4.423636363636363,11,1.0533333333333335,3,18.080000000000002,3,37.38333333333333,3,37.81249999999999,8,117.09553030303032
86.36,10.40090909090909,11,4.807272727272727,11,3.1345454545454543,11,4.423636363636363,11,1.0533333333333335,3,18.080000000000002,3,37.38333333333333,3,37.81249999999999,8,117.09553030303032
106.5,10.40090909090909,11,4.807272727272727,11,3.1345454545454543,11,4.423636363636363,11,1.0533333333333335,3,18.080000000000002,3,37.38333333333333,3,37.81249999999999,8,117.09553030303032
98.49,10.883461538461537,27,5.460384615384614,27,4.424444444444444,27,4.514615384615385,27,0.8600000000000001,7,15.088571428571429,7,24.822857142857142,7,38.475,14,104.52933455433454
79.45,10.883461538461537,27,5.460384615384614,27,4.424444444444444,27,4.514615384615385,27,0.8600000000000001,7,15.088571428571429,7,24.822857142857142,7,38.475,14,104.52933455433454
106.35,10.883461538461537,27,5.460384615384614,27,4.424444444444444,27,4.514615384615385,27,0.8600000000000001,7,15.088571428571429,7,24.822857142857142,7,38.475,14,104.52933455433454
391.99,10.883461538461537,27,5.460384615384614,27,4.424444444444444,27,4.514615384615385,27,0.8600000000000001,7,15.088571428571429,7,24.822857142857142,7,38.475,14,104.52933455433454
313.28,10.883461538461537,27,5.460384615384614,27,4.424444444444444,27,4.514615384615385,27,0.8600000000000001,7,15.088571428571429,7,24.822857142857142,7,38.475,14,104.52933455433454
458.52,10.883461538461537,27,5.460384615384614,27,4.424444444444444,27,4.514615384615385,27,0.8600000000000001,7,15.088571428571429,7,24.822857142857142,7,38.475,14,104.52933455433454
140.97,9.567142857142855,22,4.536666666666668,22,2.9333333333333336,22,4.112857142857142,22,0.805,11,15.127272727272727,11,19.88181818181818,11,30.134375,16,87.09846590909088
104.31,9.567142857142855,22,4.536666666666668,22,2.9333333333333336,22,4.112857142857142,22,0.805,11,15.127272727272727,11,19.88181818181818,11,30.134375,16,87.09846590909088
90.94,9.567142857142855,22,4.536666666666668,22,2.9333333333333336,22,4.112857142857142,22,0.805,11,15.127272727272727,11,19.88181818181818,11,30.134375,16,87.09846590909088
92.92,9.567142857142855,22,4.536666666666668,22,2.9333333333333336,22,4.112857142857142,22,0.805,11,15.127272727272727,11,19.88181818181818,11,30.134375,16,87.09846590909088
93.4,9.567142857142855,22,4.536666666666668,22,2.9333333333333336,22,4.112857142857142,22,0.805,11,15.127272727272727,11,19.88181818181818,11,30.134375,16,87.09846590909088
116.46,9.641250000000001,25,4.755,25,4.050833333333333,25,4.578333333333334,25,0.7028571428571428,7,13.508571428571429,7,18.81,7,80.4525,8,136.49934523809526
87.95,9.641250000000001,25,4.755,25,4.050833333333333,25,4.578333333333334,25,0.7028571428571428,7,13.508571428571429,7,18.81,7,80.4525,8,136.49934523809526
87.26,9.641250000000001,25,4.755,25,4.050833333333333,25,4.578333333333334,25,0.7028571428571428,7,13.508571428571429,7,18.81,7,80.4525,8,136.49934523809526
255.06,9.641250000000001,25,4.755,25,4.050833333333333,25,4.578333333333334,25,0.7028571428571428,7,13.508571428571429,7,18.81,7,80.4525,8,136.49934523809526
76.62,9.641250000000001,25,4.755,25,4.050833333333333,25,4.578333333333334,25,0.7028571428571428,7,13.508571428571429,7,18.81,7,80.4525,8,136.49934523809526
89.63,10.021875000000001,33,4.396562500000001,33,2.826875000000001,33,3.779375000000001,33,0.9938888888888887,18,16.21882352941176,18,19.969411764705885,18,29.588500000000003,20,87.79531168300655
73.08,10.021875000000001,33,4.396562500000001,33,2.826875000000001,33,3.779375000000001,33,0.9938888888888887,18,16.21882352941176,18,19.969411764705885,18,29.588500000000003,20,87.79531168300655
79.57,10.021875000000001,33,4.396562500000001,33,2.826875000000001,33,3.779375000000001,33,0.9938888888888887,18,16.21882352941176,18,19.969411764705885,18,29.588500000000003,20,87.79531168300655
82.07,10.021875000000001,33,4.396562500000001,33,2.826875000000001,33,3.779375000000001,33,0.9938888888888887,18,16.21882352941176,18,19.969411764705885,18,29.588500000000003,20,87.79531168300655
106.18,10.021875000000001,33,4.396562500000001,33,2.826875000000001,33,3.779375000000001,33,0.9938888888888887,18,16.21882352941176,18,19.969411764705885,18,29.588500000000003,20,87.79531168300655
69.73,14.160869565217391,24,5.502083333333334,24,3.3470833333333334,24,4.291250000000001,24,0.7842857142857144,7,13.81,7,16.041428571428572,7,31.30916666666667,12,89.24616718426502
82.44,14.160869565217391,24,5.502083333333334,24,3.3470833333333334,24,4.291250000000001,24,0.7842857142857144,7,13.81,7,16.041428571428572,7,31.30916666666667,12,89.24616718426502
72.29,14.160869565217391,24,5.502083333333334,24,3.3470833333333334,24,4.291250000000001,24,0.7842857142857144,7,13.81,7,16.041428571428572,7,31.30916666666667,12,89.24616718426502
96.8,14.160869565217391,24,5.502083333333334,24,3.3470833333333334,24,4.291250000000001,24,0.7842857142857144,7,13.81,7,16.041428571428572,7,31.30916666666667,12,89.24616718426502
114.26,14.160869565217391,24,5.502083333333334,24,3.3470833333333334,24,4.291250000000001,24,0.7842857142857144,7,13.81,7,16.041428571428572,7,31.30916666666667,12,89.24616718426502
79.29,15.055000000000001,20,5.997368421052631,20,3.8519999999999994,20,4.997999999999999,20,5.187500000000001,8,27.01125,8,34.61,8,29.08636363636363,11,125.79748205741627
81.62,15.055000000000001,20,5.997368421052631,20,3.8519999999999994,20,4.997999999999999,20,5.187500000000001,8,27.01125,8,34.61,8,29.08636363636363,11,125.79748205741627
83.59,11.054999999999998,10,4.792,10,6.4799999999999995,10,6.937,10,0.986,5,17.003999999999998,5,23.688,5,34.52166666666667,6,105.46366666666665
72.36,11.054999999999998,10,4.792,10,6.4799999999999995,10,6.937,10,0.986,5,17.003999999999998,5,23.688,5,34.52166666666667,6,105.46366666666665
92.83,9.26625,17,4.394117647058823,17,2.7852941176470587,17,4.425294117647059,17,1.2,7,26.058571428571423,7,19.662857142857145,7,26.65454545454546,11,94.44692990832696
69.28,9.26625,17,4.394117647058823,17,2.7852941176470587,17,4.425294117647059,17,1.2,7,26.058571428571423,7,19.662857142857145,7,26.65454545454546,11,94.44692990832696
156.77,9.26625,17,4.394117647058823,17,2.7852941176470587,17,4.425294117647059,17,1.2,7,26.058571428571423,7,19.662857142857145,7,26.65454545454546,11,94.44692990832696
95.98,9.26625,17,4.394117647058823,17,2.7852941176470587,17,4.425294117647059,17,1.2,7,26.058571428571423,7,19.662857142857145,7,26.65454545454546,11,94.44692990832696
93.68,9.26625,17,4.394117647058823,17,2.7852941176470587,17,4.425294117647059,17,1.2,7,26.058571428571423,7,19.662857142857145,7,26.65454545454546,11,94.44692990832696
107.16,9.516250000000001,17,4.934375,17,3.294375,17,4.024117647058823,17,1.054,5,15.466000000000003,5,14.847999999999999,5,44.382222222222225,9,97.51933986928105
63.84,9.516250000000001,17,4.934375,17,3.294375,17,4.024117647058823,17,1.054,5,15.466000000000003,5,14.847999999999999,5,44.382222222222225,9,97.51933986928105
140.54,9.516250000000001,17,4.934375,17,3.294375,17,4.024117647058823,17,1.054,5,15.466000000000003,5,14.847999999999999,5,44.382222222222225,9,97.51933986928105
94.88,9.516250000000001,17,4.934375,17,3.294375,17,4.024117647058823,17,1.054,5,15.466000000000003,5,14.847999999999999,5,44.382222222222225,9,97.51933986928105
119.61,13.604166666666664,50,7.581632653061224,50,4.835714285714287,50,5.602448979591836,50,0.983809523809524,22,20.45952380952381,22,25.09571428571429,22,33.420357142857135,29,111.58336734693876
117.38,13.604166666666664,50,7.581632653061224,50,4.835714285714287,50,5.602448979591836,50,0.983809523809524,22,20.45952380952381,22,25.09571428571429,22,33.420357142857135,29,111.58336734693876
100.54,13.604166666666664,50,7.581632653061224,50,4.835714285714287,50,5.602448979591836,50,0.983809523809524,22,20.45952380952381,22,25.09571428571429,22,33.420357142857135,29,111.58336734693876
147.15,13.604166666666664,50,7.581632653061224,50,4.835714285714287,50,5.602448979591836,50,0.983809523809524,22,20.45952380952381,22,25.09571428571429,22,33.420357142857135,29,111.58336734693876
172.69,13.604166666666664,50,7.581632653061224,50,4.835714285714287,50,5.602448979591836,50,0.983809523809524,22,20.45952380952381,22,25.09571428571429,22,33.420357142857135,29,111.58336734693876
108.57,12.769772727272725,46,6.260444444444444,46,4.245333333333333,46,5.961777777777779,46,0.884375,16,17.08625,16,31.151874999999997,16,40.78821428571428,28,119.14804256854256
83.34,12.769772727272725,46,6.260444444444444,46,4.245333333333333,46,5.961777777777779,46,0.884375,16,17.08625,16,31.151874999999997,16,40.78821428571428,28,119.14804256854256
100.67,12.769772727272725,46,6.260444444444444,46,4.245333333333333,46,5.961777777777779,46,0.884375,16,17.08625,16,31.151874999999997,16,40.78821428571428,28,119.14804256854256
85.03,12.769772727272725,46,6.260444444444444,46,4.245333333333333,46,5.961777777777779,46,0.884375,16,17.08625,16,31.151874999999997,16,40.78821428571428,28,119.14804256854256
108.43,12.769772727272725,46,6.260444444444444,46,4.245333333333333,46,5.961777777777779,46,0.884375,16,17.08625,16,31.151874999999997,16,40.78821428571428,28,119.14804256854256
79.25,12.769772727272725,46,6.260444444444444,46,4.245333333333333,46,5.961777777777779,46,0.884375,16,17.08625,16,31.151874999999997,16,40.78821428571428,28,119.14804256854256
82.18,12.321052631578947,39,5.888421052631578,39,4.55842105263158,39,5.844473684210526,39,1.1400000000000001,10,18.540999999999997,10,27.201999999999998,10,34.97605263157894,39,110.47142105263157
136.5,12.321052631578947,39,5.888421052631578,39,4.55842105263158,39,5.844473684210526,39,1.1400000000000001,10,18.540999999999997,10,27.201999999999998,10,34.97605263157894,39,110.47142105263157
114.85,12.321052631578947,39,5.888421052631578,39,4.55842105263158,39,5.844473684210526,39,1.1400000000000001,10,18.540999999999997,10,27.201999999999998,10,34.97605263157894,39,110.47142105263157
108.46,12.321052631578947,39,5.888421052631578,39,4.55842105263158,39,5.844473684210526,39,1.1400000000000001,10,18.540999999999997,10,27.201999999999998,10,34.97605263157894,39,110.47142105263157
108.55,12.321052631578947,39,5.888421052631578,39,4.55842105263158,39,5.844473684210526,39,1.1400000000000001,10,18.540999999999997,10,27.201999999999998,10,34.97605263157894,39,110.47142105263157
123.18,12.321052631578947,39,5.888421052631578,39,4.55842105263158,39,5.844473684210526,39,1.1400000000000001,10,18.540999999999997,10,27.201999999999998,10,34.97605263157894,39,110.47142105263157
239.5,14.271756756756758,76,6.643066666666667,76,4.7562666666666695,76,5.4051351351351355,76,1.0670833333333336,24,18.799583333333334,24,55.29624999999999,24,46.96192771084338,84,153.2010696027353
185.17,14.271756756756758,76,6.643066666666667,76,4.7562666666666695,76,5.4051351351351355,76,1.0670833333333336,24,18.799583333333334,24,55.29624999999999,24,46.96192771084338,84,153.2010696027353
209.01,14.271756756756758,76,6.643066666666667,76,4.7562666666666695,76,5.4051351351351355,76,1.0670833333333336,24,18.799583333333334,24,55.29624999999999,24,46.96192771084338,84,153.2010696027353
196.58,14.271756756756758,76,6.643066666666667,76,4.7562666666666695,76,5.4051351351351355,76,1.0670833333333336,24,18.799583333333334,24,55.29624999999999,24,46.96192771084338,84,153.2010696027353
218.65,14.271756756756758,76,6.643066666666667,76,4.7562666666666695,76,5.4051351351351355,76,1.0670833333333336,24,18.799583333333334,24,55.29624999999999,24,46.96192771084338,84,153.2010696027353
174.27,14.271756756756758,76,6.643066666666667,76,4.7562666666666695,76,5.4051351351351355,76,1.0670833333333336,24,18.799583333333334,24,55.29624999999999,24,46.96192771084338,84,153.2010696027353
131.27,13.062318840579714,71,7.308695652173914,71,5.030579710144929,71,7.573188405797103,71,1.1584615384615382,27,27.227777777777778,27,53.75555555555555,27,47.19999999999999,65,162.3165774804905
165.65,13.062318840579714,71,7.308695652173914,71,5.030579710144929,71,7.573188405797103,71,1.1584615384615382,27,27.227777777777778,27,53.75555555555555,27,47.19999999999999,65,162.3165774804905
120.46,13.062318840579714,71,7.308695652173914,71,5.030579710144929,71,7.573188405797103,71,1.1584615384615382,27,27.227777777777778,27,53.75555555555555,27,47.19999999999999,65,162.3165774804905
114.89,13.062318840579714,71,7.308695652173914,71,5.030579710144929,71,7.573188405797103,71,1.1584615384615382,27,27.227777777777778,27,53.75555555555555,27,47.19999999999999,65,162.3165774804905
91.59,13.062318840579714,71,7.308695652173914,71,5.030579710144929,71,7.573188405797103,71,1.1584615384615382,27,27.227777777777778,27,53.75555555555555,27,47.19999999999999,65,162.3165774804905
102.21,13.062318840579714,71,7.308695652173914,71,5.030579710144929,71,7.573188405797103,71,1.1584615384615382,27,27.227777777777778,27,53.75555555555555,27,47.19999999999999,65,162.3165774804905
116.59,11.278793103448276,60,6.223389830508473,60,4.2211864406779664,60,5.782372881355932,60,0.8507142857142858,15,16.728,15,21.795333333333335,15,36.17064516129032,31,103.05043503632858
116.86,11.278793103448276,60,6.223389830508473,60,4.2211864406779664,60,5.782372881355932,60,0.8507142857142858,15,16.728,15,21.795333333333335,15,36.17064516129032,31,103.05043503632858
119.81,11.278793103448276,60,6.223389830508473,60,4.2211864406779664,60,5.782372881355932,60,0.8507142857142858,15,16.728,15,21.795333333333335,15,36.17064516129032,31,103.05043503632858
108.88,11.278793103448276,60,6.223389830508473,60,4.2211864406779664,60,5.782372881355932,60,0.8507142857142858,15,16.728,15,21.795333333333335,15,36.17064516129032,31,103.05043503632858
101.12,11.278793103448276,60,6.223389830508473,60,4.2211864406779664,60,5.782372881355932,60,0.8507142857142858,15,16.728,15,21.795333333333335,15,36.17064516129032,31,103.05043503632858
130.71,11.278793103448276,60,6.223389830508473,60,4.2211864406779664,60,5.782372881355932,60,0.8507142857142858,15,16.728,15,21.795333333333335,15,36.17064516129032,31,103.05043503632858
105.32,13.938771929824561,58,6.578245614035089,58,4.559821428571429,58,5.14842105263158,58,0.9261538461538462,13,23.35230769230769,13,20.886923076923075,13,40.48290322580645,32,115.87354786625373
122.16,13.938771929824561,58,6.578245614035089,58,4.559821428571429,58,5.14842105263158,58,0.9261538461538462,13,23.35230769230769,13,20.886923076923075,13,40.48290322580645,32,115.87354786625373
120.96,13.938771929824561,58,6.578245614035089,58,4.559821428571429,58,5.14842105263158,58,0.9261538461538462,13,23.35230769230769,13,20.886923076923075,13,40.48290322580645,32,115.87354786625373
120.52,13.938771929824561,58,6.578245614035089,58,4.559821428571429,58,5.14842105263158,58,0.9261538461538462,13,23.35230769230769,13,20.886923076923075,13,40.48290322580645,32,115.87354786625373
137.36,13.938771929824561,58,6.578245614035089,58,4.559821428571429,58,5.14842105263158,58,0.9261538461538462,13,23.35230769230769,13,20.886923076923075,13,40.48290322580645,32,115.87354786625373
117.67,13.938771929824561,58,6.578245614035089,58,4.559821428571429,58,5.14842105263158,58,0.9261538461538462,13,23.35230769230769,13,20.886923076923075,13,40.48290322580645,32,115.87354786625373
164.61,13.356774193548393,96,7.560107526881722,96,5.445806451612903,95,6.313870967741933,95,1.107,30,19.669655172413794,30,54.23533333333333,30,40.42499999999999,65,148.11354764553207
127.43,13.356774193548393,96,7.560107526881722,96,5.445806451612903,95,6.313870967741933,95,1.107,30,19.669655172413794,30,54.23533333333333,30,40.42499999999999,65,148.11354764553207
107.59,13.356774193548393,96,7.560107526881722,96,5.445806451612903,95,6.313870967741933,95,1.107,30,19.669655172413794,30,54.23533333333333,30,40.42499999999999,65,148.11354764553207
109.21,13.356774193548393,96,7.560107526881722,96,5.445806451612903,95,6.313870967741933,95,1.107,30,19.669655172413794,30,54.23533333333333,30,40.42499999999999,65,148.11354764553207
139.11,13.356774193548393,96,7.560107526881722,96,5.445806451612903,95,6.313870967741933,95,1.107,30,19.669655172413794,30,54.23533333333333,30,40.42499999999999,65,148.11354764553207
91.82,13.356774193548393,96,7.560107526881722,96,5.445806451612903,95,6.313870967741933,95,1.107,30,19.669655172413794,30,54.23533333333333,30,40.42499999999999,65,148.11354764553207
111.77,13.577049180327869,62,6.386557377049179,62,4.67704918032787,62,4.916666666666666,62,0.9543478260869565,24,18.78260869565217,24,22.63782608695652,24,29.106829268292692,42,101.03893428135991
99.74,13.577049180327869,62,6.386557377049179,62,4.67704918032787,62,4.916666666666666,62,0.9543478260869565,24,18.78260869565217,24,22.63782608695652,24,29.106829268292692,42,101.03893428135991
98.78,13.577049180327869,62,6.386557377049179,62,4.67704918032787,62,4.916666666666666,62,0.9543478260869565,24,18.78260869565217,24,22.63782608695652,24,29.106829268292692,42,101.03893428135991
119.18,13.577049180327869,62,6.386557377049179,62,4.67704918032787,62,4.916666666666666,62,0.9543478260869565,24,18.78260869565217,24,22.63782608695652,24,29.106829268292692,42,101.03893428135991
126.85,13.577049180327869,62,6.386557377049179,62,4.67704918032787,62,4.916666666666666,62,0.9543478260869565,24,18.78260869565217,24,22.63782608695652,24,29.106829268292692,42,101.03893428135991
120.82,13.577049180327869,62,6.386557377049179,62,4.67704918032787,62,4.916666666666666,62,0.9543478260869565,24,18.78260869565217,24,22.63782608695652,24,29.106829268292692,42,101.03893428135991
115.72,13.161923076923078,53,6.707058823529412,53,5.0994339622641505,53,5.714423076923078,53,0.9366666666666666,12,18.874166666666667,12,26.608333333333338,12,34.691071428571426,28,111.79307703487784
134.77,13.161923076923078,53,6.707058823529412,53,5.0994339622641505,53,5.714423076923078,53,0.9366666666666666,12,18.874166666666667,12,26.608333333333338,12,34.691071428571426,28,111.79307703487784
124.86,13.161923076923078,53,6.707058823529412,53,5.0994339622641505,53,5.714423076923078,53,0.9366666666666666,12,18.874166666666667,12,26.608333333333338,12,34.691071428571426,28,111.79307703487784
110.21,13.161923076923078,53,6.707058823529412,53,5.0994339622641505,53,5.714423076923078,53,0.9366666666666666,12,18.874166666666667,12,26.608333333333338,12,34.691071428571426,28,111.79307703487784
94.86,13.161923076923078,53,6.707058823529412,53,5.0994339622641505,53,5.714423076923078,53,0.9366666666666666,12,18.874166666666667,12,26.608333333333338,12,34.691071428571426,28,111.79307703487784
130.83,13.161923076923078,53,6.707058823529412,53,5.0994339622641505,53,5.714423076923078,53,0.9366666666666666,12,18.874166666666667,12,26.608333333333338,12,34.691071428571426,28,111.79307703487784
106.79,12.719841269841268,65,6.352222222222222,64,4.488095238095239,65,6.0103125,65,1.0042857142857144,14,18.289999999999996,14,21.063846153846153,14,31.296000000000003,41,101.22460309829061
128.15,12.719841269841268,65,6.352222222222222,64,4.488095238095239,65,6.0103125,65,1.0042857142857144,14,18.289999999999996,14,21.063846153846153,14,31.296000000000003,41,101.22460309829061
101.61,12.719841269841268,65,6.352222222222222,64,4.488095238095239,65,6.0103125,65,1.0042857142857144,14,18.289999999999996,14,21.063846153846153,14,31.296000000000003,41,101.22460309829061
112.62,12.719841269841268,65,6.352222222222222,64,4.488095238095239,65,6.0103125,65,1.0042857142857144,14,18.289999999999996,14,21.063846153846153,14,31.296000000000003,41,101.22460309829061
142.51,12.719841269841268,65,6.352222222222222,64,4.488095238095239,65,6.0103125,65,1.0042857142857144,14,18.289999999999996,14,21.063846153846153,14,31.296000000000003,41,101.22460309829061
96.71,12.719841269841268,65,6.352222222222222,64,4.488095238095239,65,6.0103125,65,1.0042857142857144,14,18.289999999999996,14,21.063846153846153,14,31.296000000000003,41,101.22460309829061
115.54,12.903432835820894,69,7.021159420289855,69,4.350735294117645,69,5.362941176470586,69,0.9403448275862069,30,18.267666666666667,30,25.12965517241379,30,35.76603773584907,54,109.74197312921471
93.73,12.903432835820894,69,7.021159420289855,69,4.350735294117645,69,5.362941176470586,69,0.9403448275862069,30,18.267666666666667,30,25.12965517241379,30,35.76603773584907,54,109.74197312921471
108.61,12.903432835820894,69,7.021159420289855,69,4.350735294117645,69,5.362941176470586,69,0.9403448275862069,30,18.267666666666667,30,25.12965517241379,30,35.76603773584907,54,109.74197312921471
108.34,12.903432835820894,69,7.021159420289855,69,4.350735294117645,69,5.362941176470586,69,0.9403448275862069,30,18.267666666666667,30,25.12965517241379,30,35.76603773584907,54,109.74197312921471
117.79,12.903432835820894,69,7.021159420289855,69,4.350735294117645,69,5.362941176470586,69,0.9403448275862069,30,18.267666666666667,30,25.12965517241379,30,35.76603773584907,54,109.74197312921471
119.67,12.903432835820894,69,7.021159420289855,69,4.350735294117645,69,5.362941176470586,69,0.9403448275862069,30,18.267666666666667,30,25.12965517241379,30,35.76603773584907,54,109.74197312921471
125.7,12.269846153846157,66,6.634923076923077,66,4.357903225806451,64,5.2,64,1.08125,24,18.529130434782612,24,24.504782608695653,24,36.89204081632653,50,109.46987631638048
101.77,12.269846153846157,66,6.634923076923077,66,4.357903225806451,64,5.2,64,1.08125,24,18.529130434782612,24,24.504782608695653,24,36.89204081632653,50,109.46987631638048
126.53,12.269846153846157,66,6.634923076923077,66,4.357903225806451,64,5.2,64,1.08125,24,18.529130434782612,24,24.504782608695653,24,36.89204081632653,50,109.46987631638048
145.8,12.269846153846157,66,6.634923076923077,66,4.357903225806451,64,5.2,64,1.08125,24,18.529130434782612,24,24.504782608695653,24,36.89204081632653,50,109.46987631638048
114.23,12.269846153846157,66,6.634923076923077,66,4.357903225806451,64,5.2,64,1.08125,24,18.529130434782612,24,24.504782608695653,24,36.89204081632653,50,109.46987631638048
90.44,12.269846153846157,66,6.634923076923077,66,4.357903225806451,64,5.2,64,1.08125,24,18.529130434782612,24,24.504782608695653,24,36.89204081632653,50,109.46987631638048
95.54,12.405517241379311,89,6.6925000000000034,89,4.543563218390807,89,5.406249999999999,89,1.0300000000000002,33,19.810312500000002,33,28.72969696969697,33,41.59824561403508,57,120.21608554350217
122.02,12.405517241379311,89,6.6925000000000034,89,4.543563218390807,89,5.406249999999999,89,1.0300000000000002,33,19.810312500000002,33,28.72969696969697,33,41.59824561403508,57,120.21608554350217
95.18,12.405517241379311,89,6.6925000000000034,89,4.543563218390807,89,5.406249999999999,89,1.0300000000000002,33,19.810312500000002,33,28.72969696969697,33,41.59824561403508,57,120.21608554350217
113.32,12.405517241379311,89,6.6925000000000034,89,4.543563218390807,89,5.406249999999999,89,1.0300000000000002,33,19.810312500000002,33,28.72969696969697,33,41.59824561403508,57,120.21608554350217
107.8,12.405517241379311,89,6.6925000000000034,89,4.543563218390807,89,5.406249999999999,89,1.0300000000000002,33,19.810312500000002,33,28.72969696969697,33,41.59824561403508,57,120.21608554350217
137.49,12.405517241379311,89,6.6925000000000034,89,4.543563218390807,89,5.406249999999999,89,1.0300000000000002,33,19.810312500000002,33,28.72969696969697,33,41.59824561403508,57,120.21608554350217
194.42,12.350781250000004,65,6.944531250000002,65,5.43515625,65,6.395468750000001,65,1.0315384615384615,27,24.53923076923077,27,51.89111111111111,27,39.09568627450981,52,147.68350411639014
128.59,12.350781250000004,65,6.944531250000002,65,5.43515625,65,6.395468750000001,65,1.0315384615384615,27,24.53923076923077,27,51.89111111111111,27,39.09568627450981,52,147.68350411639014
120.15,12.350781250000004,65,6.944531250000002,65,5.43515625,65,6.395468750000001,65,1.0315384615384615,27,24.53923076923077,27,51.89111111111111,27,39.09568627450981,52,147.68350411639014
129.76,12.350781250000004,65,6.944531250000002,65,5.43515625,65,6.395468750000001,65,1.0315384615384615,27,24.53923076923077,27,51.89111111111111,27,39.09568627450981,52,147.68350411639014
126.19,12.350781250000004,65,6.944531250000002,65,5.43515625,65,6.395468750000001,65,1.0315384615384615,27,24.53923076923077,27,51.89111111111111,27,39.09568627450981,52,147.68350411639014
126.81,12.350781250000004,65,6.944531250000002,65,5.43515625,65,6.395468750000001,65,1.0315384615384615,27,24.53923076923077,27,51.89111111111111,27,39.09568627450981,52,147.68350411639014
124.23,10.8759375,66,5.691562500000001,66,4.12890625,66,5.154769230769229,66,1.0654166666666665,25,20.255833333333335,25,42.537600000000005,25,42.4539705882353,69,132.16399606900455
154.71,10.8759375,66,5.691562500000001,66,4.12890625,66,5.154769230769229,66,1.0654166666666665,25,20.255833333333335,25,42.537600000000005,25,42.4539705882353,69,132.16399606900455
113.66,10.8759375,66,5.691562500000001,66,4.12890625,66,5.154769230769229,66,1.0654166666666665,25,20.255833333333335,25,42.537600000000005,25,42.4539705882353,69,132.16399606900455
140.25,10.8759375,66,5.691562500000001,66,4.12890625,66,5.154769230769229,66,1.0654166666666665,25,20.255833333333335,25,42.537600000000005,25,42.4539705882353,69,132.16399606900455
96.74,10.8759375,66,5.691562500000001,66,4.12890625,66,5.154769230769229,66,1.0654166666666665,25,20.255833333333335,25,42.537600000000005,25,42.4539705882353,69,132.16399606900455
130.55,10.8759375,66,5.691562500000001,66,4.12890625,66,5.154769230769229,66,1.0654166666666665,25,20.255833333333335,25,42.537600000000005,25,42.4539705882353,69,132.16399606900455
91.7,12.73910714285714,57,6.175454545454543,57,4.268392857142857,57,5.115178571428571,57,0.9739285714285717,29,19.154137931034484,29,23.470000000000002,29,39.91826923076921,53,111.81446885011538
98.46,12.73910714285714,57,6.175454545454543,57,4.268392857142857,57,5.115178571428571,57,0.9739285714285717,29,19.154137931034484,29,23.470000000000002,29,39.91826923076921,53,111.81446885011538
119.45,12.73910714285714,57,6.175454545454543,57,4.268392857142857,57,5.115178571428571,57,0.9739285714285717,29,19.154137931034484,29,23.470000000000002,29,39.91826923076921,53,111.81446885011538
99.21,12.73910714285714,57,6.175454545454543,57,4.268392857142857,57,5.115178571428571,57,0.9739285714285717,29,19.154137931034484,29,23.470000000000002,29,39.91826923076921,53,111.81446885011538
103.93,12.73910714285714,57,6.175454545454543,57,4.268392857142857,57,5.115178571428571,57,0.9739285714285717,29,19.154137931034484,29,23.470000000000002,29,39.91826923076921,53,111.81446885011538
125.1,12.73910714285714,57,6.175454545454543,57,4.268392857142857,57,5.115178571428571,57,0.9739285714285717,29,19.154137931034484,29,23.470000000000002,29,39.91826923076921,53,111.81446885011538
111.67,13.17084745762712,60,6.774576271186441,60,4.545172413793103,59,5.382105263157892,59,1.0183333333333335,30,17.269655172413792,30,40.73034482758621,30,36.419347826086955,47,125.31038256518485
102.73,13.17084745762712,60,6.774576271186441,60,4.545172413793103,59,5.382105263157892,59,1.0183333333333335,30,17.269655172413792,30,40.73034482758621,30,36.419347826086955,47,125.31038256518485
104.64,13.17084745762712,60,6.774576271186441,60,4.545172413793103,59,5.382105263157892,59,1.0183333333333335,30,17.269655172413792,30,40.73034482758621,30,36.419347826086955,47,125.31038256518485
115.85,13.17084745762712,60,6.774576271186441,60,4.545172413793103,59,5.382105263157892,59,1.0183333333333335,30,17.269655172413792,30,40.73034482758621,30,36.419347826086955,47,125.31038256518485
128.57,13.17084745762712,60,6.774576271186441,60,4.545172413793103,59,5.382105263157892,59,1.0183333333333335,30,17.269655172413792,30,40.73034482758621,30,36.419347826086955,47,125.31038256518485
116.37,13.17084745762712,60,6.774576271186441,60,4.545172413793103,59,5.382105263157892,59,1.0183333333333335,30,17.269655172413792,30,40.73034482758621,30,36.419347826086955,47,125.31038256518485
122.52,12.369866666666663,76,6.579868421052631,76,4.7872,76,5.758378378378379,76,0.9593548387096774,32,18.65161290322581,32,26.788125000000004,32,34.653207547169806,54,110.54761375520297
112.68,12.369866666666663,76,6.579868421052631,76,4.7872,76,5.758378378378379,76,0.9593548387096774,32,18.65161290322581,32,26.788125000000004,32,34.653207547169806,54,110.54761375520297
128.67,12.369866666666663,76,6.579868421052631,76,4.7872,76,5.758378378378379,76,0.9593548387096774,32,18.65161290322581,32,26.788125000000004,32,34.653207547169806,54,110.54761375520297
133.99,12.369866666666663,76,6.579868421052631,76,4.7872,76,5.758378378378379,76,0.9593548387096774,32,18.65161290322581,32,26.788125000000004,32,34.653207547169806,54,110.54761375520297
115.91,12.369866666666663,76,6.579868421052631,76,4.7872,76,5.758378378378379,76,0.9593548387096774,32,18.65161290322581,32,26.788125000000004,32,34.653207547169806,54,110.54761375520297
112.29,12.369866666666663,76,6.579868421052631,76,4.7872,76,5.758378378378379,76,0.9593548387096774,32,18.65161290322581,32,26.788125000000004,32,34.653207547169806,54,110.54761375520297
145.52,11.673000000000002,61,5.984754098360656,61,3.834406779661017,60,4.698499999999998,60,0.9696296296296296,28,18.93296296296296,28,36.37857142857144,28,41.973809523809514,63,124.44563442299523
122.83,11.673000000000002,61,5.984754098360656,61,3.834406779661017,60,4.698499999999998,60,0.9696296296296296,28,18.93296296296296,28,36.37857142857144,28,41.973809523809514,63,124.44563442299523
118.9,11.673000000000002,61,5.984754098360656,61,3.834406779661017,60,4.698499999999998,60,0.9696296296296296,28,18.93296296296296,28,36.37857142857144,28,41.973809523809514,63,124.44563442299523
135.67,14.470512820512823,121,8.219075630252096,121,6.0134453781512605,121,7.75186440677966,121,1.3707692307692307,40,19.545384615384616,40,26.286153846153855,40,45.450860215053766,96,129.1080661430573
136.96,14.470512820512823,121,8.219075630252096,121,6.0134453781512605,121,7.75186440677966,121,1.3707692307692307,40,19.545384615384616,40,26.286153846153855,40,45.450860215053766,96,129.1080661430573
109.65,14.470512820512823,121,8.219075630252096,121,6.0134453781512605,121,7.75186440677966,121,1.3707692307692307,40,19.545384615384616,40,26.286153846153855,40,45.450860215053766,96,129.1080661430573
115.75,14.470512820512823,121,8.219075630252096,121,6.0134453781512605,121,7.75186440677966,121,1.3707692307692307,40,19.545384615384616,40,26.286153846153855,40,45.450860215053766,96,129.1080661430573
117.05,14.470512820512823,121,8.219075630252096,121,6.0134453781512605,121,7.75186440677966,121,1.3707692307692307,40,19.545384615384616,40,26.286153846153855,40,45.450860215053766,96,129.1080661430573
133.5,14.470512820512823,121,8.219075630252096,121,6.0134453781512605,121,7.75186440677966,121,1.3707692307692307,40,19.545384615384616,40,26.286153846153855,40,45.450860215053766,96,129.1080661430573
113.91,11.86857142857143,50,5.852600000000001,50,3.9346938775510196,50,4.613999999999999,50,0.7976923076923078,26,17.771153846153847,26,24.632399999999997,26,30.405999999999995,46,99.87711145996859
121.59,11.86857142857143,50,5.852600000000001,50,3.9346938775510196,50,4.613999999999999,50,0.7976923076923078,26,17.771153846153847,26,24.632399999999997,26,30.405999999999995,46,99.87711145996859
104.78,11.86857142857143,50,5.852600000000001,50,3.9346938775510196,50,4.613999999999999,50,0.7976923076923078,26,17.771153846153847,26,24.632399999999997,26,30.405999999999995,46,99.87711145996859
101.95,11.86857142857143,50,5.852600000000001,50,3.9346938775510196,50,4.613999999999999,50,0.7976923076923078,26,17.771153846153847,26,24.632399999999997,26,30.405999999999995,46,99.87711145996859
100.76,11.86857142857143,50,5.852600000000001,50,3.9346938775510196,50,4.613999999999999,50,0.7976923076923078,26,17.771153846153847,26,24.632399999999997,26,30.405999999999995,46,99.87711145996859
114.75,11.86857142857143,50,5.852600000000001,50,3.9346938775510196,50,4.613999999999999,50,0.7976923076923078,26,17.771153846153847,26,24.632399999999997,26,30.405999999999995,46,99.87711145996859
100.34,11.63408163265306,50,5.859387755102041,50,3.8569387755102054,50,4.703125000000001,50,0.9399999999999998,21,17.636499999999998,21,29.752500000000005,21,37.786444444444456,45,112.16897760770978
106.75,11.63408163265306,50,5.859387755102041,50,3.8569387755102054,50,4.703125000000001,50,0.9399999999999998,21,17.636499999999998,21,29.752500000000005,21,37.786444444444456,45,112.16897760770978
103.45,11.63408163265306,50,5.859387755102041,50,3.8569387755102054,50,4.703125000000001,50,0.9399999999999998,21,17.636499999999998,21,29.752500000000005,21,37.786444444444456,45,112.16897760770978
125.34,11.63408163265306,50,5.859387755102041,50,3.8569387755102054,50,4.703125000000001,50,0.9399999999999998,21,17.636499999999998,21,29.752500000000005,21,37.786444444444456,45,112.16897760770978
138.83,11.63408163265306,50,5.859387755102041,50,3.8569387755102054,50,4.703125000000001,50,0.9399999999999998,21,17.636499999999998,21,29.752500000000005,21,37.786444444444456,45,112.16897760770978
97.76,11.63408163265306,50,5.859387755102041,50,3.8569387755102054,50,4.703125000000001,50,0.9399999999999998,21,17.636499999999998,21,29.752500000000005,21,37.786444444444456,45,112.16897760770978
102.2,11.808392857142852,57,5.910892857142856,57,4.036607142857142,57,4.8429824561403505,57,0.8954545454545454,23,17.280869565217394,23,24.805909090909093,23,32.21239130434783,47,101.79349981921207
149.22,11.808392857142852,57,5.910892857142856,57,4.036607142857142,57,4.8429824561403505,57,0.8954545454545454,23,17.280869565217394,23,24.805909090909093,23,32.21239130434783,47,101.79349981921207
146.57,11.808392857142852,57,5.910892857142856,57,4.036607142857142,57,4.8429824561403505,57,0.8954545454545454,23,17.280869565217394,23,24.805909090909093,23,32.21239130434783,47,101.79349981921207
112.86,11.808392857142852,57,5.910892857142856,57,4.036607142857142,57,4.8429824561403505,57,0.8954545454545454,23,17.280869565217394,23,24.805909090909093,23,32.21239130434783,47,101.79349981921207
280.83,11.808392857142852,57,5.910892857142856,57,4.036607142857142,57,4.8429824561403505,57,0.8954545454545454,23,17.280869565217394,23,24.805909090909093,23,32.21239130434783,47,101.79349981921207
127.44,11.808392857142852,57,5.910892857142856,57,4.036607142857142,57,4.8429824561403505,57,0.8954545454545454,23,17.280869565217394,23,24.805909090909093,23,32.21239130434783,47,101.79349981921207
104.26,12.354920634920633,64,5.800468749999999,64,3.6517460317460335,64,4.4046031746031735,64,0.8326086956521737,23,16.539545454545458,23,24.117727272727276,23,34.95203389830509,60,102.65365391249982
118.68,12.354920634920633,64,5.800468749999999,64,3.6517460317460335,64,4.4046031746031735,64,0.8326086956521737,23,16.539545454545458,23,24.117727272727276,23,34.95203389830509,60,102.65365391249982
114.99,12.354920634920633,64,5.800468749999999,64,3.6517460317460335,64,4.4046031746031735,64,0.8326086956521737,23,16.539545454545458,23,24.117727272727276,23,34.95203389830509,60,102.65365391249982
113.32,12.354920634920633,64,5.800468749999999,64,3.6517460317460335,64,4.4046031746031735,64,0.8326086956521737,23,16.539545454545458,23,24.117727272727276,23,34.95203389830509,60,102.65365391249982
112.96,12.354920634920633,64,5.800468749999999,64,3.6517460317460335,64,4.4046031746031735,64,0.8326086956521737,23,16.539545454545458,23,24.117727272727276,23,34.95203389830509,60,102.65365391249982
119.21,12.354920634920633,64,5.800468749999999,64,3.6517460317460335,64,4.4046031746031735,64,0.8326086956521737,23,16.539545454545458,23,24.117727272727276,23,34.95203389830509,60,102.65365391249982
106.23,13.779836065573772,63,6.406393442622949,63,4.060327868852459,63,5.042903225806451,63,0.9223076923076927,27,21.988461538461536,27,22.74407407407407,27,35.918679245283016,54,110.86298315298194
108.75,13.779836065573772,63,6.406393442622949,63,4.060327868852459,63,5.042903225806451,63,0.9223076923076927,27,21.988461538461536,27,22.74407407407407,27,35.918679245283016,54,110.86298315298194
120.05,13.779836065573772,63,6.406393442622949,63,4.060327868852459,63,5.042903225806451,63,0.9223076923076927,27,21.988461538461536,27,22.74407407407407,27,35.918679245283016,54,110.86298315298194
113.05,13.779836065573772,63,6.406393442622949,63,4.060327868852459,63,5.042903225806451,63,0.9223076923076927,27,21.988461538461536,27,22.74407407407407,27,35.918679245283016,54,110.86298315298194
116.78,13.779836065573772,63,6.406393442622949,63,4.060327868852459,63,5.042903225806451,63,0.9223076923076927,27,21.988461538461536,27,22.74407407407407,27,35.918679245283016,54,110.86298315298194
102.01,13.779836065573772,63,6.406393442622949,63,4.060327868852459,63,5.042903225806451,63,0.9223076923076927,27,21.988461538461536,27,22.74407407407407,27,35.918679245283016,54,110.86298315298194
107.08,12.770493827160495,83,7.042962962962963,83,5.7907317073170725,83,5.534074074074074,83,1.1720689655172416,29,21.34178571428571,29,27.966428571428565,29,34.26861538461537,65,115.88716120736149
107.79,12.770493827160495,83,7.042962962962963,83,5.7907317073170725,83,5.534074074074074,83,1.1720689655172416,29,21.34178571428571,29,27.966428571428565,29,34.26861538461537,65,115.88716120736149
113.54,12.770493827160495,83,7.042962962962963,83,5.7907317073170725,83,5.534074074074074,83,1.1720689655172416,29,21.34178571428571,29,27.966428571428565,29,34.26861538461537,65,115.88716120736149
120.43,12.770493827160495,83,7.042962962962963,83,5.7907317073170725,83,5.534074074074074,83,1.1720689655172416,29,21.34178571428571,29,27.966428571428565,29,34.26861538461537,65,115.88716120736149
98.43,12.770493827160495,83,7.042962962962963,83,5.7907317073170725,83,5.534074074074074,83,1.1720689655172416,29,21.34178571428571,29,27.966428571428565,29,34.26861538461537,65,115.88716120736149
203.15,12.770493827160495,83,7.042962962962963,83,5.7907317073170725,83,5.534074074074074,83,1.1720689655172416,29,21.34178571428571,29,27.966428571428565,29,34.26861538461537,65,115.88716120736149
142.31,14.89545454545454,89,6.6154545454545435,89,4.564534883720929,89,5.498720930232557,89,1.2208333333333339,37,25.62857142857143,37,49.55837837837838,37,37.74704225352114,72,145.72899029866684
119.23,14.89545454545454,89,6.6154545454545435,89,4.564534883720929,89,5.498720930232557,89,1.2208333333333339,37,25.62857142857143,37,49.55837837837838,37,37.74704225352114,72,145.72899029866684
131.52,14.89545454545454,89,6.6154545454545435,89,4.564534883720929,89,5.498720930232557,89,1.2208333333333339,37,25.62857142857143,37,49.55837837837838,37,37.74704225352114,72,145.72899029866684
140.16,14.89545454545454,89,6.6154545454545435,89,4.564534883720929,89,5.498720930232557,89,1.2208333333333339,37,25.62857142857143,37,49.55837837837838,37,37.74704225352114,72,145.72899029866684
107.73,14.89545454545454,89,6.6154545454545435,89,4.564534883720929,89,5.498720930232557,89,1.2208333333333339,37,25.62857142857143,37,49.55837837837838,37,37.74704225352114,72,145.72899029866684
525.0,14.89545454545454,89,6.6154545454545435,89,4.564534883720929,89,5.498720930232557,89,1.2208333333333339,37,25.62857142857143,37,49.55837837837838,37,37.74704225352114,72,145.72899029866684
133.14,13.326117647058824,87,6.407261904761906,86,5.063720930232557,87,5.623294117647059,87,1.2052,25,30.7164,25,66.75479999999999,25,35.51898305084746,60,164.61577765054778
137.67,13.326117647058824,87,6.407261904761906,86,5.063720930232557,87,5.623294117647059,87,1.2052,25,30.7164,25,66.75479999999999,25,35.51898305084746,60,164.61577765054778
93.54,13.326117647058824,87,6.407261904761906,86,5.063720930232557,87,5.623294117647059,87,1.2052,25,30.7164,25,66.75479999999999,25,35.51898305084746,60,164.61577765054778
135.56,13.326117647058824,87,6.407261904761906,86,5.063720930232557,87,5.623294117647059,87,1.2052,25,30.7164,25,66.75479999999999,25,35.51898305084746,60,164.61577765054778
128.98,13.326117647058824,87,6.407261904761906,86,5.063720930232557,87,5.623294117647059,87,1.2052,25,30.7164,25,66.75479999999999,25,35.51898305084746,60,164.61577765054778
147.03,13.326117647058824,87,6.407261904761906,86,5.063720930232557,87,5.623294117647059,87,1.2052,25,30.7164,25,66.75479999999999,25,35.51898305084746,60,164.61577765054778
125.57,11.893382352941176,69,5.940597014925373,68,3.947352941176471,69,4.960441176470588,69,1.1621739130434778,24,24.03583333333334,24,28.48304347826087,24,32.98727272727273,44,113.41009693742403
152.19,11.893382352941176,69,5.940597014925373,68,3.947352941176471,69,4.960441176470588,69,1.1621739130434778,24,24.03583333333334,24,28.48304347826087,24,32.98727272727273,44,113.41009693742403
125.55,11.893382352941176,69,5.940597014925373,68,3.947352941176471,69,4.960441176470588,69,1.1621739130434778,24,24.03583333333334,24,28.48304347826087,24,32.98727272727273,44,113.41009693742403
158.01,11.893382352941176,69,5.940597014925373,68,3.947352941176471,69,4.960441176470588,69,1.1621739130434778,24,24.03583333333334,24,28.48304347826087,24,32.98727272727273,44,113.41009693742403
115.05,11.893382352941176,69,5.940597014925373,68,3.947352941176471,69,4.960441176470588,69,1.1621739130434778,24,24.03583333333334,24,28.48304347826087,24,32.98727272727273,44,113.41009693742403
116.37,11.893382352941176,69,5.940597014925373,68,3.947352941176471,69,4.960441176470588,69,1.1621739130434778,24,24.03583333333334,24,28.48304347826087,24,32.98727272727273,44,113.41009693742403
136.34,10.938039215686272,52,6.592352941176471,52,4.6866,52,5.4029411764705895,52,0.9673684210526315,20,20.009999999999998,20,44.115,20,35.28152173913043,47,127.9938234935164
143.7,10.938039215686272,52,6.592352941176471,52,4.6866,52,5.4029411764705895,52,0.9673684210526315,20,20.009999999999998,20,44.115,20,35.28152173913043,47,127.9938234935164
100.13,10.938039215686272,52,6.592352941176471,52,4.6866,52,5.4029411764705895,52,0.9673684210526315,20,20.009999999999998,20,44.115,20,35.28152173913043,47,127.9938234935164
122.91,10.938039215686272,52,6.592352941176471,52,4.6866,52,5.4029411764705895,52,0.9673684210526315,20,20.009999999999998,20,44.115,20,35.28152173913043,47,127.9938234935164
112.75,10.938039215686272,52,6.592352941176471,52,4.6866,52,5.4029411764705895,52,0.9673684210526315,20,20.009999999999998,20,44.115,20,35.28152173913043,47,127.9938234935164
120.58,10.938039215686272,52,6.592352941176471,52,4.6866,52,5.4029411764705895,52,0.9673684210526315,20,20.009999999999998,20,44.115,20,35.28152173913043,47,127.9938234935164
152.27,11.402807017543854,58,5.897586206896552,58,4.121929824561405,58,4.63140350877193,58,0.8766666666666667,27,18.209629629629628,27,33.13444444444445,27,39.01528301886793,53,117.28975031738241
123.18,11.402807017543854,58,5.897586206896552,58,4.121929824561405,58,4.63140350877193,58,0.8766666666666667,27,18.209629629629628,27,33.13444444444445,27,39.01528301886793,53,117.28975031738241
112.64,11.402807017543854,58,5.897586206896552,58,4.121929824561405,58,4.63140350877193,58,0.8766666666666667,27,18.209629629629628,27,33.13444444444445,27,39.01528301886793,53,117.28975031738241
110.19,11.402807017543854,58,5.897586206896552,58,4.121929824561405,58,4.63140350877193,58,0.8766666666666667,27,18.209629629629628,27,33.13444444444445,27,39.01528301886793,53,117.28975031738241
100.43,11.402807017543854,58,5.897586206896552,58,4.121929824561405,58,4.63140350877193,58,0.8766666666666667,27,18.209629629629628,27,33.13444444444445,27,39.01528301886793,53,117.28975031738241
150.64,11.402807017543854,58,5.897586206896552,58,4.121929824561405,58,4.63140350877193,58,0.8766666666666667,27,18.209629629629628,27,33.13444444444445,27,39.01528301886793,53,117.28975031738241
139.66,13.197413793103443,59,6.4300000000000015,59,4.360526315789474,59,4.7173684210526305,59,0.9740000000000002,26,25.119230769230775,26,38.205,26,32.97686274509804,52,125.98040204427438
126.32,13.197413793103443,59,6.4300000000000015,59,4.360526315789474,59,4.7173684210526305,59,0.9740000000000002,26,25.119230769230775,26,38.205,26,32.97686274509804,52,125.98040204427438
124.92,13.197413793103443,59,6.4300000000000015,59,4.360526315789474,59,4.7173684210526305,59,0.9740000000000002,26,25.119230769230775,26,38.205,26,32.97686274509804,52,125.98040204427438
139.16,13.197413793103443,59,6.4300000000000015,59,4.360526315789474,59,4.7173684210526305,59,0.9740000000000002,26,25.119230769230775,26,38.205,26,32.97686274509804,52,125.98040204427438
128.43,13.197413793103443,59,6.4300000000000015,59,4.360526315789474,59,4.7173684210526305,59,0.9740000000000002,26,25.119230769230775,26,38.205,26,32.97686274509804,52,125.98040204427438
95.71,13.197413793103443,59,6.4300000000000015,59,4.360526315789474,59,4.7173684210526305,59,0.9740000000000002,26,25.119230769230775,26,38.205,26,32.97686274509804,52,125.98040204427438
135.93,12.05236111111111,75,7.987972972972973,75,4.714383561643834,74,5.277534246575344,74,0.9585294117647057,34,18.391470588235293,34,34.47205882352941,34,36.277916666666684,73,120.13222738249935
121.93,12.05236111111111,75,7.987972972972973,75,4.714383561643834,74,5.277534246575344,74,0.9585294117647057,34,18.391470588235293,34,34.47205882352941,34,36.277916666666684,73,120.13222738249935
107.05,12.05236111111111,75,7.987972972972973,75,4.714383561643834,74,5.277534246575344,74,0.9585294117647057,34,18.391470588235293,34,34.47205882352941,34,36.277916666666684,73,120.13222738249935
113.41,12.05236111111111,75,7.987972972972973,75,4.714383561643834,74,5.277534246575344,74,0.9585294117647057,34,18.391470588235293,34,34.47205882352941,34,36.277916666666684,73,120.13222738249935
123.13,12.05236111111111,75,7.987972972972973,75,4.714383561643834,74,5.277534246575344,74,0.9585294117647057,34,18.391470588235293,34,34.47205882352941,34,36.277916666666684,73,120.13222738249935
107.53,12.05236111111111,75,7.987972972972973,75,4.714383561643834,74,5.277534246575344,74,0.9585294117647057,34,18.391470588235293,34,34.47205882352941,34,36.277916666666684,73,120.13222738249935
110.48,13.279499999999995,61,6.651333333333333,61,4.6095,61,6.358644067796612,61,1.016521739130435,23,19.479999999999997,23,34.60217391304347,23,37.014038461538455,53,123.01171151484228
113.84,13.279499999999995,61,6.651333333333333,61,4.6095,61,6.358644067796612,61,1.016521739130435,23,19.479999999999997,23,34.60217391304347,23,37.014038461538455,53,123.01171151484228
124.66,13.279499999999995,61,6.651333333333333,61,4.6095,61,6.358644067796612,61,1.016521739130435,23,19.479999999999997,23,34.60217391304347,23,37.014038461538455,53,123.01171151484228
88.7,13.279499999999995,61,6.651333333333333,61,4.6095,61,6.358644067796612,61,1.016521739130435,23,19.479999999999997,23,34.60217391304347,23,37.014038461538455,53,123.01171151484228
103.83,13.279499999999995,61,6.651333333333333,61,4.6095,61,6.358644067796612,61,1.016521739130435,23,19.479999999999997,23,34.60217391304347,23,37.014038461538455,53,123.01171151484228
170.18,13.279499999999995,61,6.651333333333333,61,4.6095,61,6.358644067796612,61,1.016521739130435,23,19.479999999999997,23,34.60217391304347,23,37.014038461538455,53,123.01171151484228
112.65,11.510923076923076,67,6.268571428571426,66,4.575454545454546,67,4.9175,67,0.9567999999999998,25,20.91458333333333,25,31.273750000000003,25,32.67999999999999,60,113.09758238428238
107.82,11.510923076923076,67,6.268571428571426,66,4.575454545454546,67,4.9175,67,0.9567999999999998,25,20.91458333333333,25,31.273750000000003,25,32.67999999999999,60,113.09758238428238
112.35,11.510923076923076,67,6.268571428571426,66,4.575454545454546,67,4.9175,67,0.9567999999999998,25,20.91458333333333,25,31.273750000000003,25,32.67999999999999,60,113.09758238428238
98.51,11.510923076923076,67,6.268571428571426,66,4.575454545454546,67,4.9175,67,0.9567999999999998,25,20.91458333333333,25,31.273750000000003,25,32.67999999999999,60,113.09758238428238
103.75,11.510923076923076,67,6.268571428571426,66,4.575454545454546,67,4.9175,67,0.9567999999999998,25,20.91458333333333,25,31.273750000000003,25,32.67999999999999,60,113.09758238428238
102.92,11.510923076923076,67,6.268571428571426,66,4.575454545454546,67,4.9175,67,0.9567999999999998,25,20.91458333333333,25,31.273750000000003,25,32.67999999999999,60,113.09758238428238
121.97,13.502142857142857,43,6.908095238095239,43,5.280731707317074,43,5.853095238095239,43,1.176923076923077,13,22.826666666666668,13,36.02230769230769,13,30.697631578947373,38,122.2675940554952
124.4,13.502142857142857,43,6.908095238095239,43,5.280731707317074,43,5.853095238095239,43,1.176923076923077,13,22.826666666666668,13,36.02230769230769,13,30.697631578947373,38,122.2675940554952
95.07,13.502142857142857,43,6.908095238095239,43,5.280731707317074,43,5.853095238095239,43,1.176923076923077,13,22.826666666666668,13,36.02230769230769,13,30.697631578947373,38,122.2675940554952
109.61,13.502142857142857,43,6.908095238095239,43,5.280731707317074,43,5.853095238095239,43,1.176923076923077,13,22.826666666666668,13,36.02230769230769,13,30.697631578947373,38,122.2675940554952
109.73,13.502142857142857,43,6.908095238095239,43,5.280731707317074,43,5.853095238095239,43,1.176923076923077,13,22.826666666666668,13,36.02230769230769,13,30.697631578947373,38,122.2675940554952
165.64,13.502142857142857,43,6.908095238095239,43,5.280731707317074,43,5.853095238095239,43,1.176923076923077,13,22.826666666666668,13,36.02230769230769,13,30.697631578947373,38,122.2675940554952
