139.36,12.44909090909091,22,8.370454545454544,22,38.87473684210526,38,4.696486486486488,38,40.73642857142857,43,105.12719735456578
103.67,12.44909090909091,22,8.370454545454544,22,38.87473684210526,38,4.696486486486488,38,40.73642857142857,43,105.12719735456578
109.3,12.44909090909091,22,8.370454545454544,22,38.87473684210526,38,4.696486486486488,38,40.73642857142857,43,105.12719735456578
108.3,12.44909090909091,22,8.370454545454544,22,38.87473684210526,38,4.696486486486488,38,40.73642857142857,43,105.12719735456578
91.94,12.44909090909091,22,8.370454545454544,22,38.87473684210526,38,4.696486486486488,38,40.73642857142857,43,105.12719735456578
106.92,12.44909090909091,22,8.370454545454544,22,38.87473684210526,38,4.696486486486488,38,40.73642857142857,43,105.12719735456578
114.94,14.672,11,9.165454545454546,11,31.568181818181827,22,3.2304761904761907,22,33.352857142857154,28,91.98896969696972
131.36,14.672,11,9.165454545454546,11,31.568181818181827,22,3.2304761904761907,22,33.352857142857154,28,91.98896969696972
134.24,14.672,11,9.165454545454546,11,31.568181818181827,22,3.2304761904761907,22,33.352857142857154,28,91.98896969696972
101.55,14.672,11,9.165454545454546,11,31.568181818181827,22,3.2304761904761907,22,33.352857142857154,28,91.98896969696972
113.77,14.672,11,9.165454545454546,11,31.568181818181827,22,3.2304761904761907,22,33.352857142857154,28,91.98896969696972
89.67,14.672,11,9.165454545454546,11,31.568181818181827,22,3.2304761904761907,22,33.352857142857154,28,91.98896969696972
125.52,8.500769230769233,13,6.263076923076924,13,41.409444444444446,18,2.838823529411765,18,37.10578947368421,20,96.11790360138657
110.95,8.500769230769233,13,6.263076923076924,13,41.409444444444446,18,2.838823529411765,18,37.10578947368421,20,96.11790360138657
95.16,8.500769230769233,13,6.263076923076924,13,41.409444444444446,18,2.838823529411765,18,37.10578947368421,20,96.11790360138657
131.44,8.500769230769233,13,6.263076923076924,13,41.409444444444446,18,2.838823529411765,18,37.10578947368421,20,96.11790360138657
169.79,8.500769230769233,13,6.263076923076924,13,41.409444444444446,18,2.838823529411765,18,37.10578947368421,20,96.11790360138657
115.19,10.584999999999999,18,6.487058823529411,18,41.1986956521739,23,4.085909090909091,23,40.827999999999996,41,103.1846635666124
136.99,10.584999999999999,18,6.487058823529411,18,41.1986956521739,23,4.085909090909091,23,40.827999999999996,41,103.1846635666124
191.51,10.584999999999999,18,6.487058823529411,18,41.1986956521739,23,4.085909090909091,23,40.827999999999996,41,103.1846635666124
105.54,10.584999999999999,18,6.487058823529411,18,41.1986956521739,23,4.085909090909091,23,40.827999999999996,41,103.1846635666124
82.42,10.584999999999999,18,6.487058823529411,18,41.1986956521739,23,4.085909090909091,23,40.827999999999996,41,103.1846635666124
91.96,10.584999999999999,18,6.487058823529411,18,41.1986956521739,23,4.085909090909091,23,40.827999999999996,41,103.1846635666124
116.16,10.384000000000002,16,9.02125,16,51.734642857142845,28,5.101111111111111,28,38.31794871794872,39,114.55895268620266
122.16,10.384000000000002,16,9.02125,16,51.734642857142845,28,5.101111111111111,28,38.31794871794872,39,114.55895268620266
124.94,10.384000000000002,16,9.02125,16,51.734642857142845,28,5.101111111111111,28,38.31794871794872,39,114.55895268620266
140.63,10.384000000000002,16,9.02125,16,51.734642857142845,28,5.101111111111111,28,38.31794871794872,39,114.55895268620266
63.35,10.384000000000002,16,9.02125,16,51.734642857142845,28,5.101111111111111,28,38.31794871794872,39,114.55895268620266
126.81,10.384000000000002,16,9.02125,16,51.734642857142845,28,5.101111111111111,28,38.31794871794872,39,114.55895268620266
248.15,11.623000000000001,21,7.3115,21,34.82566666666666,30,4.423571428571429,30,40.86931818181818,44,99.05305627705627
206.31,11.623000000000001,21,7.3115,21,34.82566666666666,30,4.423571428571429,30,40.86931818181818,44,99.05305627705627
106.74,11.623000000000001,21,7.3115,21,34.82566666666666,30,4.423571428571429,30,40.86931818181818,44,99.05305627705627
122.36,11.623000000000001,21,7.3115,21,34.82566666666666,30,4.423571428571429,30,40.86931818181818,44,99.05305627705627
156.42,11.623000000000001,21,7.3115,21,34.82566666666666,30,4.423571428571429,30,40.86931818181818,44,99.05305627705627
87.72,11.623000000000001,21,7.3115,21,34.82566666666666,30,4.423571428571429,30,40.86931818181818,44,99.05305627705627
118.64,13.19909090909091,11,9.417272727272728,11,48.98863636363637,22,3.2733333333333325,22,43.26,28,118.13833333333332
131.04,13.19909090909091,11,9.417272727272728,11,48.98863636363637,22,3.2733333333333325,22,43.26,28,118.13833333333332
114.77,13.19909090909091,11,9.417272727272728,11,48.98863636363637,22,3.2733333333333325,22,43.26,28,118.13833333333332
186.91,13.19909090909091,11,9.417272727272728,11,48.98863636363637,22,3.2733333333333325,22,43.26,28,118.13833333333332
127.39,13.19909090909091,11,9.417272727272728,11,48.98863636363637,22,3.2733333333333325,22,43.26,28,118.13833333333332
104.56,13.19909090909091,11,9.417272727272728,11,48.98863636363637,22,3.2733333333333325,22,43.26,28,118.13833333333332
123.0,14.266315789473682,19,7.240555555555556,19,30.834814814814816,27,4.985769230769231,27,37.53523809523809,43,94.86269348585138
98.03,14.266315789473682,19,7.240555555555556,19,30.834814814814816,27,4.985769230769231,27,37.53523809523809,43,94.86269348585138
137.82,14.266315789473682,19,7.240555555555556,19,30.834814814814816,27,4.985769230769231,27,37.53523809523809,43,94.86269348585138
115.07,14.266315789473682,19,7.240555555555556,19,30.834814814814816,27,4.985769230769231,27,37.53523809523809,43,94.86269348585138
162.83,14.266315789473682,19,7.240555555555556,19,30.834814814814816,27,4.985769230769231,27,37.53523809523809,43,94.86269348585138
128.59,14.266315789473682,19,7.240555555555556,19,30.834814814814816,27,4.985769230769231,27,37.53523809523809,43,94.86269348585138
130.69,11.195384615384615,13,6.920000000000001,13,35.39407407407408,27,3.481153846153845,27,35.97653846153845,26,92.967150997151
116.13,11.195384615384615,13,6.920000000000001,13,35.39407407407408,27,3.481153846153845,27,35.97653846153845,26,92.967150997151
121.09,11.195384615384615,13,6.920000000000001,13,35.39407407407408,27,3.481153846153845,27,35.97653846153845,26,92.967150997151
104.3,11.195384615384615,13,6.920000000000001,13,35.39407407407408,27,3.481153846153845,27,35.97653846153845,26,92.967150997151
81.26,11.195384615384615,13,6.920000000000001,13,35.39407407407408,27,3.481153846153845,27,35.97653846153845,26,92.967150997151
111.7,11.195384615384615,13,6.920000000000001,13,35.39407407407408,27,3.481153846153845,27,35.97653846153845,26,92.967150997151
167.47,9.987777777777776,18,6.852352941176472,18,34.038387096774194,31,4.593333333333333,31,58.00741935483871,31,113.47927050390051
100.53,9.987777777777776,18,6.852352941176472,18,34.038387096774194,31,4.593333333333333,31,58.00741935483871,31,113.47927050390051
205.19,9.987777777777776,18,6.852352941176472,18,34.038387096774194,31,4.593333333333333,31,58.00741935483871,31,113.47927050390051
82.83,9.987777777777776,18,6.852352941176472,18,34.038387096774194,31,4.593333333333333,31,58.00741935483871,31,113.47927050390051
131.93,9.987777777777776,18,6.852352941176472,18,34.038387096774194,31,4.593333333333333,31,58.00741935483871,31,113.47927050390051
115.49,9.987777777777776,18,6.852352941176472,18,34.038387096774194,31,4.593333333333333,31,58.00741935483871,31,113.47927050390051
158.55,11.18,16,8.150666666666668,16,58.943913043478254,23,3.835454545454546,23,74.95068965517243,29,157.06072391077188
140.18,11.18,16,8.150666666666668,16,58.943913043478254,23,3.835454545454546,23,74.95068965517243,29,157.06072391077188
142.52,11.18,16,8.150666666666668,16,58.943913043478254,23,3.835454545454546,23,74.95068965517243,29,157.06072391077188
105.85,11.18,16,8.150666666666668,16,58.943913043478254,23,3.835454545454546,23,74.95068965517243,29,157.06072391077188
82.05,11.18,16,8.150666666666668,16,58.943913043478254,23,3.835454545454546,23,74.95068965517243,29,157.06072391077188
111.82,11.18,16,8.150666666666668,16,58.943913043478254,23,3.835454545454546,23,74.95068965517243,29,157.06072391077188
145.23,8.605,10,6.228,10,44.416875000000005,16,2.71375,16,57.296551724137935,29,119.26017672413793
181.4,8.605,10,6.228,10,44.416875000000005,16,2.71375,16,57.296551724137935,29,119.26017672413793
127.6,8.605,10,6.228,10,44.416875000000005,16,2.71375,16,57.296551724137935,29,119.26017672413793
114.32,8.605,10,6.228,10,44.416875000000005,16,2.71375,16,57.296551724137935,29,119.26017672413793
105.53,8.605,10,6.228,10,44.416875000000005,16,2.71375,16,57.296551724137935,29,119.26017672413793
178.53,8.605,10,6.228,10,44.416875000000005,16,2.71375,16,57.296551724137935,29,119.26017672413793
152.77,12.259285714285715,15,7.554999999999999,15,28.543703703703702,28,5.361481481481481,28,68.39541666666666,24,122.11488756613755
210.7,12.259285714285715,15,7.554999999999999,15,28.543703703703702,28,5.361481481481481,28,68.39541666666666,24,122.11488756613755
108.4,12.259285714285715,15,7.554999999999999,15,28.543703703703702,28,5.361481481481481,28,68.39541666666666,24,122.11488756613755
119.65,12.259285714285715,15,7.554999999999999,15,28.543703703703702,28,5.361481481481481,28,68.39541666666666,24,122.11488756613755
109.51,12.259285714285715,15,7.554999999999999,15,28.543703703703702,28,5.361481481481481,28,68.39541666666666,24,122.11488756613755
141.92,9.088333333333333,13,6.4776923076923065,13,19.490000000000002,24,4.097727272727273,24,51.52928571428572,28,90.68303862803863
120.3,9.088333333333333,13,6.4776923076923065,13,19.490000000000002,24,4.097727272727273,24,51.52928571428572,28,90.68303862803863
164.28,9.088333333333333,13,6.4776923076923065,13,19.490000000000002,24,4.097727272727273,24,51.52928571428572,28,90.68303862803863
94.01,9.088333333333333,13,6.4776923076923065,13,19.490000000000002,24,4.097727272727273,24,51.52928571428572,28,90.68303862803863
124.94,9.088333333333333,13,6.4776923076923065,13,19.490000000000002,24,4.097727272727273,24,51.52928571428572,28,90.68303862803863
210.95,9.088333333333333,13,6.4776923076923065,13,19.490000000000002,24,4.097727272727273,24,51.52928571428572,28,90.68303862803863
112.08,7.969999999999999,14,6.282307692307692,14,45.86649999999999,20,4.67578947368421,20,43.53242424242424,33,108.32702140841612
103.24,7.969999999999999,14,6.282307692307692,14,45.86649999999999,20,4.67578947368421,20,43.53242424242424,33,108.32702140841612
101.12,7.969999999999999,14,6.282307692307692,14,45.86649999999999,20,4.67578947368421,20,43.53242424242424,33,108.32702140841612
103.11,7.969999999999999,14,6.282307692307692,14,45.86649999999999,20,4.67578947368421,20,43.53242424242424,33,108.32702140841612
117.04,7.969999999999999,14,6.282307692307692,14,45.86649999999999,20,4.67578947368421,20,43.53242424242424,33,108.32702140841612
77.72,7.969999999999999,14,6.282307692307692,14,45.86649999999999,20,4.67578947368421,20,43.53242424242424,33,108.32702140841612
150.54,13.442307692307695,13,9.030769230769232,13,35.381578947368425,20,2.2152631578947366,20,76.07884615384616,26,136.14876518218625
163.06,13.442307692307695,13,9.030769230769232,13,35.381578947368425,20,2.2152631578947366,20,76.07884615384616,26,136.14876518218625
152.45,13.442307692307695,13,9.030769230769232,13,35.381578947368425,20,2.2152631578947366,20,76.07884615384616,26,136.14876518218625
147.35,13.442307692307695,13,9.030769230769232,13,35.381578947368425,20,2.2152631578947366,20,76.07884615384616,26,136.14876518218625
150.52,13.442307692307695,13,9.030769230769232,13,35.381578947368425,20,2.2152631578947366,20,76.07884615384616,26,136.14876518218625
113.13,13.442307692307695,13,9.030769230769232,13,35.381578947368425,20,2.2152631578947366,20,76.07884615384616,26,136.14876518218625
160.68,8.41263157894737,20,6.5035,20,43.74133333333334,30,3.685862068965518,30,43.85117647058822,35,106.19450345183445
146.64,8.41263157894737,20,6.5035,20,43.74133333333334,30,3.685862068965518,30,43.85117647058822,35,106.19450345183445
131.08,8.41263157894737,20,6.5035,20,43.74133333333334,30,3.685862068965518,30,43.85117647058822,35,106.19450345183445
159.86,8.41263157894737,20,6.5035,20,43.74133333333334,30,3.685862068965518,30,43.85117647058822,35,106.19450345183445
145.69,8.41263157894737,20,6.5035,20,43.74133333333334,30,3.685862068965518,30,43.85117647058822,35,106.19450345183445
141.7,8.41263157894737,20,6.5035,20,43.74133333333334,30,3.685862068965518,30,43.85117647058822,35,106.19450345183445
126.18,12.033636363636363,11,7.949090909090909,11,34.70000000000001,22,5.280952380952381,22,64.78136363636362,22,124.74504329004328
172.39,12.033636363636363,11,7.949090909090909,11,34.70000000000001,22,5.280952380952381,22,64.78136363636362,22,124.74504329004328
115.64,12.033636363636363,11,7.949090909090909,11,34.70000000000001,22,5.280952380952381,22,64.78136363636362,22,124.74504329004328
129.59,12.033636363636363,11,7.949090909090909,11,34.70000000000001,22,5.280952380952381,22,64.78136363636362,22,124.74504329004328
86.28,12.033636363636363,11,7.949090909090909,11,34.70000000000001,22,5.280952380952381,22,64.78136363636362,22,124.74504329004328
193.06,12.033636363636363,11,7.949090909090909,11,34.70000000000001,22,5.280952380952381,22,64.78136363636362,22,124.74504329004328
167.59,16.830000000000002,16,7.750666666666667,16,51.14124999999999,24,4.934166666666665,24,43.750689655172415,29,124.40677298850574
207.23,16.830000000000002,16,7.750666666666667,16,51.14124999999999,24,4.934166666666665,24,43.750689655172415,29,124.40677298850574
100.28,16.830000000000002,16,7.750666666666667,16,51.14124999999999,24,4.934166666666665,24,43.750689655172415,29,124.40677298850574
97.78,16.830000000000002,16,7.750666666666667,16,51.14124999999999,24,4.934166666666665,24,43.750689655172415,29,124.40677298850574
111.53,16.830000000000002,16,7.750666666666667,16,51.14124999999999,24,4.934166666666665,24,43.750689655172415,29,124.40677298850574
225.49,10.09,2,6.265,2,27.561666666666667,6,3.7099999999999995,6,27.379999999999995,3,75.00666666666666
143.92,10.09,2,6.265,2,27.561666666666667,6,3.7099999999999995,6,27.379999999999995,3,75.00666666666666
116.48,10.09,2,6.265,2,27.561666666666667,6,3.7099999999999995,6,27.379999999999995,3,75.00666666666666
158.23,10.09,2,6.265,2,27.561666666666667,6,3.7099999999999995,6,27.379999999999995,3,75.00666666666666
173.17,10.09,2,6.265,2,27.561666666666667,6,3.7099999999999995,6,27.379999999999995,3,75.00666666666666
95.96,10.09,2,6.265,2,27.561666666666667,6,3.7099999999999995,6,27.379999999999995,3,75.00666666666666
112.23,15.733333333333334,3,7.289999999999999,3,23.366666666666664,3,2.793333333333333,3,58.56999999999999,5,107.75333333333333
141.96,14.565555555555553,28,7.17,28,37.199374999999996,32,13.514687499999999,32,51.124565217391314,47,123.57418327294687
180.52,14.565555555555553,28,7.17,28,37.199374999999996,32,13.514687499999999,32,51.124565217391314,47,123.57418327294687
107.07,14.565555555555553,28,7.17,28,37.199374999999996,32,13.514687499999999,32,51.124565217391314,47,123.57418327294687
73.61,14.565555555555553,28,7.17,28,37.199374999999996,32,13.514687499999999,32,51.124565217391314,47,123.57418327294687
111.02,14.565555555555553,28,7.17,28,37.199374999999996,32,13.514687499999999,32,51.124565217391314,47,123.57418327294687
114.42,14.565555555555553,28,7.17,28,37.199374999999996,32,13.514687499999999,32,51.124565217391314,47,123.57418327294687
128.36,15.283888888888889,18,6.606470588235293,18,52.955200000000005,25,3.4519999999999995,25,69.084375,32,147.38193447712416
149.24,15.283888888888889,18,6.606470588235293,18,52.955200000000005,25,3.4519999999999995,25,69.084375,32,147.38193447712416
88.78,15.283888888888889,18,6.606470588235293,18,52.955200000000005,25,3.4519999999999995,25,69.084375,32,147.38193447712416
171.81,15.283888888888889,18,6.606470588235293,18,52.955200000000005,25,3.4519999999999995,25,69.084375,32,147.38193447712416
129.82,15.283888888888889,18,6.606470588235293,18,52.955200000000005,25,3.4519999999999995,25,69.084375,32,147.38193447712416
120.59,15.283888888888889,18,6.606470588235293,18,52.955200000000005,25,3.4519999999999995,25,69.084375,32,147.38193447712416
128.62,11.332857142857142,14,7.866428571428571,14,41.79363636363636,22,7.483809523809524,22,54.22941176470587,34,122.70614336643747
97.6,11.332857142857142,14,7.866428571428571,14,41.79363636363636,22,7.483809523809524,22,54.22941176470587,34,122.70614336643747
123.82,11.332857142857142,14,7.866428571428571,14,41.79363636363636,22,7.483809523809524,22,54.22941176470587,34,122.70614336643747
140.03,11.332857142857142,14,7.866428571428571,14,41.79363636363636,22,7.483809523809524,22,54.22941176470587,34,122.70614336643747
131.22,11.332857142857142,14,7.866428571428571,14,41.79363636363636,22,7.483809523809524,22,54.22941176470587,34,122.70614336643747
100.47,11.332857142857142,14,7.866428571428571,14,41.79363636363636,22,7.483809523809524,22,54.22941176470587,34,122.70614336643747
133.53,8.6825,12,5.928333333333334,12,39.78470588235293,17,6.57375,17,55.12200000000001,30,116.09128921568625
115.53,8.6825,12,5.928333333333334,12,39.78470588235293,17,6.57375,17,55.12200000000001,30,116.09128921568625
188.74,8.6825,12,5.928333333333334,12,39.78470588235293,17,6.57375,17,55.12200000000001,30,116.09128921568625
168.61,8.6825,12,5.928333333333334,12,39.78470588235293,17,6.57375,17,55.12200000000001,30,116.09128921568625
126.78,8.6825,12,5.928333333333334,12,39.78470588235293,17,6.57375,17,55.12200000000001,30,116.09128921568625
179.79,8.6825,12,5.928333333333334,12,39.78470588235293,17,6.57375,17,55.12200000000001,30,116.09128921568625
111.96,12.57,6,8.615,6,25.352222222222224,9,10.104444444444445,9,50.301249999999996,8,106.94291666666666
128.74,12.57,6,8.615,6,25.352222222222224,9,10.104444444444445,9,50.301249999999996,8,106.94291666666666
112.59,12.57,6,8.615,6,25.352222222222224,9,10.104444444444445,9,50.301249999999996,8,106.94291666666666
129.5,12.57,6,8.615,6,25.352222222222224,9,10.104444444444445,9,50.301249999999996,8,106.94291666666666
168.11,12.57,6,8.615,6,25.352222222222224,9,10.104444444444445,9,50.301249999999996,8,106.94291666666666
189.76,8.538333333333334,6,6.13,6,27.94181818181818,11,3.4027272727272733,11,45.708666666666666,15,91.72154545454546
101.3,8.538333333333334,6,6.13,6,27.94181818181818,11,3.4027272727272733,11,45.708666666666666,15,91.72154545454546
108.04,8.538333333333334,6,6.13,6,27.94181818181818,11,3.4027272727272733,11,45.708666666666666,15,91.72154545454546
110.79,8.538333333333334,6,6.13,6,27.94181818181818,11,3.4027272727272733,11,45.708666666666666,15,91.72154545454546
108.76,8.538333333333334,6,6.13,6,27.94181818181818,11,3.4027272727272733,11,45.708666666666666,15,91.72154545454546
181.14,8.538333333333334,6,6.13,6,27.94181818181818,11,3.4027272727272733,11,45.708666666666666,15,91.72154545454546
151.79,10.633333333333333,9,7.324444444444443,9,36.878571428571426,14,3.6115384615384616,14,27.371250000000003,25,85.81913766788766
167.89,10.633333333333333,9,7.324444444444443,9,36.878571428571426,14,3.6115384615384616,14,27.371250000000003,25,85.81913766788766
98.8,10.633333333333333,9,7.324444444444443,9,36.878571428571426,14,3.6115384615384616,14,27.371250000000003,25,85.81913766788766
111.7,10.633333333333333,9,7.324444444444443,9,36.878571428571426,14,3.6115384615384616,14,27.371250000000003,25,85.81913766788766
97.95,10.633333333333333,9,7.324444444444443,9,36.878571428571426,14,3.6115384615384616,14,27.371250000000003,25,85.81913766788766
76.44,8.6875,8,6.5687500000000005,8,43.908125,16,3.6987500000000004,16,35.83269230769231,27,98.69581730769231
77.33,8.6875,8,6.5687500000000005,8,43.908125,16,3.6987500000000004,16,35.83269230769231,27,98.69581730769231
91.16,8.6875,8,6.5687500000000005,8,43.908125,16,3.6987500000000004,16,35.83269230769231,27,98.69581730769231
116.99,8.6875,8,6.5687500000000005,8,43.908125,16,3.6987500000000004,16,35.83269230769231,27,98.69581730769231
125.05,8.6875,8,6.5687500000000005,8,43.908125,16,3.6987500000000004,16,35.83269230769231,27,98.69581730769231
83.23,8.6875,8,6.5687500000000005,8,43.908125,16,3.6987500000000004,16,35.83269230769231,27,98.69581730769231
104.18,8.479999999999999,6,5.6433333333333335,6,29.432666666666666,15,10.574666666666667,15,29.4952,26,83.62586666666667
105.44,8.479999999999999,6,5.6433333333333335,6,29.432666666666666,15,10.574666666666667,15,29.4952,26,83.62586666666667
71.04,8.479999999999999,6,5.6433333333333335,6,29.432666666666666,15,10.574666666666667,15,29.4952,26,83.62586666666667
107.88,8.479999999999999,6,5.6433333333333335,6,29.432666666666666,15,10.574666666666667,15,29.4952,26,83.62586666666667
89.59,8.479999999999999,6,5.6433333333333335,6,29.432666666666666,15,10.574666666666667,15,29.4952,26,83.62586666666667
89.17,8.479999999999999,6,5.6433333333333335,6,29.432666666666666,15,10.574666666666667,15,29.4952,26,83.62586666666667
120.31,10.84909090909091,12,7.101666666666667,12,35.43625,16,7.140666666666665,16,38.369166666666665,24,98.89684090909093
114.59,10.84909090909091,12,7.101666666666667,12,35.43625,16,7.140666666666665,16,38.369166666666665,24,98.89684090909093
176.99,10.84909090909091,12,7.101666666666667,12,35.43625,16,7.140666666666665,16,38.369166666666665,24,98.89684090909093
102.96,10.84909090909091,12,7.101666666666667,12,35.43625,16,7.140666666666665,16,38.369166666666665,24,98.89684090909093
95.25,10.84909090909091,12,7.101666666666667,12,35.43625,16,7.140666666666665,16,38.369166666666665,24,98.89684090909093
68.8,10.84909090909091,12,7.101666666666667,12,35.43625,16,7.140666666666665,16,38.369166666666665,24,98.89684090909093
63.18,8.70142857142857,7,6.477142857142858,7,20.592,10,12.868,10,41.07588235294118,17,89.71445378151263
105.85,8.70142857142857,7,6.477142857142858,7,20.592,10,12.868,10,41.07588235294118,17,89.71445378151263
114.78,8.70142857142857,7,6.477142857142858,7,20.592,10,12.868,10,41.07588235294118,17,89.71445378151263
73.53,8.70142857142857,7,6.477142857142858,7,20.592,10,12.868,10,41.07588235294118,17,89.71445378151263
88.79,8.70142857142857,7,6.477142857142858,7,20.592,10,12.868,10,41.07588235294118,17,89.71445378151263
23.51,12.413636363636364,11,6.961818181818183,11,30.53944444444444,18,5.263529411764705,18,32.175000000000004,23,87.35342840166372
96.95,12.413636363636364,11,6.961818181818183,11,30.53944444444444,18,5.263529411764705,18,32.175000000000004,23,87.35342840166372
87.27,12.413636363636364,11,6.961818181818183,11,30.53944444444444,18,5.263529411764705,18,32.175000000000004,23,87.35342840166372
44.34,12.413636363636364,11,6.961818181818183,11,30.53944444444444,18,5.263529411764705,18,32.175000000000004,23,87.35342840166372
96.41,12.413636363636364,11,6.961818181818183,11,30.53944444444444,18,5.263529411764705,18,32.175000000000004,23,87.35342840166372
62.62,12.413636363636364,11,6.961818181818183,11,30.53944444444444,18,5.263529411764705,18,32.175000000000004,23,87.35342840166372
128.96,11.655,6,6.54,6,40.43875,8,3.85625,8,26.95428571428571,15,89.44428571428573
58.47,11.655,6,6.54,6,40.43875,8,3.85625,8,26.95428571428571,15,89.44428571428573
74.69,11.655,6,6.54,6,40.43875,8,3.85625,8,26.95428571428571,15,89.44428571428573
94.03,11.655,6,6.54,6,40.43875,8,3.85625,8,26.95428571428571,15,89.44428571428573
91.77,11.655,6,6.54,6,40.43875,8,3.85625,8,26.95428571428571,15,89.44428571428573
147.79,10.546000000000001,10,6.488000000000001,10,37.446923076923085,13,3.6599999999999997,13,33.167727272727284,22,91.30865034965036
122.04,10.546000000000001,10,6.488000000000001,10,37.446923076923085,13,3.6599999999999997,13,33.167727272727284,22,91.30865034965036
121.94,10.546000000000001,10,6.488000000000001,10,37.446923076923085,13,3.6599999999999997,13,33.167727272727284,22,91.30865034965036
157.72,10.546000000000001,10,6.488000000000001,10,37.446923076923085,13,3.6599999999999997,13,33.167727272727284,22,91.30865034965036
49.24,10.546000000000001,10,6.488000000000001,10,37.446923076923085,13,3.6599999999999997,13,33.167727272727284,22,91.30865034965036
87.92,10.546000000000001,10,6.488000000000001,10,37.446923076923085,13,3.6599999999999997,13,33.167727272727284,22,91.30865034965036
108.85,20.305,6,7.881666666666668,6,27.340999999999998,10,3.665,10,29.53277777777778,18,88.72544444444443
132.53,20.305,6,7.881666666666668,6,27.340999999999998,10,3.665,10,29.53277777777778,18,88.72544444444443
107.98,20.305,6,7.881666666666668,6,27.340999999999998,10,3.665,10,29.53277777777778,18,88.72544444444443
88.37,20.305,6,7.881666666666668,6,27.340999999999998,10,3.665,10,29.53277777777778,18,88.72544444444443
74.11,20.305,6,7.881666666666668,6,27.340999999999998,10,3.665,10,29.53277777777778,18,88.72544444444443
87.45,20.305,6,7.881666666666668,6,27.340999999999998,10,3.665,10,29.53277777777778,18,88.72544444444443
96.49,10.514,10,7.343999999999999,10,55.1476923076923,13,4.230833333333334,13,35.38476190476191,21,112.62128754578754
61.11,10.514,10,7.343999999999999,10,55.1476923076923,13,4.230833333333334,13,35.38476190476191,21,112.62128754578754
103.18,10.514,10,7.343999999999999,10,55.1476923076923,13,4.230833333333334,13,35.38476190476191,21,112.62128754578754
108.18,10.514,10,7.343999999999999,10,55.1476923076923,13,4.230833333333334,13,35.38476190476191,21,112.62128754578754
71.15,11.241428571428573,14,6.755384615384615,14,31.355625000000003,16,13.058124999999999,16,30.264583333333338,24,92.67514652014653
66.46,11.241428571428573,14,6.755384615384615,14,31.355625000000003,16,13.058124999999999,16,30.264583333333338,24,92.67514652014653
152.99,11.241428571428573,14,6.755384615384615,14,31.355625000000003,16,13.058124999999999,16,30.264583333333338,24,92.67514652014653
83.02,11.241428571428573,14,6.755384615384615,14,31.355625000000003,16,13.058124999999999,16,30.264583333333338,24,92.67514652014653
73.2,11.241428571428573,14,6.755384615384615,14,31.355625000000003,16,13.058124999999999,16,30.264583333333338,24,92.67514652014653
71.33,10.638499999999999,20,6.068947368421053,20,31.79782608695652,23,4.649523809523809,23,28.896551724137932,30,82.05134898903931
53.64,10.638499999999999,20,6.068947368421053,20,31.79782608695652,23,4.649523809523809,23,28.896551724137932,30,82.05134898903931
139.79,10.638499999999999,20,6.068947368421053,20,31.79782608695652,23,4.649523809523809,23,28.896551724137932,30,82.05134898903931
140.68,10.638499999999999,20,6.068947368421053,20,31.79782608695652,23,4.649523809523809,23,28.896551724137932,30,82.05134898903931
85.59,10.638499999999999,20,6.068947368421053,20,31.79782608695652,23,4.649523809523809,23,28.896551724137932,30,82.05134898903931
40.67,9.39,5,5.496,5,24.429999999999996,6,13.936666666666667,6,37.81249999999999,8,91.06516666666666
75.56,9.39,5,5.496,5,24.429999999999996,6,13.936666666666667,6,37.81249999999999,8,91.06516666666666
56.77,9.39,5,5.496,5,24.429999999999996,6,13.936666666666667,6,37.81249999999999,8,91.06516666666666
133.9,9.39,5,5.496,5,24.429999999999996,6,13.936666666666667,6,37.81249999999999,8,91.06516666666666
94.16,8.138571428571428,7,5.4314285714285715,7,20.38714285714286,7,6.069999999999999,7,38.475,14,78.50214285714286
93.15,8.138571428571428,7,5.4314285714285715,7,20.38714285714286,7,6.069999999999999,7,38.475,14,78.50214285714286
92.02,8.138571428571428,7,5.4314285714285715,7,20.38714285714286,7,6.069999999999999,7,38.475,14,78.50214285714286
107.09,8.138571428571428,7,5.4314285714285715,7,20.38714285714286,7,6.069999999999999,7,38.475,14,78.50214285714286
116.8,8.09,5,5.686,5,18.10333333333333,6,8.000000000000002,6,30.134375,16,70.01370833333334
66.56,8.09,5,5.686,5,18.10333333333333,6,8.000000000000002,6,30.134375,16,70.01370833333334
137.98,8.09,5,5.686,5,18.10333333333333,6,8.000000000000002,6,30.134375,16,70.01370833333334
105.38,8.09,5,5.686,5,18.10333333333333,6,8.000000000000002,6,30.134375,16,70.01370833333334
75.98,6.615,2,5.615,2,11.715,2,2.2249999999999996,2,80.4525,8,106.6225
106.05,6.615,2,5.615,2,11.715,2,2.2249999999999996,2,80.4525,8,106.6225
164.82,6.615,2,5.615,2,11.715,2,2.2249999999999996,2,80.4525,8,106.6225
110.72,8.196000000000002,5,5.112,5,13.646,10,4.878000000000001,10,29.588500000000003,20,61.420500000000004
107.13,8.196000000000002,5,5.112,5,13.646,10,4.878000000000001,10,29.588500000000003,20,61.420500000000004
101.06,8.196000000000002,5,5.112,5,13.646,10,4.878000000000001,10,29.588500000000003,20,61.420500000000004
72.21,8.906666666666666,6,4.551666666666667,6,27.81727272727272,11,2.368,11,31.30916666666667,12,74.95277272727273
80.56,8.906666666666666,6,4.551666666666667,6,27.81727272727272,11,2.368,11,31.30916666666667,12,74.95277272727273
113.83,8.906666666666666,6,4.551666666666667,6,27.81727272727272,11,2.368,11,31.30916666666667,12,74.95277272727273
111.27,8.906666666666666,6,4.551666666666667,6,27.81727272727272,11,2.368,11,31.30916666666667,12,74.95277272727273
124.49,8.906666666666666,6,4.551666666666667,6,27.81727272727272,11,2.368,11,31.30916666666667,12,74.95277272727273
74.39,8.31,4,5.505,4,22.133333333333336,6,2.89,6,29.08636363636363,11,67.92469696969697
93.37,8.31,4,5.505,4,22.133333333333336,6,2.89,6,29.08636363636363,11,67.92469696969697
74.91,8.31,4,5.505,4,22.133333333333336,6,2.89,6,29.08636363636363,11,67.92469696969697
125.15,8.116,5,5.264,5,21.403,10,2.864,10,26.65454545454546,11,64.30154545454546
87.4,8.116,5,5.264,5,21.403,10,2.864,10,26.65454545454546,11,64.30154545454546
126.14,8.116,5,5.264,5,21.403,10,2.864,10,26.65454545454546,11,64.30154545454546
88.29,8.116,5,5.264,5,21.403,10,2.864,10,26.65454545454546,11,64.30154545454546
120.5,12.47,5,5.602,5,25.21,8,4.17,8,44.382222222222225,9,91.83422222222222
70.66,12.47,5,5.602,5,25.21,8,4.17,8,44.382222222222225,9,91.83422222222222
65.2,12.47,5,5.602,5,25.21,8,4.17,8,44.382222222222225,9,91.83422222222222
86.5,14.756666666666668,9,9.58222222222222,9,21.650769230769235,13,3.218461538461539,13,33.420357142857135,29,82.6284768009768
55.95,14.756666666666668,9,9.58222222222222,9,21.650769230769235,13,3.218461538461539,13,33.420357142857135,29,82.6284768009768
78.86,14.756666666666668,9,9.58222222222222,9,21.650769230769235,13,3.218461538461539,13,33.420357142857135,29,82.6284768009768
75.11,14.756666666666668,9,9.58222222222222,9,21.650769230769235,13,3.218461538461539,13,33.420357142857135,29,82.6284768009768
84.88,11.207857142857142,15,7.483999999999999,15,26.200454545454544,23,4.037272727272728,23,40.78821428571428,28,89.7177987012987
98.63,11.207857142857142,15,7.483999999999999,15,26.200454545454544,23,4.037272727272728,23,40.78821428571428,28,89.7177987012987
74.85,11.207857142857142,15,7.483999999999999,15,26.200454545454544,23,4.037272727272728,23,40.78821428571428,28,89.7177987012987
144.06,11.207857142857142,15,7.483999999999999,15,26.200454545454544,23,4.037272727272728,23,40.78821428571428,28,89.7177987012987
142.26,11.207857142857142,15,7.483999999999999,15,26.200454545454544,23,4.037272727272728,23,40.78821428571428,28,89.7177987012987
106.74,11.207857142857142,15,7.483999999999999,15,26.200454545454544,23,4.037272727272728,23,40.78821428571428,28,89.7177987012987
102.71,11.531428571428572,37,7.086486486486487,37,27.62045454545455,45,4.243095238095238,45,34.97605263157894,39,85.45751747304378
102.83,11.531428571428572,37,7.086486486486487,37,27.62045454545455,45,4.243095238095238,45,34.97605263157894,39,85.45751747304378
99.9,11.531428571428572,37,7.086486486486487,37,27.62045454545455,45,4.243095238095238,45,34.97605263157894,39,85.45751747304378
104.11,11.531428571428572,37,7.086486486486487,37,27.62045454545455,45,4.243095238095238,45,34.97605263157894,39,85.45751747304378
121.67,11.531428571428572,37,7.086486486486487,37,27.62045454545455,45,4.243095238095238,45,34.97605263157894,39,85.45751747304378
123.92,15.865584415584413,78,10.450277777777783,75,38.78548387096773,94,4.301195652173913,94,46.96192771084338,84,116.36446942734723
113.29,15.865584415584413,78,10.450277777777783,75,38.78548387096773,94,4.301195652173913,94,46.96192771084338,84,116.36446942734723
120.8,15.865584415584413,78,10.450277777777783,75,38.78548387096773,94,4.301195652173913,94,46.96192771084338,84,116.36446942734723
142.08,15.865584415584413,78,10.450277777777783,75,38.78548387096773,94,4.301195652173913,94,46.96192771084338,84,116.36446942734723
102.71,15.865584415584413,78,10.450277777777783,75,38.78548387096773,94,4.301195652173913,94,46.96192771084338,84,116.36446942734723
141.74,15.865584415584413,78,10.450277777777783,75,38.78548387096773,94,4.301195652173913,94,46.96192771084338,84,116.36446942734723
148.91,15.391749999999998,42,10.91974358974359,41,41.42049999999999,60,5.376034482758621,60,47.19999999999999,65,120.30802807250218
114.86,15.391749999999998,42,10.91974358974359,41,41.42049999999999,60,5.376034482758621,60,47.19999999999999,65,120.30802807250218
117.28,15.391749999999998,42,10.91974358974359,41,41.42049999999999,60,5.376034482758621,60,47.19999999999999,65,120.30802807250218
87.67,15.391749999999998,42,10.91974358974359,41,41.42049999999999,60,5.376034482758621,60,47.19999999999999,65,120.30802807250218
121.71,15.391749999999998,42,10.91974358974359,41,41.42049999999999,60,5.376034482758621,60,47.19999999999999,65,120.30802807250218
209.89,15.391749999999998,42,10.91974358974359,41,41.42049999999999,60,5.376034482758621,60,47.19999999999999,65,120.30802807250218
146.24,14.371666666666666,18,8.616111111111111,18,22.601428571428578,36,4.619428571428572,36,36.17064516129032,31,86.37928008192524
136.75,14.371666666666666,18,8.616111111111111,18,22.601428571428578,36,4.619428571428572,36,36.17064516129032,31,86.37928008192524
125.93,14.371666666666666,18,8.616111111111111,18,22.601428571428578,36,4.619428571428572,36,36.17064516129032,31,86.37928008192524
107.5,14.371666666666666,18,8.616111111111111,18,22.601428571428578,36,4.619428571428572,36,36.17064516129032,31,86.37928008192524
113.65,14.371666666666666,18,8.616111111111111,18,22.601428571428578,36,4.619428571428572,36,36.17064516129032,31,86.37928008192524
102.9,14.371666666666666,18,8.616111111111111,18,22.601428571428578,36,4.619428571428572,36,36.17064516129032,31,86.37928008192524
125.19,12.939473684210528,19,8.953157894736842,19,38.322500000000005,28,4.6766666666666685,28,40.48290322580645,32,105.3747014714205
113.45,12.939473684210528,19,8.953157894736842,19,38.322500000000005,28,4.6766666666666685,28,40.48290322580645,32,105.3747014714205
134.11,12.939473684210528,19,8.953157894736842,19,38.322500000000005,28,4.6766666666666685,28,40.48290322580645,32,105.3747014714205
118.47,12.939473684210528,19,8.953157894736842,19,38.322500000000005,28,4.6766666666666685,28,40.48290322580645,32,105.3747014714205
83.39,12.939473684210528,19,8.953157894736842,19,38.322500000000005,28,4.6766666666666685,28,40.48290322580645,32,105.3747014714205
212.3,12.939473684210528,19,8.953157894736842,19,38.322500000000005,28,4.6766666666666685,28,40.48290322580645,32,105.3747014714205
135.85,12.907105263157892,40,8.915789473684212,39,33.55655737704919,61,3.873666666666666,61,40.42499999999999,65,99.67811878055795
111.36,12.907105263157892,40,8.915789473684212,39,33.55655737704919,61,3.873666666666666,61,40.42499999999999,65,99.67811878055795
88.26,12.907105263157892,40,8.915789473684212,39,33.55655737704919,61,3.873666666666666,61,40.42499999999999,65,99.67811878055795
149.9,12.907105263157892,40,8.915789473684212,39,33.55655737704919,61,3.873666666666666,61,40.42499999999999,65,99.67811878055795
97.21,12.907105263157892,40,8.915789473684212,39,33.55655737704919,61,3.873666666666666,61,40.42499999999999,65,99.67811878055795
122.12,12.907105263157892,40,8.915789473684212,39,33.55655737704919,61,3.873666666666666,61,40.42499999999999,65,99.67811878055795
93.92,10.884666666666666,16,7.316,16,29.812857142857144,35,4.475588235294118,35,29.106829268292692,42,81.59594131311061
86.39,10.884666666666666,16,7.316,16,29.812857142857144,35,4.475588235294118,35,29.106829268292692,42,81.59594131311061
112.93,10.884666666666666,16,7.316,16,29.812857142857144,35,4.475588235294118,35,29.106829268292692,42,81.59594131311061
98.52,10.884666666666666,16,7.316,16,29.812857142857144,35,4.475588235294118,35,29.106829268292692,42,81.59594131311061
89.7,10.884666666666666,16,7.316,16,29.812857142857144,35,4.475588235294118,35,29.106829268292692,42,81.59594131311061
140.04,10.884666666666666,16,7.316,16,29.812857142857144,35,4.475588235294118,35,29.106829268292692,42,81.59594131311061
106.31,10.663124999999997,17,6.158823529411764,17,22.318800000000007,25,2.9104166666666664,25,34.691071428571426,28,76.74223662464985
122.26,10.663124999999997,17,6.158823529411764,17,22.318800000000007,25,2.9104166666666664,25,34.691071428571426,28,76.74223662464985
80.08,10.663124999999997,17,6.158823529411764,17,22.318800000000007,25,2.9104166666666664,25,34.691071428571426,28,76.74223662464985
82.5,10.663124999999997,17,6.158823529411764,17,22.318800000000007,25,2.9104166666666664,25,34.691071428571426,28,76.74223662464985
64.01,10.663124999999997,17,6.158823529411764,17,22.318800000000007,25,2.9104166666666664,25,34.691071428571426,28,76.74223662464985
109.09,10.663124999999997,17,6.158823529411764,17,22.318800000000007,25,2.9104166666666664,25,34.691071428571426,28,76.74223662464985
106.58,14.638437499999998,33,8.00375,33,32.722368421052636,40,3.456842105263158,40,31.296000000000003,41,90.1173980263158
107.88,14.638437499999998,33,8.00375,33,32.722368421052636,40,3.456842105263158,40,31.296000000000003,41,90.1173980263158
104.06,14.638437499999998,33,8.00375,33,32.722368421052636,40,3.456842105263158,40,31.296000000000003,41,90.1173980263158
84.24,14.638437499999998,33,8.00375,33,32.722368421052636,40,3.456842105263158,40,31.296000000000003,41,90.1173980263158
115.28,14.638437499999998,33,8.00375,33,32.722368421052636,40,3.456842105263158,40,31.296000000000003,41,90.1173980263158
81.4,11.242380952380952,22,7.155454545454545,22,24.55171428571428,36,5.358823529411765,36,35.76603773584907,54,84.07441104881062
91.68,11.242380952380952,22,7.155454545454545,22,24.55171428571428,36,5.358823529411765,36,35.76603773584907,54,84.07441104881062
92.06,11.242380952380952,22,7.155454545454545,22,24.55171428571428,36,5.358823529411765,36,35.76603773584907,54,84.07441104881062
109.19,11.242380952380952,22,7.155454545454545,22,24.55171428571428,36,5.358823529411765,36,35.76603773584907,54,84.07441104881062
68.14,11.242380952380952,22,7.155454545454545,22,24.55171428571428,36,5.358823529411765,36,35.76603773584907,54,84.07441104881062
128.4,11.242380952380952,22,7.155454545454545,22,24.55171428571428,36,5.358823529411765,36,35.76603773584907,54,84.07441104881062
70.61,14.71758620689655,30,8.566206896551721,30,26.263255813953492,44,4.836666666666664,44,36.89204081632653,50,91.27575640039497
132.87,14.71758620689655,30,8.566206896551721,30,26.263255813953492,44,4.836666666666664,44,36.89204081632653,50,91.27575640039497
137.84,14.71758620689655,30,8.566206896551721,30,26.263255813953492,44,4.836666666666664,44,36.89204081632653,50,91.27575640039497
101.47,14.71758620689655,30,8.566206896551721,30,26.263255813953492,44,4.836666666666664,44,36.89204081632653,50,91.27575640039497
112.04,14.71758620689655,30,8.566206896551721,30,26.263255813953492,44,4.836666666666664,44,36.89204081632653,50,91.27575640039497
122.5,14.71758620689655,30,8.566206896551721,30,26.263255813953492,44,4.836666666666664,44,36.89204081632653,50,91.27575640039497
102.36,12.200000000000003,30,7.784482758620691,29,31.796595744680847,48,3.330851063829787,48,41.59824561403508,57,96.7101751811664
84.24,12.200000000000003,30,7.784482758620691,29,31.796595744680847,48,3.330851063829787,48,41.59824561403508,57,96.7101751811664
101.8,12.200000000000003,30,7.784482758620691,29,31.796595744680847,48,3.330851063829787,48,41.59824561403508,57,96.7101751811664
121.1,12.200000000000003,30,7.784482758620691,29,31.796595744680847,48,3.330851063829787,48,41.59824561403508,57,96.7101751811664
113.83,12.200000000000003,30,7.784482758620691,29,31.796595744680847,48,3.330851063829787,48,41.59824561403508,57,96.7101751811664
152.8,12.200000000000003,30,7.784482758620691,29,31.796595744680847,48,3.330851063829787,48,41.59824561403508,57,96.7101751811664
109.69,11.27590909090909,23,7.140000000000001,23,21.074634146341456,42,4.761951219512194,42,39.09568627450981,52,83.34818073127255
108.14,11.27590909090909,23,7.140000000000001,23,21.074634146341456,42,4.761951219512194,42,39.09568627450981,52,83.34818073127255
94.38,11.27590909090909,23,7.140000000000001,23,21.074634146341456,42,4.761951219512194,42,39.09568627450981,52,83.34818073127255
92.1,11.27590909090909,23,7.140000000000001,23,21.074634146341456,42,4.761951219512194,42,39.09568627450981,52,83.34818073127255
96.13,11.27590909090909,23,7.140000000000001,23,21.074634146341456,42,4.761951219512194,42,39.09568627450981,52,83.34818073127255
92.89,11.27590909090909,23,7.140000000000001,23,21.074634146341456,42,4.761951219512194,42,39.09568627450981,52,83.34818073127255
81.49,11.067749999999998,41,7.923250000000001,41,32.20837837837837,75,3.997945205479453,74,42.4539705882353,69,97.65129417209312
120.2,11.067749999999998,41,7.923250000000001,41,32.20837837837837,75,3.997945205479453,74,42.4539705882353,69,97.65129417209312
107.98,11.067749999999998,41,7.923250000000001,41,32.20837837837837,75,3.997945205479453,74,42.4539705882353,69,97.65129417209312
128.58,11.067749999999998,41,7.923250000000001,41,32.20837837837837,75,3.997945205479453,74,42.4539705882353,69,97.65129417209312
105.08,11.067749999999998,41,7.923250000000001,41,32.20837837837837,75,3.997945205479453,74,42.4539705882353,69,97.65129417209312
110.73,11.067749999999998,41,7.923250000000001,41,32.20837837837837,75,3.997945205479453,74,42.4539705882353,69,97.65129417209312
114.31,11.788275862068964,30,7.925333333333333,30,27.986888888888892,45,5.044772727272728,45,39.91826923076921,53,92.66354004233312
75.83,11.788275862068964,30,7.925333333333333,30,27.986888888888892,45,5.044772727272728,45,39.91826923076921,53,92.66354004233312
133.28,11.788275862068964,30,7.925333333333333,30,27.986888888888892,45,5.044772727272728,45,39.91826923076921,53,92.66354004233312
175.05,11.788275862068964,30,7.925333333333333,30,27.986888888888892,45,5.044772727272728,45,39.91826923076921,53,92.66354004233312
102.9,11.788275862068964,30,7.925333333333333,30,27.986888888888892,45,5.044772727272728,45,39.91826923076921,53,92.66354004233312
119.94,11.788275862068964,30,7.925333333333333,30,27.986888888888892,45,5.044772727272728,45,39.91826923076921,53,92.66354004233312
67.6,14.353124999999999,17,7.49,17,23.23029411764706,35,3.365294117647059,35,36.419347826086955,47,84.85806106138108
72.14,14.353124999999999,17,7.49,17,23.23029411764706,35,3.365294117647059,35,36.419347826086955,47,84.85806106138108
78.44,14.353124999999999,17,7.49,17,23.23029411764706,35,3.365294117647059,35,36.419347826086955,47,84.85806106138108
109.21,14.353124999999999,17,7.49,17,23.23029411764706,35,3.365294117647059,35,36.419347826086955,47,84.85806106138108
99.02,14.353124999999999,17,7.49,17,23.23029411764706,35,3.365294117647059,35,36.419347826086955,47,84.85806106138108
85.14,14.353124999999999,17,7.49,17,23.23029411764706,35,3.365294117647059,35,36.419347826086955,47,84.85806106138108
111.17,30.56375,16,10.241875000000002,16,23.261034482758618,30,6.906206896551726,29,34.653207547169806,54,105.62607392648015
118.05,30.56375,16,10.241875000000002,16,23.261034482758618,30,6.906206896551726,29,34.653207547169806,54,105.62607392648015
85.82,30.56375,16,10.241875000000002,16,23.261034482758618,30,6.906206896551726,29,34.653207547169806,54,105.62607392648015
179.1,30.56375,16,10.241875000000002,16,23.261034482758618,30,6.906206896551726,29,34.653207547169806,54,105.62607392648015
100.25,30.56375,16,10.241875000000002,16,23.261034482758618,30,6.906206896551726,29,34.653207547169806,54,105.62607392648015
123.33,30.56375,16,10.241875000000002,16,23.261034482758618,30,6.906206896551726,29,34.653207547169806,54,105.62607392648015
96.58,11.940294117647062,35,7.8603030303030295,34,32.31361702127659,48,3.244545454545454,47,41.973809523809514,63,97.33256914758165
130.09,11.940294117647062,35,7.8603030303030295,34,32.31361702127659,48,3.244545454545454,47,41.973809523809514,63,97.33256914758165
122.21,11.940294117647062,35,7.8603030303030295,34,32.31361702127659,48,3.244545454545454,47,41.973809523809514,63,97.33256914758165
126.7,15.979999999999995,70,15.006461538461537,68,44.03224489795919,99,4.845463917525772,99,45.450860215053766,96,125.31503056900027
132.16,15.979999999999995,70,15.006461538461537,68,44.03224489795919,99,4.845463917525772,99,45.450860215053766,96,125.31503056900027
99.94,15.979999999999995,70,15.006461538461537,68,44.03224489795919,99,4.845463917525772,99,45.450860215053766,96,125.31503056900027
112.73,15.979999999999995,70,15.006461538461537,68,44.03224489795919,99,4.845463917525772,99,45.450860215053766,96,125.31503056900027
107.01,15.979999999999995,70,15.006461538461537,68,44.03224489795919,99,4.845463917525772,99,45.450860215053766,96,125.31503056900027
112.29,15.979999999999995,70,15.006461538461537,68,44.03224489795919,99,4.845463917525772,99,45.450860215053766,96,125.31503056900027
90.84,11.956,21,7.049999999999999,21,18.94333333333333,40,2.8497368421052625,40,30.405999999999995,46,71.20507017543859
101.24,11.956,21,7.049999999999999,21,18.94333333333333,40,2.8497368421052625,40,30.405999999999995,46,71.20507017543859
90.81,11.956,21,7.049999999999999,21,18.94333333333333,40,2.8497368421052625,40,30.405999999999995,46,71.20507017543859
95.23,11.956,21,7.049999999999999,21,18.94333333333333,40,2.8497368421052625,40,30.405999999999995,46,71.20507017543859
114.18,11.956,21,7.049999999999999,21,18.94333333333333,40,2.8497368421052625,40,30.405999999999995,46,71.20507017543859
59.2,10.4,23,6.912727272727272,23,24.5,39,4.868947368421051,39,37.786444444444456,45,84.46811908559278
37.99,10.4,23,6.912727272727272,23,24.5,39,4.868947368421051,39,37.786444444444456,45,84.46811908559278
86.44,10.4,23,6.912727272727272,23,24.5,39,4.868947368421051,39,37.786444444444456,45,84.46811908559278
84.43,10.4,23,6.912727272727272,23,24.5,39,4.868947368421051,39,37.786444444444456,45,84.46811908559278
163.7,10.4,23,6.912727272727272,23,24.5,39,4.868947368421051,39,37.786444444444456,45,84.46811908559278
116.46,10.4,23,6.912727272727272,23,24.5,39,4.868947368421051,39,37.786444444444456,45,84.46811908559278
73.86,14.059999999999999,18,8.396666666666667,18,26.454878048780486,42,3.9569999999999994,42,32.21239130434783,47,85.08093601979499
103.08,14.059999999999999,18,8.396666666666667,18,26.454878048780486,42,3.9569999999999994,42,32.21239130434783,47,85.08093601979499
76.11,14.059999999999999,18,8.396666666666667,18,26.454878048780486,42,3.9569999999999994,42,32.21239130434783,47,85.08093601979499
113.66,14.059999999999999,18,8.396666666666667,18,26.454878048780486,42,3.9569999999999994,42,32.21239130434783,47,85.08093601979499
64.97,14.059999999999999,18,8.396666666666667,18,26.454878048780486,42,3.9569999999999994,42,32.21239130434783,47,85.08093601979499
89.14,14.059999999999999,18,8.396666666666667,18,26.454878048780486,42,3.9569999999999994,42,32.21239130434783,47,85.08093601979499
82.37,11.121052631578946,40,7.070512820512819,40,26.87890909090909,55,4.812830188679246,55,34.95203389830509,60,84.83533862998519
93.1,11.121052631578946,40,7.070512820512819,40,26.87890909090909,55,4.812830188679246,55,34.95203389830509,60,84.83533862998519
103.29,11.121052631578946,40,7.070512820512819,40,26.87890909090909,55,4.812830188679246,55,34.95203389830509,60,84.83533862998519
160.28,11.121052631578946,40,7.070512820512819,40,26.87890909090909,55,4.812830188679246,55,34.95203389830509,60,84.83533862998519
87.5,11.121052631578946,40,7.070512820512819,40,26.87890909090909,55,4.812830188679246,55,34.95203389830509,60,84.83533862998519
70.59,11.121052631578946,40,7.070512820512819,40,26.87890909090909,55,4.812830188679246,55,34.95203389830509,60,84.83533862998519
93.68,10.02904761904762,22,7.386363636363638,22,26.789069767441863,43,3.5958536585365857,43,35.918679245283016,54,83.71901392667272
128.58,10.02904761904762,22,7.386363636363638,22,26.789069767441863,43,3.5958536585365857,43,35.918679245283016,54,83.71901392667272
82.83,10.02904761904762,22,7.386363636363638,22,26.789069767441863,43,3.5958536585365857,43,35.918679245283016,54,83.71901392667272
87.9,10.02904761904762,22,7.386363636363638,22,26.789069767441863,43,3.5958536585365857,43,35.918679245283016,54,83.71901392667272
100.56,10.02904761904762,22,7.386363636363638,22,26.789069767441863,43,3.5958536585365857,43,35.918679245283016,54,83.71901392667272
118.95,10.02904761904762,22,7.386363636363638,22,26.789069767441863,43,3.5958536585365857,43,35.918679245283016,54,83.71901392667272
92.29,11.393333333333333,41,6.893333333333333,40,25.102333333333334,61,4.114745762711864,61,34.26861538461537,65,81.77236114732723
92.6,11.393333333333333,41,6.893333333333333,40,25.102333333333334,61,4.114745762711864,61,34.26861538461537,65,81.77236114732723
214.33,11.393333333333333,41,6.893333333333333,40,25.102333333333334,61,4.114745762711864,61,34.26861538461537,65,81.77236114732723
123.97,11.393333333333333,41,6.893333333333333,40,25.102333333333334,61,4.114745762711864,61,34.26861538461537,65,81.77236114732723
117.58,11.393333333333333,41,6.893333333333333,40,25.102333333333334,61,4.114745762711864,61,34.26861538461537,65,81.77236114732723
114.08,11.393333333333333,41,6.893333333333333,40,25.102333333333334,61,4.114745762711864,61,34.26861538461537,65,81.77236114732723
180.57,17.727567567567572,38,10.935405405405406,38,37.79786885245901,61,10.646896551724138,60,37.74704225352114,72,114.85478063067728
143.56,17.727567567567572,38,10.935405405405406,38,37.79786885245901,61,10.646896551724138,60,37.74704225352114,72,114.85478063067728
116.47,17.727567567567572,38,10.935405405405406,38,37.79786885245901,61,10.646896551724138,60,37.74704225352114,72,114.85478063067728
92.53,17.727567567567572,38,10.935405405405406,38,37.79786885245901,61,10.646896551724138,60,37.74704225352114,72,114.85478063067728
39.24,17.727567567567572,38,10.935405405405406,38,37.79786885245901,61,10.646896551724138,60,37.74704225352114,72,114.85478063067728
152.88,17.727567567567572,38,10.935405405405406,38,37.79786885245901,61,10.646896551724138,60,37.74704225352114,72,114.85478063067728
81.78,12.001818181818182,35,7.404848484848486,33,24.135599999999997,51,3.15938775510204,51,35.51898305084746,60,82.22063747261616
117.52,12.001818181818182,35,7.404848484848486,33,24.135599999999997,51,3.15938775510204,51,35.51898305084746,60,82.22063747261616
110.75,12.001818181818182,35,7.404848484848486,33,24.135599999999997,51,3.15938775510204,51,35.51898305084746,60,82.22063747261616
110.04,12.001818181818182,35,7.404848484848486,33,24.135599999999997,51,3.15938775510204,51,35.51898305084746,60,82.22063747261616
104.61,12.001818181818182,35,7.404848484848486,33,24.135599999999997,51,3.15938775510204,51,35.51898305084746,60,82.22063747261616
127.13,12.001818181818182,35,7.404848484848486,33,24.135599999999997,51,3.15938775510204,51,35.51898305084746,60,82.22063747261616
118.25,10.444583333333336,25,6.9054166666666665,24,34.10976744186046,43,3.635813953488373,43,32.98727272727273,44,88.08285412262155
102.55,10.444583333333336,25,6.9054166666666665,24,34.10976744186046,43,3.635813953488373,43,32.98727272727273,44,88.08285412262155
83.02,10.444583333333336,25,6.9054166666666665,24,34.10976744186046,43,3.635813953488373,43,32.98727272727273,44,88.08285412262155
75.86,10.444583333333336,25,6.9054166666666665,24,34.10976744186046,43,3.635813953488373,43,32.98727272727273,44,88.08285412262155
80.49,10.328333333333333,25,7.223199999999999,25,23.974615384615383,40,3.3535000000000004,40,35.28152173913043,47,80.16117045707915
97.56,10.328333333333333,25,7.223199999999999,25,23.974615384615383,40,3.3535000000000004,40,35.28152173913043,47,80.16117045707915
104.47,10.328333333333333,25,7.223199999999999,25,23.974615384615383,40,3.3535000000000004,40,35.28152173913043,47,80.16117045707915
125.47,10.328333333333333,25,7.223199999999999,25,23.974615384615383,40,3.3535000000000004,40,35.28152173913043,47,80.16117045707915
111.18,10.328333333333333,25,7.223199999999999,25,23.974615384615383,40,3.3535000000000004,40,35.28152173913043,47,80.16117045707915
117.39,10.328333333333333,25,7.223199999999999,25,23.974615384615383,40,3.3535000000000004,40,35.28152173913043,47,80.16117045707915
106.34,12.604814814814814,28,7.8199999999999985,28,32.15317073170732,41,4.493,41,39.01528301886793,53,96.08626856539007
105.73,12.604814814814814,28,7.8199999999999985,28,32.15317073170732,41,4.493,41,39.01528301886793,53,96.08626856539007
101.06,12.604814814814814,28,7.8199999999999985,28,32.15317073170732,41,4.493,41,39.01528301886793,53,96.08626856539007
87.42,12.604814814814814,28,7.8199999999999985,28,32.15317073170732,41,4.493,41,39.01528301886793,53,96.08626856539007
110.38,12.604814814814814,28,7.8199999999999985,28,32.15317073170732,41,4.493,41,39.01528301886793,53,96.08626856539007
80.84,12.604814814814814,28,7.8199999999999985,28,32.15317073170732,41,4.493,41,39.01528301886793,53,96.08626856539007
116.79,13.318000000000001,21,9.03842105263158,20,34.96942857142858,35,4.7835294117647065,35,32.97686274509804,52,95.08624178092289
93.09,13.318000000000001,21,9.03842105263158,20,34.96942857142858,35,4.7835294117647065,35,32.97686274509804,52,95.08624178092289
87.7,13.318000000000001,21,9.03842105263158,20,34.96942857142858,35,4.7835294117647065,35,32.97686274509804,52,95.08624178092289
99.22,13.318000000000001,21,9.03842105263158,20,34.96942857142858,35,4.7835294117647065,35,32.97686274509804,52,95.08624178092289
80.24,13.318000000000001,21,9.03842105263158,20,34.96942857142858,35,4.7835294117647065,35,32.97686274509804,52,95.08624178092289
106.83,13.318000000000001,21,9.03842105263158,20,34.96942857142858,35,4.7835294117647065,35,32.97686274509804,52,95.08624178092289
84.76,13.011315789473683,39,7.604864864864865,38,28.90646153846154,65,4.0995238095238085,65,36.277916666666684,73,89.90008266899059
108.29,13.011315789473683,39,7.604864864864865,38,28.90646153846154,65,4.0995238095238085,65,36.277916666666684,73,89.90008266899059
130.19,13.011315789473683,39,7.604864864864865,38,28.90646153846154,65,4.0995238095238085,65,36.277916666666684,73,89.90008266899059
137.44,13.011315789473683,39,7.604864864864865,38,28.90646153846154,65,4.0995238095238085,65,36.277916666666684,73,89.90008266899059
120.71,13.011315789473683,39,7.604864864864865,38,28.90646153846154,65,4.0995238095238085,65,36.277916666666684,73,89.90008266899059
60.02,13.011315789473683,39,7.604864864864865,38,28.90646153846154,65,4.0995238095238085,65,36.277916666666684,73,89.90008266899059
87.86,13.231142857142856,36,7.308285714285714,36,24.917118644067806,60,4.176140350877192,59,37.014038461538455,53,86.64672602791204
103.59,13.231142857142856,36,7.308285714285714,36,24.917118644067806,60,4.176140350877192,59,37.014038461538455,53,86.64672602791204
120.99,13.231142857142856,36,7.308285714285714,36,24.917118644067806,60,4.176140350877192,59,37.014038461538455,53,86.64672602791204
95.22,13.231142857142856,36,7.308285714285714,36,24.917118644067806,60,4.176140350877192,59,37.014038461538455,53,86.64672602791204
72.77,13.231142857142856,36,7.308285714285714,36,24.917118644067806,60,4.176140350877192,59,37.014038461538455,53,86.64672602791204
88.6,13.231142857142856,36,7.308285714285714,36,24.917118644067806,60,4.176140350877192,59,37.014038461538455,53,86.64672602791204
88.62,13.859999999999998,33,6.988709677419355,32,28.83982456140351,58,4.228727272727274,58,32.67999999999999,60,86.59726151155013
104.55,13.859999999999998,33,6.988709677419355,32,28.83982456140351,58,4.228727272727274,58,32.67999999999999,60,86.59726151155013
90.96,13.859999999999998,33,6.988709677419355,32,28.83982456140351,58,4.228727272727274,58,32.67999999999999,60,86.59726151155013
109.01,13.859999999999998,33,6.988709677419355,32,28.83982456140351,58,4.228727272727274,58,32.67999999999999,60,86.59726151155013
81.63,13.859999999999998,33,6.988709677419355,32,28.83982456140351,58,4.228727272727274,58,32.67999999999999,60,86.59726151155013
104.62,13.859999999999998,33,6.988709677419355,32,28.83982456140351,58,4.228727272727274,58,32.67999999999999,60,86.59726151155013
110.46,15.116785714285712,28,7.363928571428571,28,26.418333333333337,43,3.9577499999999994,43,30.697631578947373,38,83.55442919799499
57.83,15.116785714285712,28,7.363928571428571,28,26.418333333333337,43,3.9577499999999994,43,30.697631578947373,38,83.55442919799499
118.39,15.116785714285712,28,7.363928571428571,28,26.418333333333337,43,3.9577499999999994,43,30.697631578947373,38,83.55442919799499
104.99,15.116785714285712,28,7.363928571428571,28,26.418333333333337,43,3.9577499999999994,43,30.697631578947373,38,83.55442919799499
129.71,15.116785714285712,28,7.363928571428571,28,26.418333333333337,43,3.9577499999999994,43,30.697631578947373,38,83.55442919799499
46.32,15.116785714285712,28,7.363928571428571,28,26.418333333333337,43,3.9577499999999994,43,30.697631578947373,38,83.55442919799499
