125.76,9.364444444444445,9,5.681111111111112,9,52.8225,12,2.5058333333333334,12,30.864285714285714,21,101.23817460317461
141.33,9.364444444444445,9,5.681111111111112,9,52.8225,12,2.5058333333333334,12,30.864285714285714,21,101.23817460317461
176.08,9.364444444444445,9,5.681111111111112,9,52.8225,12,2.5058333333333334,12,30.864285714285714,21,101.23817460317461
165.29,9.364444444444445,9,5.681111111111112,9,52.8225,12,2.5058333333333334,12,30.864285714285714,21,101.23817460317461
127.38,9.364444444444445,9,5.681111111111112,9,52.8225,12,2.5058333333333334,12,30.864285714285714,21,101.23817460317461
117.83,9.364444444444445,9,5.681111111111112,9,52.8225,12,2.5058333333333334,12,30.864285714285714,21,101.23817460317461
182.66,12.670769230769233,13,9.592307692307692,13,36.14947368421052,19,3.9483333333333337,19,36.37105263157895,20,98.7319365721997
127.68,12.670769230769233,13,9.592307692307692,13,36.14947368421052,19,3.9483333333333337,19,36.37105263157895,20,98.7319365721997
134.42,12.670769230769233,13,9.592307692307692,13,36.14947368421052,19,3.9483333333333337,19,36.37105263157895,20,98.7319365721997
114.74,12.670769230769233,13,9.592307692307692,13,36.14947368421052,19,3.9483333333333337,19,36.37105263157895,20,98.7319365721997
142.06,12.670769230769233,13,9.592307692307692,13,36.14947368421052,19,3.9483333333333337,19,36.37105263157895,20,98.7319365721997
170.11,12.670769230769233,13,9.592307692307692,13,36.14947368421052,19,3.9483333333333337,19,36.37105263157895,20,98.7319365721997
107.11,7.868181818181819,11,6.561818181818182,11,24.042307692307695,14,12.790000000000001,14,42.6147619047619,21,93.87706959706959
126.73,10.668,10,7.692,10,36.97647058823528,17,15.184705882352944,17,35.083499999999994,21,105.60467647058822
217.6,10.668,10,7.692,10,36.97647058823528,17,15.184705882352944,17,35.083499999999994,21,105.60467647058822
121.92,10.668,10,7.692,10,36.97647058823528,17,15.184705882352944,17,35.083499999999994,21,105.60467647058822
161.56,10.668,10,7.692,10,36.97647058823528,17,15.184705882352944,17,35.083499999999994,21,105.60467647058822
113.62,10.668,10,7.692,10,36.97647058823528,17,15.184705882352944,17,35.083499999999994,21,105.60467647058822
137.22,10.668,10,7.692,10,36.97647058823528,17,15.184705882352944,17,35.083499999999994,21,105.60467647058822
157.78,11.37,15,6.277142857142856,15,29.680000000000003,22,6.7109523809523814,22,29.888484848484843,34,83.92658008658009
60.5,11.37,15,6.277142857142856,15,29.680000000000003,22,6.7109523809523814,22,29.888484848484843,34,83.92658008658009
92.48,11.37,15,6.277142857142856,15,29.680000000000003,22,6.7109523809523814,22,29.888484848484843,34,83.92658008658009
153.16,11.37,15,6.277142857142856,15,29.680000000000003,22,6.7109523809523814,22,29.888484848484843,34,83.92658008658009
144.09,11.37,15,6.277142857142856,15,29.680000000000003,22,6.7109523809523814,22,29.888484848484843,34,83.92658008658009
36.31,7.623846153846155,14,5.943846153846153,14,32.623,20,4.503684210526316,20,31.590909090909086,22,82.2852856091277
149.99,7.623846153846155,14,5.943846153846153,14,32.623,20,4.503684210526316,20,31.590909090909086,22,82.2852856091277
16.61,7.623846153846155,14,5.943846153846153,14,32.623,20,4.503684210526316,20,31.590909090909086,22,82.2852856091277
98.77,7.623846153846155,14,5.943846153846153,14,32.623,20,4.503684210526316,20,31.590909090909086,22,82.2852856091277
101.02,7.623846153846155,14,5.943846153846153,14,32.623,20,4.503684210526316,20,31.590909090909086,22,82.2852856091277
272.87,7.623846153846155,14,5.943846153846153,14,32.623,20,4.503684210526316,20,31.590909090909086,22,82.2852856091277
108.82,9.59764705882353,17,6.42764705882353,17,45.152000000000015,26,3.2112,26,31.89074074074074,27,96.27923485838782
100.64,9.59764705882353,17,6.42764705882353,17,45.152000000000015,26,3.2112,26,31.89074074074074,27,96.27923485838782
138.42,9.59764705882353,17,6.42764705882353,17,45.152000000000015,26,3.2112,26,31.89074074074074,27,96.27923485838782
161.58,9.59764705882353,17,6.42764705882353,17,45.152000000000015,26,3.2112,26,31.89074074074074,27,96.27923485838782
170.83,9.59764705882353,17,6.42764705882353,17,45.152000000000015,26,3.2112,26,31.89074074074074,27,96.27923485838782
140.35,9.59764705882353,17,6.42764705882353,17,45.152000000000015,26,3.2112,26,31.89074074074074,27,96.27923485838782
119.13,7.521666666666668,12,5.509166666666666,12,38.282000000000004,15,3.1153333333333335,15,29.393750000000004,16,83.82191666666668
138.17,7.521666666666668,12,5.509166666666666,12,38.282000000000004,15,3.1153333333333335,15,29.393750000000004,16,83.82191666666668
128.09,7.521666666666668,12,5.509166666666666,12,38.282000000000004,15,3.1153333333333335,15,29.393750000000004,16,83.82191666666668
120.03,7.521666666666668,12,5.509166666666666,12,38.282000000000004,15,3.1153333333333335,15,29.393750000000004,16,83.82191666666668
114.45,7.521666666666668,12,5.509166666666666,12,38.282000000000004,15,3.1153333333333335,15,29.393750000000004,16,83.82191666666668
111.12,7.521666666666668,12,5.509166666666666,12,38.282000000000004,15,3.1153333333333335,15,29.393750000000004,16,83.82191666666668
141.44,9.028,10,5.978,10,26.10230769230769,13,3.8324999999999996,13,33.394499999999994,20,78.33530769230768
104.39,9.028,10,5.978,10,26.10230769230769,13,3.8324999999999996,13,33.394499999999994,20,78.33530769230768
82.27,9.028,10,5.978,10,26.10230769230769,13,3.8324999999999996,13,33.394499999999994,20,78.33530769230768
101.52,9.028,10,5.978,10,26.10230769230769,13,3.8324999999999996,13,33.394499999999994,20,78.33530769230768
130.04,9.028,10,5.978,10,26.10230769230769,13,3.8324999999999996,13,33.394499999999994,20,78.33530769230768
80.94,9.028,10,5.978,10,26.10230769230769,13,3.8324999999999996,13,33.394499999999994,20,78.33530769230768
123.53,11.945,6,9.546666666666667,6,27.442,10,3.344,10,59.017500000000005,24,111.29516666666667
135.53,11.945,6,9.546666666666667,6,27.442,10,3.344,10,59.017500000000005,24,111.29516666666667
158.87,11.945,6,9.546666666666667,6,27.442,10,3.344,10,59.017500000000005,24,111.29516666666667
333.27,11.945,6,9.546666666666667,6,27.442,10,3.344,10,59.017500000000005,24,111.29516666666667
170.66,11.945,6,9.546666666666667,6,27.442,10,3.344,10,59.017500000000005,24,111.29516666666667
148.06,11.945,6,9.546666666666667,6,27.442,10,3.344,10,59.017500000000005,24,111.29516666666667
184.46,8.612,11,5.887999999999999,11,27.930000000000003,13,6.322500000000001,13,74.7116,25,123.46409999999999
158.57,8.612,11,5.887999999999999,11,27.930000000000003,13,6.322500000000001,13,74.7116,25,123.46409999999999
150.27,8.612,11,5.887999999999999,11,27.930000000000003,13,6.322500000000001,13,74.7116,25,123.46409999999999
128.22,8.612,11,5.887999999999999,11,27.930000000000003,13,6.322500000000001,13,74.7116,25,123.46409999999999
145.05,8.612,11,5.887999999999999,11,27.930000000000003,13,6.322500000000001,13,74.7116,25,123.46409999999999
142.04,8.612,11,5.887999999999999,11,27.930000000000003,13,6.322500000000001,13,74.7116,25,123.46409999999999
131.38,9.243846153846153,13,5.806153846153847,13,17.39117647058824,18,5.62235294117647,18,39.68571428571428,22,77.74924369747899
159.61,9.243846153846153,13,5.806153846153847,13,17.39117647058824,18,5.62235294117647,18,39.68571428571428,22,77.74924369747899
132.74,9.243846153846153,13,5.806153846153847,13,17.39117647058824,18,5.62235294117647,18,39.68571428571428,22,77.74924369747899
127.71,9.243846153846153,13,5.806153846153847,13,17.39117647058824,18,5.62235294117647,18,39.68571428571428,22,77.74924369747899
143.97,9.243846153846153,13,5.806153846153847,13,17.39117647058824,18,5.62235294117647,18,39.68571428571428,22,77.74924369747899
149.72,9.243846153846153,13,5.806153846153847,13,17.39117647058824,18,5.62235294117647,18,39.68571428571428,22,77.74924369747899
176.06,9.585555555555555,9,6.757777777777778,9,25.01,15,2.2860000000000005,15,39.94833333333333,12,83.58766666666668
149.09,9.585555555555555,9,6.757777777777778,9,25.01,15,2.2860000000000005,15,39.94833333333333,12,83.58766666666668
138.09,9.585555555555555,9,6.757777777777778,9,25.01,15,2.2860000000000005,15,39.94833333333333,12,83.58766666666668
213.85,9.585555555555555,9,6.757777777777778,9,25.01,15,2.2860000000000005,15,39.94833333333333,12,83.58766666666668
155.66,9.585555555555555,9,6.757777777777778,9,25.01,15,2.2860000000000005,15,39.94833333333333,12,83.58766666666668
161.0,9.585555555555555,9,6.757777777777778,9,25.01,15,2.2860000000000005,15,39.94833333333333,12,83.58766666666668
132.32,9.075384615384618,14,6.629230769230769,14,44.784444444444446,18,3.8183333333333334,18,53.54677419354839,31,117.85416735594156
138.36,9.075384615384618,14,6.629230769230769,14,44.784444444444446,18,3.8183333333333334,18,53.54677419354839,31,117.85416735594156
155.89,9.075384615384618,14,6.629230769230769,14,44.784444444444446,18,3.8183333333333334,18,53.54677419354839,31,117.85416735594156
292.61,9.075384615384618,14,6.629230769230769,14,44.784444444444446,18,3.8183333333333334,18,53.54677419354839,31,117.85416735594156
134.17,9.075384615384618,14,6.629230769230769,14,44.784444444444446,18,3.8183333333333334,18,53.54677419354839,31,117.85416735594156
138.79,9.075384615384618,14,6.629230769230769,14,44.784444444444446,18,3.8183333333333334,18,53.54677419354839,31,117.85416735594156
219.25,11.580000000000002,8,6.13,8,26.55857142857143,14,2.1092307692307695,14,45.86210526315789,19,92.2399074609601
146.75,11.580000000000002,8,6.13,8,26.55857142857143,14,2.1092307692307695,14,45.86210526315789,19,92.2399074609601
260.24,11.580000000000002,8,6.13,8,26.55857142857143,14,2.1092307692307695,14,45.86210526315789,19,92.2399074609601
189.84,11.580000000000002,8,6.13,8,26.55857142857143,14,2.1092307692307695,14,45.86210526315789,19,92.2399074609601
145.1,11.580000000000002,8,6.13,8,26.55857142857143,14,2.1092307692307695,14,45.86210526315789,19,92.2399074609601
163.99,11.580000000000002,8,6.13,8,26.55857142857143,14,2.1092307692307695,14,45.86210526315789,19,92.2399074609601
178.64,11.07,6,6.845,6,16.167692307692306,14,6.486153846153846,14,62.629499999999986,20,103.19834615384613
92.06,11.07,6,6.845,6,16.167692307692306,14,6.486153846153846,14,62.629499999999986,20,103.19834615384613
172.28,11.07,6,6.845,6,16.167692307692306,14,6.486153846153846,14,62.629499999999986,20,103.19834615384613
220.51,11.07,6,6.845,6,16.167692307692306,14,6.486153846153846,14,62.629499999999986,20,103.19834615384613
164.1,11.07,6,6.845,6,16.167692307692306,14,6.486153846153846,14,62.629499999999986,20,103.19834615384613
123.46,11.07,6,6.845,6,16.167692307692306,14,6.486153846153846,14,62.629499999999986,20,103.19834615384613
191.31,9.000000000000002,12,6.528333333333333,12,25.717777777777783,19,7.896111111111111,19,50.14333333333334,24,99.28555555555556
246.0,9.000000000000002,12,6.528333333333333,12,25.717777777777783,19,7.896111111111111,19,50.14333333333334,24,99.28555555555556
168.49,9.000000000000002,12,6.528333333333333,12,25.717777777777783,19,7.896111111111111,19,50.14333333333334,24,99.28555555555556
211.97,9.000000000000002,12,6.528333333333333,12,25.717777777777783,19,7.896111111111111,19,50.14333333333334,24,99.28555555555556
142.24,9.000000000000002,12,6.528333333333333,12,25.717777777777783,19,7.896111111111111,19,50.14333333333334,24,99.28555555555556
158.4,9.000000000000002,12,6.528333333333333,12,25.717777777777783,19,7.896111111111111,19,50.14333333333334,24,99.28555555555556
147.0,10.695,6,7.461666666666666,6,19.50307692307692,13,3.4784615384615383,13,48.63294117647059,17,89.77114630467571
135.57,10.695,6,7.461666666666666,6,19.50307692307692,13,3.4784615384615383,13,48.63294117647059,17,89.77114630467571
192.48,10.695,6,7.461666666666666,6,19.50307692307692,13,3.4784615384615383,13,48.63294117647059,17,89.77114630467571
162.9,10.695,6,7.461666666666666,6,19.50307692307692,13,3.4784615384615383,13,48.63294117647059,17,89.77114630467571
215.33,10.695,6,7.461666666666666,6,19.50307692307692,13,3.4784615384615383,13,48.63294117647059,17,89.77114630467571
130.62,10.695,6,7.461666666666666,6,19.50307692307692,13,3.4784615384615383,13,48.63294117647059,17,89.77114630467571
67.88,12.605714285714285,7,8.691428571428572,7,30.799374999999994,16,2.600625,16,44.57357142857143,14,99.27071428571429
95.86,12.605714285714285,7,8.691428571428572,7,30.799374999999994,16,2.600625,16,44.57357142857143,14,99.27071428571429
140.33,12.605714285714285,7,8.691428571428572,7,30.799374999999994,16,2.600625,16,44.57357142857143,14,99.27071428571429
213.04,12.605714285714285,7,8.691428571428572,7,30.799374999999994,16,2.600625,16,44.57357142857143,14,99.27071428571429
131.84,12.605714285714285,7,8.691428571428572,7,30.799374999999994,16,2.600625,16,44.57357142857143,14,99.27071428571429
125.5,9.07,6,7.815,6,23.16571428571429,14,2.489285714285714,14,38.12312500000001,16,80.66312500000001
87.16,9.07,6,7.815,6,23.16571428571429,14,2.489285714285714,14,38.12312500000001,16,80.66312500000001
157.06,9.07,6,7.815,6,23.16571428571429,14,2.489285714285714,14,38.12312500000001,16,80.66312500000001
120.87,9.07,6,7.815,6,23.16571428571429,14,2.489285714285714,14,38.12312500000001,16,80.66312500000001
267.27,9.07,6,7.815,6,23.16571428571429,14,2.489285714285714,14,38.12312500000001,16,80.66312500000001
133.51,9.07,6,7.815,6,23.16571428571429,14,2.489285714285714,14,38.12312500000001,16,80.66312500000001
109.75,9.702142857142858,14,7.5442857142857145,14,43.985499999999995,21,8.688999999999998,21,56.037600000000005,25,125.95852857142854
189.27,9.702142857142858,14,7.5442857142857145,14,43.985499999999995,21,8.688999999999998,21,56.037600000000005,25,125.95852857142854
139.98,9.702142857142858,14,7.5442857142857145,14,43.985499999999995,21,8.688999999999998,21,56.037600000000005,25,125.95852857142854
144.61,9.702142857142858,14,7.5442857142857145,14,43.985499999999995,21,8.688999999999998,21,56.037600000000005,25,125.95852857142854
173.48,9.702142857142858,14,7.5442857142857145,14,43.985499999999995,21,8.688999999999998,21,56.037600000000005,25,125.95852857142854
167.13,9.702142857142858,14,7.5442857142857145,14,43.985499999999995,21,8.688999999999998,21,56.037600000000005,25,125.95852857142854
106.87,22.55125,8,6.307499999999999,8,50.1025,12,3.6381818181818186,12,38.64954545454545,22,121.24897727272726
80.36,22.55125,8,6.307499999999999,8,50.1025,12,3.6381818181818186,12,38.64954545454545,22,121.24897727272726
153.55,22.55125,8,6.307499999999999,8,50.1025,12,3.6381818181818186,12,38.64954545454545,22,121.24897727272726
142.52,22.55125,8,6.307499999999999,8,50.1025,12,3.6381818181818186,12,38.64954545454545,22,121.24897727272726
114.91,14.993749999999999,8,10.155,8,45.02,11,6.865454545454546,11,51.879999999999995,17,128.91420454545454
163.06,14.993749999999999,8,10.155,8,45.02,11,6.865454545454546,11,51.879999999999995,17,128.91420454545454
140.11,14.993749999999999,8,10.155,8,45.02,11,6.865454545454546,11,51.879999999999995,17,128.91420454545454
38.5,11.796999999999999,10,8.157,10,37.7075,12,5.132727272727272,12,58.903636363636366,22,121.69786363636365
168.37,11.796999999999999,10,8.157,10,37.7075,12,5.132727272727272,12,58.903636363636366,22,121.69786363636365
252.98,11.796999999999999,10,8.157,10,37.7075,12,5.132727272727272,12,58.903636363636366,22,121.69786363636365
292.68,11.796999999999999,10,8.157,10,37.7075,12,5.132727272727272,12,58.903636363636366,22,121.69786363636365
277.6,11.796999999999999,10,8.157,10,37.7075,12,5.132727272727272,12,58.903636363636366,22,121.69786363636365
194.14,11.796999999999999,10,8.157,10,37.7075,12,5.132727272727272,12,58.903636363636366,22,121.69786363636365
100.23,11.123333333333333,6,8.528333333333334,6,19.926666666666662,9,6.745555555555555,9,35.799375,16,82.12326388888889
141.07,11.123333333333333,6,8.528333333333334,6,19.926666666666662,9,6.745555555555555,9,35.799375,16,82.12326388888889
141.12,11.123333333333333,6,8.528333333333334,6,19.926666666666662,9,6.745555555555555,9,35.799375,16,82.12326388888889
202.96,11.123333333333333,6,8.528333333333334,6,19.926666666666662,9,6.745555555555555,9,35.799375,16,82.12326388888889
177.74,11.123333333333333,6,8.528333333333334,6,19.926666666666662,9,6.745555555555555,9,35.799375,16,82.12326388888889
156.12,11.123333333333333,6,8.528333333333334,6,19.926666666666662,9,6.745555555555555,9,35.799375,16,82.12326388888889
92.87,10.02714285714286,15,5.905333333333333,15,23.93944444444444,18,6.8770588235294134,18,41.91952380952382,21,88.66850326797389
167.59,10.02714285714286,15,5.905333333333333,15,23.93944444444444,18,6.8770588235294134,18,41.91952380952382,21,88.66850326797389
147.17,10.02714285714286,15,5.905333333333333,15,23.93944444444444,18,6.8770588235294134,18,41.91952380952382,21,88.66850326797389
177.41,10.02714285714286,15,5.905333333333333,15,23.93944444444444,18,6.8770588235294134,18,41.91952380952382,21,88.66850326797389
134.52,12.86909090909091,11,9.010909090909092,11,17.535882352941176,18,2.816470588235294,18,36.51499999999999,16,78.74735294117647
94.59,12.86909090909091,11,9.010909090909092,11,17.535882352941176,18,2.816470588235294,18,36.51499999999999,16,78.74735294117647
132.1,12.86909090909091,11,9.010909090909092,11,17.535882352941176,18,2.816470588235294,18,36.51499999999999,16,78.74735294117647
176.0,12.86909090909091,11,9.010909090909092,11,17.535882352941176,18,2.816470588235294,18,36.51499999999999,16,78.74735294117647
159.14,12.86909090909091,11,9.010909090909092,11,17.535882352941176,18,2.816470588235294,18,36.51499999999999,16,78.74735294117647
184.77,9.30888888888889,9,7.165555555555555,9,42.047,10,9.161,10,47.271666666666675,19,114.95411111111112
103.36,9.30888888888889,9,7.165555555555555,9,42.047,10,9.161,10,47.271666666666675,19,114.95411111111112
156.33,9.30888888888889,9,7.165555555555555,9,42.047,10,9.161,10,47.271666666666675,19,114.95411111111112
96.69,9.30888888888889,9,7.165555555555555,9,42.047,10,9.161,10,47.271666666666675,19,114.95411111111112
155.99,9.30888888888889,9,7.165555555555555,9,42.047,10,9.161,10,47.271666666666675,19,114.95411111111112
166.12,9.30888888888889,9,7.165555555555555,9,42.047,10,9.161,10,47.271666666666675,19,114.95411111111112
100.02,7.650000000000001,8,5.836250000000001,8,37.159,10,2.539,10,28.502499999999998,17,81.68675
136.83,7.650000000000001,8,5.836250000000001,8,37.159,10,2.539,10,28.502499999999998,17,81.68675
157.95,7.650000000000001,8,5.836250000000001,8,37.159,10,2.539,10,28.502499999999998,17,81.68675
258.02,7.650000000000001,8,5.836250000000001,8,37.159,10,2.539,10,28.502499999999998,17,81.68675
197.3,7.650000000000001,8,5.836250000000001,8,37.159,10,2.539,10,28.502499999999998,17,81.68675
127.91,7.650000000000001,8,5.836250000000001,8,37.159,10,2.539,10,28.502499999999998,17,81.68675
164.62,10.888181818181819,11,6.421818181818182,11,39.24923076923077,13,10.586153846153847,13,29.946111111111115,18,97.09149572649574
251.38,10.888181818181819,11,6.421818181818182,11,39.24923076923077,13,10.586153846153847,13,29.946111111111115,18,97.09149572649574
202.09,10.888181818181819,11,6.421818181818182,11,39.24923076923077,13,10.586153846153847,13,29.946111111111115,18,97.09149572649574
155.43,10.888181818181819,11,6.421818181818182,11,39.24923076923077,13,10.586153846153847,13,29.946111111111115,18,97.09149572649574
143.85,10.888181818181819,11,6.421818181818182,11,39.24923076923077,13,10.586153846153847,13,29.946111111111115,18,97.09149572649574
112.72,9.836666666666666,9,7.127777777777778,9,21.643333333333334,9,4.650000000000001,9,24.991428571428568,21,68.24920634920635
116.23,9.836666666666666,9,7.127777777777778,9,21.643333333333334,9,4.650000000000001,9,24.991428571428568,21,68.24920634920635
86.87,9.836666666666666,9,7.127777777777778,9,21.643333333333334,9,4.650000000000001,9,24.991428571428568,21,68.24920634920635
199.38,9.836666666666666,9,7.127777777777778,9,21.643333333333334,9,4.650000000000001,9,24.991428571428568,21,68.24920634920635
164.66,9.836666666666666,9,7.127777777777778,9,21.643333333333334,9,4.650000000000001,9,24.991428571428568,21,68.24920634920635
135.4,9.836666666666666,9,7.127777777777778,9,21.643333333333334,9,4.650000000000001,9,24.991428571428568,21,68.24920634920635
126.06,9.408333333333333,12,5.8999999999999995,12,35.29714285714285,14,3.1999999999999997,14,31.946363636363632,22,85.7518398268398
87.38,9.408333333333333,12,5.8999999999999995,12,35.29714285714285,14,3.1999999999999997,14,31.946363636363632,22,85.7518398268398
166.98,9.408333333333333,12,5.8999999999999995,12,35.29714285714285,14,3.1999999999999997,14,31.946363636363632,22,85.7518398268398
170.79,9.408333333333333,12,5.8999999999999995,12,35.29714285714285,14,3.1999999999999997,14,31.946363636363632,22,85.7518398268398
277.94,9.408333333333333,12,5.8999999999999995,12,35.29714285714285,14,3.1999999999999997,14,31.946363636363632,22,85.7518398268398
86.21,9.408333333333333,12,5.8999999999999995,12,35.29714285714285,14,3.1999999999999997,14,31.946363636363632,22,85.7518398268398
102.73,11.115000000000002,8,6.43375,8,20.388888888888886,9,5.571111111111112,9,29.451,20,72.95974999999999
108.83,11.115000000000002,8,6.43375,8,20.388888888888886,9,5.571111111111112,9,29.451,20,72.95974999999999
106.29,11.115000000000002,8,6.43375,8,20.388888888888886,9,5.571111111111112,9,29.451,20,72.95974999999999
75.31,11.115000000000002,8,6.43375,8,20.388888888888886,9,5.571111111111112,9,29.451,20,72.95974999999999
91.92,11.115000000000002,8,6.43375,8,20.388888888888886,9,5.571111111111112,9,29.451,20,72.95974999999999
119.09,11.115000000000002,8,6.43375,8,20.388888888888886,9,5.571111111111112,9,29.451,20,72.95974999999999
99.31,8.15,8,5.8975,8,28.266666666666666,9,6.014444444444444,9,23.03076923076923,14,71.35938034188034
93.5,8.15,8,5.8975,8,28.266666666666666,9,6.014444444444444,9,23.03076923076923,14,71.35938034188034
73.77,8.15,8,5.8975,8,28.266666666666666,9,6.014444444444444,9,23.03076923076923,14,71.35938034188034
113.51,8.15,8,5.8975,8,28.266666666666666,9,6.014444444444444,9,23.03076923076923,14,71.35938034188034
74.07,8.15,8,5.8975,8,28.266666666666666,9,6.014444444444444,9,23.03076923076923,14,71.35938034188034
140.57,22.66142857142857,7,6.998571428571428,7,73.29428571428572,7,3.338571428571428,7,30.775384615384617,14,137.06824175824175
151.05,22.66142857142857,7,6.998571428571428,7,73.29428571428572,7,3.338571428571428,7,30.775384615384617,14,137.06824175824175
165.69,22.66142857142857,7,6.998571428571428,7,73.29428571428572,7,3.338571428571428,7,30.775384615384617,14,137.06824175824175
171.16,22.66142857142857,7,6.998571428571428,7,73.29428571428572,7,3.338571428571428,7,30.775384615384617,14,137.06824175824175
164.0,22.66142857142857,7,6.998571428571428,7,73.29428571428572,7,3.338571428571428,7,30.775384615384617,14,137.06824175824175
137.31,22.66142857142857,7,6.998571428571428,7,73.29428571428572,7,3.338571428571428,7,30.775384615384617,14,137.06824175824175
130.0,8.984285714285715,7,6.228571428571429,7,25.41142857142857,7,4.32,7,37.9570588235294,17,82.9013445378151
116.95,8.984285714285715,7,6.228571428571429,7,25.41142857142857,7,4.32,7,37.9570588235294,17,82.9013445378151
63.07,8.984285714285715,7,6.228571428571429,7,25.41142857142857,7,4.32,7,37.9570588235294,17,82.9013445378151
117.62,8.984285714285715,7,6.228571428571429,7,25.41142857142857,7,4.32,7,37.9570588235294,17,82.9013445378151
91.24,8.984285714285715,7,6.228571428571429,7,25.41142857142857,7,4.32,7,37.9570588235294,17,82.9013445378151
87.73,8.984285714285715,7,6.228571428571429,7,25.41142857142857,7,4.32,7,37.9570588235294,17,82.9013445378151
72.51,15.971,10,7.253,10,52.145833333333336,12,4.375833333333333,12,29.01086956521739,23,108.75653623188406
118.13,15.971,10,7.253,10,52.145833333333336,12,4.375833333333333,12,29.01086956521739,23,108.75653623188406
97.13,15.971,10,7.253,10,52.145833333333336,12,4.375833333333333,12,29.01086956521739,23,108.75653623188406
98.12,15.971,10,7.253,10,52.145833333333336,12,4.375833333333333,12,29.01086956521739,23,108.75653623188406
104.5,15.971,10,7.253,10,52.145833333333336,12,4.375833333333333,12,29.01086956521739,23,108.75653623188406
98.88,8.834285714285715,7,6.724285714285714,7,28.557142857142857,7,6.341428571428572,7,22.28190476190476,21,72.73904761904762
88.98,8.834285714285715,7,6.724285714285714,7,28.557142857142857,7,6.341428571428572,7,22.28190476190476,21,72.73904761904762
96.84,8.834285714285715,7,6.724285714285714,7,28.557142857142857,7,6.341428571428572,7,22.28190476190476,21,72.73904761904762
118.83,8.834285714285715,7,6.724285714285714,7,28.557142857142857,7,6.341428571428572,7,22.28190476190476,21,72.73904761904762
93.63,8.834285714285715,7,6.724285714285714,7,28.557142857142857,7,6.341428571428572,7,22.28190476190476,21,72.73904761904762
62.15,8.834285714285715,7,6.724285714285714,7,28.557142857142857,7,6.341428571428572,7,22.28190476190476,21,72.73904761904762
104.01,8.5525,12,5.924166666666667,12,35.13071428571429,14,3.7476923076923074,14,37.83999999999999,20,91.19507326007324
85.58,8.5525,12,5.924166666666667,12,35.13071428571429,14,3.7476923076923074,14,37.83999999999999,20,91.19507326007324
106.89,8.5525,12,5.924166666666667,12,35.13071428571429,14,3.7476923076923074,14,37.83999999999999,20,91.19507326007324
126.08,8.5525,12,5.924166666666667,12,35.13071428571429,14,3.7476923076923074,14,37.83999999999999,20,91.19507326007324
109.84,8.5525,12,5.924166666666667,12,35.13071428571429,14,3.7476923076923074,14,37.83999999999999,20,91.19507326007324
75.53,9.095,10,6.906999999999999,10,30.745833333333334,12,2.640909090909091,12,32.183,20,81.57174242424242
102.32,9.095,10,6.906999999999999,10,30.745833333333334,12,2.640909090909091,12,32.183,20,81.57174242424242
102.54,9.095,10,6.906999999999999,10,30.745833333333334,12,2.640909090909091,12,32.183,20,81.57174242424242
65.89,9.095,10,6.906999999999999,10,30.745833333333334,12,2.640909090909091,12,32.183,20,81.57174242424242
119.37,4.703333333333333,3,3.01,3,17.85,4,2.5999999999999996,4,39.83125,8,67.99458333333334
99.69,4.703333333333333,3,3.01,3,17.85,4,2.5999999999999996,4,39.83125,8,67.99458333333334
173.59,4.703333333333333,3,3.01,3,17.85,4,2.5999999999999996,4,39.83125,8,67.99458333333334
127.53,4.703333333333333,3,3.01,3,17.85,4,2.5999999999999996,4,39.83125,8,67.99458333333334
105.53,4.703333333333333,3,3.01,3,17.85,4,2.5999999999999996,4,39.83125,8,67.99458333333334
54.58,4.703333333333333,3,3.01,3,17.85,4,2.5999999999999996,4,39.83125,8,67.99458333333334
91.49,7.7524999999999995,4,5.2275,4,35.19142857142857,7,9.835714285714285,7,33.09923076923077,14,91.10637362637362
126.48,7.7524999999999995,4,5.2275,4,35.19142857142857,7,9.835714285714285,7,33.09923076923077,14,91.10637362637362
129.46,7.7524999999999995,4,5.2275,4,35.19142857142857,7,9.835714285714285,7,33.09923076923077,14,91.10637362637362
118.98,7.7524999999999995,4,5.2275,4,35.19142857142857,7,9.835714285714285,7,33.09923076923077,14,91.10637362637362
65.82,7.622,5,5.358,5,17.645714285714284,7,8.29857142857143,7,31.595555555555556,18,70.51984126984127
93.61,7.622,5,5.358,5,17.645714285714284,7,8.29857142857143,7,31.595555555555556,18,70.51984126984127
88.42,7.622,5,5.358,5,17.645714285714284,7,8.29857142857143,7,31.595555555555556,18,70.51984126984127
52.27,7.622,5,5.358,5,17.645714285714284,7,8.29857142857143,7,31.595555555555556,18,70.51984126984127
93.52,7.952500000000001,4,5.0,4,35.2725,4,9.32,4,42.784000000000006,10,100.32900000000001
99.63,7.952500000000001,4,5.0,4,35.2725,4,9.32,4,42.784000000000006,10,100.32900000000001
84.19,7.952500000000001,4,5.0,4,35.2725,4,9.32,4,42.784000000000006,10,100.32900000000001
132.21,7.952500000000001,4,5.0,4,35.2725,4,9.32,4,42.784000000000006,10,100.32900000000001
76.29,7.952500000000001,4,5.0,4,35.2725,4,9.32,4,42.784000000000006,10,100.32900000000001
120.19,18.095,8,6.75625,8,13.838947368421053,20,2.2631578947368416,20,30.398500000000002,20,71.3518552631579
101.49,18.095,8,6.75625,8,13.838947368421053,20,2.2631578947368416,20,30.398500000000002,20,71.3518552631579
77.55,18.095,8,6.75625,8,13.838947368421053,20,2.2631578947368416,20,30.398500000000002,20,71.3518552631579
108.65,18.095,8,6.75625,8,13.838947368421053,20,2.2631578947368416,20,30.398500000000002,20,71.3518552631579
86.88,12.587142857142856,7,6.384285714285715,7,14.875500000000002,20,5.187368421052631,20,39.1,19,78.13429699248121
105.63,12.587142857142856,7,6.384285714285715,7,14.875500000000002,20,5.187368421052631,20,39.1,19,78.13429699248121
134.51,12.587142857142856,7,6.384285714285715,7,14.875500000000002,20,5.187368421052631,20,39.1,19,78.13429699248121
70.98,12.587142857142856,7,6.384285714285715,7,14.875500000000002,20,5.187368421052631,20,39.1,19,78.13429699248121
90.4,12.587142857142856,7,6.384285714285715,7,14.875500000000002,20,5.187368421052631,20,39.1,19,78.13429699248121
93.99,9.741666666666667,13,5.841666666666666,13,19.797499999999996,24,4.001739130434783,24,40.02176470588236,18,79.40433716965047
91.16,9.741666666666667,13,5.841666666666666,13,19.797499999999996,24,4.001739130434783,24,40.02176470588236,18,79.40433716965047
93.85,9.741666666666667,13,5.841666666666666,13,19.797499999999996,24,4.001739130434783,24,40.02176470588236,18,79.40433716965047
115.22,9.741666666666667,13,5.841666666666666,13,19.797499999999996,24,4.001739130434783,24,40.02176470588236,18,79.40433716965047
88.16,9.741666666666667,13,5.841666666666666,13,19.797499999999996,24,4.001739130434783,24,40.02176470588236,18,79.40433716965047
67.42,12.322500000000002,4,5.0075,4,14.989999999999998,5,12.546000000000001,5,32.232000000000006,5,77.09800000000001
86.1,12.322500000000002,4,5.0075,4,14.989999999999998,5,12.546000000000001,5,32.232000000000006,5,77.09800000000001
86.97,12.322500000000002,4,5.0075,4,14.989999999999998,5,12.546000000000001,5,32.232000000000006,5,77.09800000000001
86.72,12.322500000000002,4,5.0075,4,14.989999999999998,5,12.546000000000001,5,32.232000000000006,5,77.09800000000001
107.29,8.790000000000001,6,5.286666666666666,6,12.406153846153845,13,9.430000000000001,13,36.485,12,72.39782051282052
48.58,8.790000000000001,6,5.286666666666666,6,12.406153846153845,13,9.430000000000001,13,36.485,12,72.39782051282052
87.42,8.790000000000001,6,5.286666666666666,6,12.406153846153845,13,9.430000000000001,13,36.485,12,72.39782051282052
57.69,8.790000000000001,6,5.286666666666666,6,12.406153846153845,13,9.430000000000001,13,36.485,12,72.39782051282052
68.46,8.790000000000001,6,5.286666666666666,6,12.406153846153845,13,9.430000000000001,13,36.485,12,72.39782051282052
72.25,8.790000000000001,6,5.286666666666666,6,12.406153846153845,13,9.430000000000001,13,36.485,12,72.39782051282052
87.88,7.5600000000000005,4,5.539999999999999,4,16.342000000000002,5,7.32,5,22.286666666666665,6,59.04866666666666
66.94,7.5600000000000005,4,5.539999999999999,4,16.342000000000002,5,7.32,5,22.286666666666665,6,59.04866666666666
73.8,7.5600000000000005,4,5.539999999999999,4,16.342000000000002,5,7.32,5,22.286666666666665,6,59.04866666666666
42.53,7.5600000000000005,4,5.539999999999999,4,16.342000000000002,5,7.32,5,22.286666666666665,6,59.04866666666666
121.76,7.5600000000000005,4,5.539999999999999,4,16.342000000000002,5,7.32,5,22.286666666666665,6,59.04866666666666
22.82,8.508333333333333,12,5.654166666666666,12,16.17,20,2.965263157894736,20,31.01571428571429,14,64.31347744360903
84.81,8.508333333333333,12,5.654166666666666,12,16.17,20,2.965263157894736,20,31.01571428571429,14,64.31347744360903
101.98,8.508333333333333,12,5.654166666666666,12,16.17,20,2.965263157894736,20,31.01571428571429,14,64.31347744360903
77.84,8.508333333333333,12,5.654166666666666,12,16.17,20,2.965263157894736,20,31.01571428571429,14,64.31347744360903
73.38,8.508333333333333,12,5.654166666666666,12,16.17,20,2.965263157894736,20,31.01571428571429,14,64.31347744360903
122.61,8.508333333333333,12,5.654166666666666,12,16.17,20,2.965263157894736,20,31.01571428571429,14,64.31347744360903
92.34,8.882,10,5.795,10,21.696428571428573,14,6.839285714285714,14,32.78615384615385,13,75.99886813186814
96.89,8.882,10,5.795,10,21.696428571428573,14,6.839285714285714,14,32.78615384615385,13,75.99886813186814
113.91,8.882,10,5.795,10,21.696428571428573,14,6.839285714285714,14,32.78615384615385,13,75.99886813186814
114.08,8.882,10,5.795,10,21.696428571428573,14,6.839285714285714,14,32.78615384615385,13,75.99886813186814
132.01,8.882,10,5.795,10,21.696428571428573,14,6.839285714285714,14,32.78615384615385,13,75.99886813186814
110.77,8.882,10,5.795,10,21.696428571428573,14,6.839285714285714,14,32.78615384615385,13,75.99886813186814
81.14,8.051666666666666,13,5.615000000000001,12,28.45307692307692,14,3.183846153846154,14,39.072399999999995,25,84.37598974358974
117.42,8.051666666666666,13,5.615000000000001,12,28.45307692307692,14,3.183846153846154,14,39.072399999999995,25,84.37598974358974
134.69,8.051666666666666,13,5.615000000000001,12,28.45307692307692,14,3.183846153846154,14,39.072399999999995,25,84.37598974358974
140.47,8.051666666666666,13,5.615000000000001,12,28.45307692307692,14,3.183846153846154,14,39.072399999999995,25,84.37598974358974
157.0,8.051666666666666,13,5.615000000000001,12,28.45307692307692,14,3.183846153846154,14,39.072399999999995,25,84.37598974358974
103.59,8.051666666666666,13,5.615000000000001,12,28.45307692307692,14,3.183846153846154,14,39.072399999999995,25,84.37598974358974
125.63,10.936315789473683,20,7.408947368421053,20,35.4788,25,5.005833333333333,25,31.273214285714293,28,90.10311077694236
146.88,10.936315789473683,20,7.408947368421053,20,35.4788,25,5.005833333333333,25,31.273214285714293,28,90.10311077694236
143.21,10.936315789473683,20,7.408947368421053,20,35.4788,25,5.005833333333333,25,31.273214285714293,28,90.10311077694236
121.45,10.936315789473683,20,7.408947368421053,20,35.4788,25,5.005833333333333,25,31.273214285714293,28,90.10311077694236
140.42,10.936315789473683,20,7.408947368421053,20,35.4788,25,5.005833333333333,25,31.273214285714293,28,90.10311077694236
168.52,10.936315789473683,20,7.408947368421053,20,35.4788,25,5.005833333333333,25,31.273214285714293,28,90.10311077694236
147.89,10.594500000000002,21,6.8235,21,22.109333333333332,31,3.201666666666667,31,29.353333333333335,28,72.08233333333334
142.97,10.594500000000002,21,6.8235,21,22.109333333333332,31,3.201666666666667,31,29.353333333333335,28,72.08233333333334
76.64,10.594500000000002,21,6.8235,21,22.109333333333332,31,3.201666666666667,31,29.353333333333335,28,72.08233333333334
86.43,10.594500000000002,21,6.8235,21,22.109333333333332,31,3.201666666666667,31,29.353333333333335,28,72.08233333333334
126.58,10.594500000000002,21,6.8235,21,22.109333333333332,31,3.201666666666667,31,29.353333333333335,28,72.08233333333334
140.93,10.594500000000002,21,6.8235,21,22.109333333333332,31,3.201666666666667,31,29.353333333333335,28,72.08233333333334
110.54,127.91099999999999,10,68.93099999999998,10,30.954705882352936,17,3.2556250000000007,17,27.853333333333335,22,258.9056642156863
106.84,127.91099999999999,10,68.93099999999998,10,30.954705882352936,17,3.2556250000000007,17,27.853333333333335,22,258.9056642156863
127.01,127.91099999999999,10,68.93099999999998,10,30.954705882352936,17,3.2556250000000007,17,27.853333333333335,22,258.9056642156863
93.35,127.91099999999999,10,68.93099999999998,10,30.954705882352936,17,3.2556250000000007,17,27.853333333333335,22,258.9056642156863
199.12,127.91099999999999,10,68.93099999999998,10,30.954705882352936,17,3.2556250000000007,17,27.853333333333335,22,258.9056642156863
109.82,127.91099999999999,10,68.93099999999998,10,30.954705882352936,17,3.2556250000000007,17,27.853333333333335,22,258.9056642156863
136.74,14.341538461538464,13,6.510000000000002,13,33.47190476190477,21,5.022,21,35.862631578947365,19,95.20807480239061
79.86,14.341538461538464,13,6.510000000000002,13,33.47190476190477,21,5.022,21,35.862631578947365,19,95.20807480239061
93.52,14.341538461538464,13,6.510000000000002,13,33.47190476190477,21,5.022,21,35.862631578947365,19,95.20807480239061
117.26,14.341538461538464,13,6.510000000000002,13,33.47190476190477,21,5.022,21,35.862631578947365,19,95.20807480239061
180.18,14.341538461538464,13,6.510000000000002,13,33.47190476190477,21,5.022,21,35.862631578947365,19,95.20807480239061
143.81,14.341538461538464,13,6.510000000000002,13,33.47190476190477,21,5.022,21,35.862631578947365,19,95.20807480239061
131.0,11.902500000000002,12,7.1499999999999995,12,30.854000000000003,15,3.9886666666666666,15,34.33526315789474,20,88.23042982456143
143.71,11.902500000000002,12,7.1499999999999995,12,30.854000000000003,15,3.9886666666666666,15,34.33526315789474,20,88.23042982456143
92.93,11.902500000000002,12,7.1499999999999995,12,30.854000000000003,15,3.9886666666666666,15,34.33526315789474,20,88.23042982456143
107.95,11.902500000000002,12,7.1499999999999995,12,30.854000000000003,15,3.9886666666666666,15,34.33526315789474,20,88.23042982456143
160.17,11.902500000000002,12,7.1499999999999995,12,30.854000000000003,15,3.9886666666666666,15,34.33526315789474,20,88.23042982456143
109.04,11.902500000000002,12,7.1499999999999995,12,30.854000000000003,15,3.9886666666666666,15,34.33526315789474,20,88.23042982456143
120.12,10.234999999999998,10,6.84,9,29.009999999999998,13,3.5633333333333344,13,32.46166666666666,24,82.10999999999999
149.82,10.234999999999998,10,6.84,9,29.009999999999998,13,3.5633333333333344,13,32.46166666666666,24,82.10999999999999
119.6,10.234999999999998,10,6.84,9,29.009999999999998,13,3.5633333333333344,13,32.46166666666666,24,82.10999999999999
105.21,10.234999999999998,10,6.84,9,29.009999999999998,13,3.5633333333333344,13,32.46166666666666,24,82.10999999999999
131.01,10.234999999999998,10,6.84,9,29.009999999999998,13,3.5633333333333344,13,32.46166666666666,24,82.10999999999999
99.6,10.234999999999998,10,6.84,9,29.009999999999998,13,3.5633333333333344,13,32.46166666666666,24,82.10999999999999
106.68,10.219285714285716,15,6.3742857142857146,15,23.944444444444443,27,2.6953846153846155,27,33.48055555555556,19,76.71395604395605
98.38,10.219285714285716,15,6.3742857142857146,15,23.944444444444443,27,2.6953846153846155,27,33.48055555555556,19,76.71395604395605
116.87,10.219285714285716,15,6.3742857142857146,15,23.944444444444443,27,2.6953846153846155,27,33.48055555555556,19,76.71395604395605
161.05,10.219285714285716,15,6.3742857142857146,15,23.944444444444443,27,2.6953846153846155,27,33.48055555555556,19,76.71395604395605
126.62,10.219285714285716,15,6.3742857142857146,15,23.944444444444443,27,2.6953846153846155,27,33.48055555555556,19,76.71395604395605
126.75,19.598999999999997,10,5.7700000000000005,10,28.396,15,8.526666666666666,15,28.721999999999994,25,91.01366666666667
107.9,19.598999999999997,10,5.7700000000000005,10,28.396,15,8.526666666666666,15,28.721999999999994,25,91.01366666666667
118.13,19.598999999999997,10,5.7700000000000005,10,28.396,15,8.526666666666666,15,28.721999999999994,25,91.01366666666667
151.43,19.598999999999997,10,5.7700000000000005,10,28.396,15,8.526666666666666,15,28.721999999999994,25,91.01366666666667
141.31,19.598999999999997,10,5.7700000000000005,10,28.396,15,8.526666666666666,15,28.721999999999994,25,91.01366666666667
90.94,19.598999999999997,10,5.7700000000000005,10,28.396,15,8.526666666666666,15,28.721999999999994,25,91.01366666666667
151.0,9.513636363636364,11,5.466363636363637,11,20.686521739130434,24,7.7525,24,33.06384615384616,26,76.48286789297659
127.77,9.513636363636364,11,5.466363636363637,11,20.686521739130434,24,7.7525,24,33.06384615384616,26,76.48286789297659
169.72,9.513636363636364,11,5.466363636363637,11,20.686521739130434,24,7.7525,24,33.06384615384616,26,76.48286789297659
252.82,9.513636363636364,11,5.466363636363637,11,20.686521739130434,24,7.7525,24,33.06384615384616,26,76.48286789297659
135.63,9.513636363636364,11,5.466363636363637,11,20.686521739130434,24,7.7525,24,33.06384615384616,26,76.48286789297659
117.77,9.513636363636364,11,5.466363636363637,11,20.686521739130434,24,7.7525,24,33.06384615384616,26,76.48286789297659
100.55,12.58,13,8.07,13,30.706000000000007,20,3.6390000000000002,20,28.217272727272725,22,83.21227272727273
110.14,12.58,13,8.07,13,30.706000000000007,20,3.6390000000000002,20,28.217272727272725,22,83.21227272727273
112.64,12.58,13,8.07,13,30.706000000000007,20,3.6390000000000002,20,28.217272727272725,22,83.21227272727273
120.44,12.58,13,8.07,13,30.706000000000007,20,3.6390000000000002,20,28.217272727272725,22,83.21227272727273
101.91,12.58,13,8.07,13,30.706000000000007,20,3.6390000000000002,20,28.217272727272725,22,83.21227272727273
134.51,12.58,13,8.07,13,30.706000000000007,20,3.6390000000000002,20,28.217272727272725,22,83.21227272727273
113.02,12.35578947368421,20,7.2988888888888885,19,30.30481481481481,27,3.6188461538461545,27,34.07296296296296,27,87.65130229419702
179.88,12.35578947368421,20,7.2988888888888885,19,30.30481481481481,27,3.6188461538461545,27,34.07296296296296,27,87.65130229419702
193.36,12.35578947368421,20,7.2988888888888885,19,30.30481481481481,27,3.6188461538461545,27,34.07296296296296,27,87.65130229419702
127.58,12.35578947368421,20,7.2988888888888885,19,30.30481481481481,27,3.6188461538461545,27,34.07296296296296,27,87.65130229419702
172.6,12.35578947368421,20,7.2988888888888885,19,30.30481481481481,27,3.6188461538461545,27,34.07296296296296,27,87.65130229419702
94.91,12.35578947368421,20,7.2988888888888885,19,30.30481481481481,27,3.6188461538461545,27,34.07296296296296,27,87.65130229419702
103.21,8.696428571428573,15,6.806153846153847,14,24.547826086956523,23,2.9895454545454543,23,31.29959999999999,25,74.33955395908438
299.31,8.696428571428573,15,6.806153846153847,14,24.547826086956523,23,2.9895454545454543,23,31.29959999999999,25,74.33955395908438
117.11,8.696428571428573,15,6.806153846153847,14,24.547826086956523,23,2.9895454545454543,23,31.29959999999999,25,74.33955395908438
105.62,8.696428571428573,15,6.806153846153847,14,24.547826086956523,23,2.9895454545454543,23,31.29959999999999,25,74.33955395908438
101.16,8.696428571428573,15,6.806153846153847,14,24.547826086956523,23,2.9895454545454543,23,31.29959999999999,25,74.33955395908438
107.8,8.696428571428573,15,6.806153846153847,14,24.547826086956523,23,2.9895454545454543,23,31.29959999999999,25,74.33955395908438
55.53,9.579000000000002,11,7.833636363636364,11,21.438823529411767,17,10.06235294117647,17,29.768571428571427,29,78.68238426279603
91.27,9.579000000000002,11,7.833636363636364,11,21.438823529411767,17,10.06235294117647,17,29.768571428571427,29,78.68238426279603
98.45,9.579000000000002,11,7.833636363636364,11,21.438823529411767,17,10.06235294117647,17,29.768571428571427,29,78.68238426279603
91.9,9.579000000000002,11,7.833636363636364,11,21.438823529411767,17,10.06235294117647,17,29.768571428571427,29,78.68238426279603
88.85,9.579000000000002,11,7.833636363636364,11,21.438823529411767,17,10.06235294117647,17,29.768571428571427,29,78.68238426279603
77.73,9.579000000000002,11,7.833636363636364,11,21.438823529411767,17,10.06235294117647,17,29.768571428571427,29,78.68238426279603
121.97,9.321176470588236,17,6.071764705882354,17,26.544,26,2.9136000000000006,26,30.664374999999996,33,75.51491617647059
107.77,9.321176470588236,17,6.071764705882354,17,26.544,26,2.9136000000000006,26,30.664374999999996,33,75.51491617647059
100.85,9.321176470588236,17,6.071764705882354,17,26.544,26,2.9136000000000006,26,30.664374999999996,33,75.51491617647059
147.62,9.321176470588236,17,6.071764705882354,17,26.544,26,2.9136000000000006,26,30.664374999999996,33,75.51491617647059
99.05,9.321176470588236,17,6.071764705882354,17,26.544,26,2.9136000000000006,26,30.664374999999996,33,75.51491617647059
76.18,9.321176470588236,17,6.071764705882354,17,26.544,26,2.9136000000000006,26,30.664374999999996,33,75.51491617647059
79.88,10.247333333333334,15,6.238666666666666,15,25.97772727272727,22,3.0005,21,32.837599999999995,25,78.30182727272727
74.45,10.247333333333334,15,6.238666666666666,15,25.97772727272727,22,3.0005,21,32.837599999999995,25,78.30182727272727
99.58,10.247333333333334,15,6.238666666666666,15,25.97772727272727,22,3.0005,21,32.837599999999995,25,78.30182727272727
123.24,10.247333333333334,15,6.238666666666666,15,25.97772727272727,22,3.0005,21,32.837599999999995,25,78.30182727272727
97.09,10.247333333333334,15,6.238666666666666,15,25.97772727272727,22,3.0005,21,32.837599999999995,25,78.30182727272727
112.37,10.247333333333334,15,6.238666666666666,15,25.97772727272727,22,3.0005,21,32.837599999999995,25,78.30182727272727
96.99,14.941818181818183,11,7.70818181818182,11,20.51352941176471,18,12.005263157894738,19,30.887619047619047,22,86.0564116172785
136.58,14.941818181818183,11,7.70818181818182,11,20.51352941176471,18,12.005263157894738,19,30.887619047619047,22,86.0564116172785
99.99,14.941818181818183,11,7.70818181818182,11,20.51352941176471,18,12.005263157894738,19,30.887619047619047,22,86.0564116172785
132.97,14.941818181818183,11,7.70818181818182,11,20.51352941176471,18,12.005263157894738,19,30.887619047619047,22,86.0564116172785
137.62,14.941818181818183,11,7.70818181818182,11,20.51352941176471,18,12.005263157894738,19,30.887619047619047,22,86.0564116172785
88.1,14.941818181818183,11,7.70818181818182,11,20.51352941176471,18,12.005263157894738,19,30.887619047619047,22,86.0564116172785
82.11,26.553999999999995,10,15.839000000000002,10,21.687142857142856,14,12.254285714285714,14,33.046,30,109.38042857142858
124.14,26.553999999999995,10,15.839000000000002,10,21.687142857142856,14,12.254285714285714,14,33.046,30,109.38042857142858
177.03,26.553999999999995,10,15.839000000000002,10,21.687142857142856,14,12.254285714285714,14,33.046,30,109.38042857142858
109.06,26.553999999999995,10,15.839000000000002,10,21.687142857142856,14,12.254285714285714,14,33.046,30,109.38042857142858
111.64,26.553999999999995,10,15.839000000000002,10,21.687142857142856,14,12.254285714285714,14,33.046,30,109.38042857142858
107.14,26.553999999999995,10,15.839000000000002,10,21.687142857142856,14,12.254285714285714,14,33.046,30,109.38042857142858
103.32,11.883125,17,5.455333333333334,16,28.329444444444448,18,4.221176470588236,18,30.381612903225815,31,80.27069215159183
89.59,11.883125,17,5.455333333333334,16,28.329444444444448,18,4.221176470588236,18,30.381612903225815,31,80.27069215159183
121.16,11.883125,17,5.455333333333334,16,28.329444444444448,18,4.221176470588236,18,30.381612903225815,31,80.27069215159183
77.68,11.883125,17,5.455333333333334,16,28.329444444444448,18,4.221176470588236,18,30.381612903225815,31,80.27069215159183
97.85,11.883125,17,5.455333333333334,16,28.329444444444448,18,4.221176470588236,18,30.381612903225815,31,80.27069215159183
90.24,11.883125,17,5.455333333333334,16,28.329444444444448,18,4.221176470588236,18,30.381612903225815,31,80.27069215159183
113.65,12.986923076923075,13,7.328461538461536,13,25.973333333333336,18,3.3588235294117648,18,40.909230769230774,27,90.55677224736048
80.36,12.986923076923075,13,7.328461538461536,13,25.973333333333336,18,3.3588235294117648,18,40.909230769230774,27,90.55677224736048
116.37,12.986923076923075,13,7.328461538461536,13,25.973333333333336,18,3.3588235294117648,18,40.909230769230774,27,90.55677224736048
102.85,12.986923076923075,13,7.328461538461536,13,25.973333333333336,18,3.3588235294117648,18,40.909230769230774,27,90.55677224736048
127.27,12.986923076923075,13,7.328461538461536,13,25.973333333333336,18,3.3588235294117648,18,40.909230769230774,27,90.55677224736048
81.87,12.986923076923075,13,7.328461538461536,13,25.973333333333336,18,3.3588235294117648,18,40.909230769230774,27,90.55677224736048
102.75,10.122727272727273,11,8.171818181818182,11,22.031666666666666,19,2.9633333333333334,19,33.38652173913044,24,76.67606719367589
131.35,10.122727272727273,11,8.171818181818182,11,22.031666666666666,19,2.9633333333333334,19,33.38652173913044,24,76.67606719367589
85.02,10.122727272727273,11,8.171818181818182,11,22.031666666666666,19,2.9633333333333334,19,33.38652173913044,24,76.67606719367589
127.37,10.122727272727273,11,8.171818181818182,11,22.031666666666666,19,2.9633333333333334,19,33.38652173913044,24,76.67606719367589
95.5,10.122727272727273,11,8.171818181818182,11,22.031666666666666,19,2.9633333333333334,19,33.38652173913044,24,76.67606719367589
70.39,10.122727272727273,11,8.171818181818182,11,22.031666666666666,19,2.9633333333333334,19,33.38652173913044,24,76.67606719367589
142.52,14.218461538461538,13,7.580769230769231,13,29.0205,20,4.302631578947368,20,31.973437500000006,33,87.09579984817815
93.0,14.218461538461538,13,7.580769230769231,13,29.0205,20,4.302631578947368,20,31.973437500000006,33,87.09579984817815
136.49,14.218461538461538,13,7.580769230769231,13,29.0205,20,4.302631578947368,20,31.973437500000006,33,87.09579984817815
96.54,14.218461538461538,13,7.580769230769231,13,29.0205,20,4.302631578947368,20,31.973437500000006,33,87.09579984817815
104.09,14.218461538461538,13,7.580769230769231,13,29.0205,20,4.302631578947368,20,31.973437500000006,33,87.09579984817815
133.37,14.218461538461538,13,7.580769230769231,13,29.0205,20,4.302631578947368,20,31.973437500000006,33,87.09579984817815
84.05,11.054545454545456,11,7.773636363636364,11,30.74473684210526,19,4.0038888888888895,19,36.59962962962963,27,90.1764371788056
156.47,11.054545454545456,11,7.773636363636364,11,30.74473684210526,19,4.0038888888888895,19,36.59962962962963,27,90.1764371788056
207.03,11.054545454545456,11,7.773636363636364,11,30.74473684210526,19,4.0038888888888895,19,36.59962962962963,27,90.1764371788056
117.82,11.054545454545456,11,7.773636363636364,11,30.74473684210526,19,4.0038888888888895,19,36.59962962962963,27,90.1764371788056
168.48,11.054545454545456,11,7.773636363636364,11,30.74473684210526,19,4.0038888888888895,19,36.59962962962963,27,90.1764371788056
156.67,11.054545454545456,11,7.773636363636364,11,30.74473684210526,19,4.0038888888888895,19,36.59962962962963,27,90.1764371788056
113.2,9.581999999999999,16,6.1000000000000005,16,21.49516129032258,31,3.704333333333332,31,32.080857142857134,36,72.96235176651305
82.62,9.581999999999999,16,6.1000000000000005,16,21.49516129032258,31,3.704333333333332,31,32.080857142857134,36,72.96235176651305
123.73,9.581999999999999,16,6.1000000000000005,16,21.49516129032258,31,3.704333333333332,31,32.080857142857134,36,72.96235176651305
161.08,9.581999999999999,16,6.1000000000000005,16,21.49516129032258,31,3.704333333333332,31,32.080857142857134,36,72.96235176651305
67.84,9.581999999999999,16,6.1000000000000005,16,21.49516129032258,31,3.704333333333332,31,32.080857142857134,36,72.96235176651305
107.55,9.581999999999999,16,6.1000000000000005,16,21.49516129032258,31,3.704333333333332,31,32.080857142857134,36,72.96235176651305
92.41,10.0805,21,6.066,21,23.234399999999997,25,4.405416666666668,25,30.745333333333342,30,74.53165000000001
93.02,10.0805,21,6.066,21,23.234399999999997,25,4.405416666666668,25,30.745333333333342,30,74.53165000000001
101.47,10.0805,21,6.066,21,23.234399999999997,25,4.405416666666668,25,30.745333333333342,30,74.53165000000001
71.6,10.0805,21,6.066,21,23.234399999999997,25,4.405416666666668,25,30.745333333333342,30,74.53165000000001
81.46,10.0805,21,6.066,21,23.234399999999997,25,4.405416666666668,25,30.745333333333342,30,74.53165000000001
97.89,10.0805,21,6.066,21,23.234399999999997,25,4.405416666666668,25,30.745333333333342,30,74.53165000000001
85.19,9.1192,26,5.8436,26,22.42078947368421,38,3.9397297297297293,38,36.30891891891891,37,77.63223812233285
102.03,9.1192,26,5.8436,26,22.42078947368421,38,3.9397297297297293,38,36.30891891891891,37,77.63223812233285
84.55,9.1192,26,5.8436,26,22.42078947368421,38,3.9397297297297293,38,36.30891891891891,37,77.63223812233285
96.33,9.1192,26,5.8436,26,22.42078947368421,38,3.9397297297297293,38,36.30891891891891,37,77.63223812233285
98.87,9.1192,26,5.8436,26,22.42078947368421,38,3.9397297297297293,38,36.30891891891891,37,77.63223812233285
101.59,9.1192,26,5.8436,26,22.42078947368421,38,3.9397297297297293,38,36.30891891891891,37,77.63223812233285
93.91,13.106,10,6.161,10,25.741764705882353,17,3.281764705882353,17,28.309285714285718,29,76.59981512605043
98.29,13.106,10,6.161,10,25.741764705882353,17,3.281764705882353,17,28.309285714285718,29,76.59981512605043
98.74,13.106,10,6.161,10,25.741764705882353,17,3.281764705882353,17,28.309285714285718,29,76.59981512605043
118.06,13.106,10,6.161,10,25.741764705882353,17,3.281764705882353,17,28.309285714285718,29,76.59981512605043
80.88,13.106,10,6.161,10,25.741764705882353,17,3.281764705882353,17,28.309285714285718,29,76.59981512605043
94.94,13.106,10,6.161,10,25.741764705882353,17,3.281764705882353,17,28.309285714285718,29,76.59981512605043
147.11,12.623571428571429,14,6.359230769230771,14,26.85388888888889,18,2.9105882352941173,18,37.41833333333334,30,86.16561265531853
118.52,12.623571428571429,14,6.359230769230771,14,26.85388888888889,18,2.9105882352941173,18,37.41833333333334,30,86.16561265531853
107.93,12.623571428571429,14,6.359230769230771,14,26.85388888888889,18,2.9105882352941173,18,37.41833333333334,30,86.16561265531853
90.51,12.623571428571429,14,6.359230769230771,14,26.85388888888889,18,2.9105882352941173,18,37.41833333333334,30,86.16561265531853
149.29,12.623571428571429,14,6.359230769230771,14,26.85388888888889,18,2.9105882352941173,18,37.41833333333334,30,86.16561265531853
120.32,12.623571428571429,14,6.359230769230771,14,26.85388888888889,18,2.9105882352941173,18,37.41833333333334,30,86.16561265531853
126.4,9.156818181818181,23,5.910909090909089,23,20.188666666666663,31,4.315333333333333,31,29.93075,40,69.50247727272726
115.52,9.156818181818181,23,5.910909090909089,23,20.188666666666663,31,4.315333333333333,31,29.93075,40,69.50247727272726
98.86,9.156818181818181,23,5.910909090909089,23,20.188666666666663,31,4.315333333333333,31,29.93075,40,69.50247727272726
131.15,9.156818181818181,23,5.910909090909089,23,20.188666666666663,31,4.315333333333333,31,29.93075,40,69.50247727272726
151.95,9.156818181818181,23,5.910909090909089,23,20.188666666666663,31,4.315333333333333,31,29.93075,40,69.50247727272726
117.69,9.156818181818181,23,5.910909090909089,23,20.188666666666663,31,4.315333333333333,31,29.93075,40,69.50247727272726
70.3,9.639130434782606,24,6.315652173913043,24,20.287333333333333,30,3.197586206896552,30,32.36292682926829,41,71.80262897819382
145.63,9.639130434782606,24,6.315652173913043,24,20.287333333333333,30,3.197586206896552,30,32.36292682926829,41,71.80262897819382
120.0,9.639130434782606,24,6.315652173913043,24,20.287333333333333,30,3.197586206896552,30,32.36292682926829,41,71.80262897819382
129.17,9.639130434782606,24,6.315652173913043,24,20.287333333333333,30,3.197586206896552,30,32.36292682926829,41,71.80262897819382
108.18,9.639130434782606,24,6.315652173913043,24,20.287333333333333,30,3.197586206896552,30,32.36292682926829,41,71.80262897819382
112.14,9.639130434782606,24,6.315652173913043,24,20.287333333333333,30,3.197586206896552,30,32.36292682926829,41,71.80262897819382
93.88,11.683684210526316,19,6.374444444444444,19,19.19913043478261,24,5.113913043478261,24,29.84818181818182,33,72.21935395141345
87.78,11.683684210526316,19,6.374444444444444,19,19.19913043478261,24,5.113913043478261,24,29.84818181818182,33,72.21935395141345
103.01,11.683684210526316,19,6.374444444444444,19,19.19913043478261,24,5.113913043478261,24,29.84818181818182,33,72.21935395141345
94.06,11.683684210526316,19,6.374444444444444,19,19.19913043478261,24,5.113913043478261,24,29.84818181818182,33,72.21935395141345
114.88,11.683684210526316,19,6.374444444444444,19,19.19913043478261,24,5.113913043478261,24,29.84818181818182,33,72.21935395141345
70.85,11.683684210526316,19,6.374444444444444,19,19.19913043478261,24,5.113913043478261,24,29.84818181818182,33,72.21935395141345
85.64,8.990000000000002,15,5.803571428571429,15,20.0095,21,6.4305,21,30.849736842105262,38,72.0833082706767
99.17,8.990000000000002,15,5.803571428571429,15,20.0095,21,6.4305,21,30.849736842105262,38,72.0833082706767
102.09,8.990000000000002,15,5.803571428571429,15,20.0095,21,6.4305,21,30.849736842105262,38,72.0833082706767
103.95,8.990000000000002,15,5.803571428571429,15,20.0095,21,6.4305,21,30.849736842105262,38,72.0833082706767
82.41,8.990000000000002,15,5.803571428571429,15,20.0095,21,6.4305,21,30.849736842105262,38,72.0833082706767
107.51,8.990000000000002,15,5.803571428571429,15,20.0095,21,6.4305,21,30.849736842105262,38,72.0833082706767
103.23,17.626363636363635,11,8.784545454545453,11,22.044615384615383,14,3.3038461538461537,14,34.6696551724138,30,86.42902580178442
111.49,17.626363636363635,11,8.784545454545453,11,22.044615384615383,14,3.3038461538461537,14,34.6696551724138,30,86.42902580178442
65.55,17.626363636363635,11,8.784545454545453,11,22.044615384615383,14,3.3038461538461537,14,34.6696551724138,30,86.42902580178442
92.04,17.626363636363635,11,8.784545454545453,11,22.044615384615383,14,3.3038461538461537,14,34.6696551724138,30,86.42902580178442
116.15,17.626363636363635,11,8.784545454545453,11,22.044615384615383,14,3.3038461538461537,14,34.6696551724138,30,86.42902580178442
114.06,17.626363636363635,11,8.784545454545453,11,22.044615384615383,14,3.3038461538461537,14,34.6696551724138,30,86.42902580178442
106.67,8.990999999999998,10,6.876,10,21.271666666666665,18,10.950000000000001,18,36.48894736842106,19,84.57761403508772
85.55,8.990999999999998,10,6.876,10,21.271666666666665,18,10.950000000000001,18,36.48894736842106,19,84.57761403508772
91.14,8.990999999999998,10,6.876,10,21.271666666666665,18,10.950000000000001,18,36.48894736842106,19,84.57761403508772
64.23,8.990999999999998,10,6.876,10,21.271666666666665,18,10.950000000000001,18,36.48894736842106,19,84.57761403508772
120.49,8.990999999999998,10,6.876,10,21.271666666666665,18,10.950000000000001,18,36.48894736842106,19,84.57761403508772
105.35,8.990999999999998,10,6.876,10,21.271666666666665,18,10.950000000000001,18,36.48894736842106,19,84.57761403508772
120.81,11.805454545454547,11,6.816363636363636,11,22.444999999999997,23,2.4081818181818178,23,38.217837837837834,37,81.69283783783783
98.33,11.805454545454547,11,6.816363636363636,11,22.444999999999997,23,2.4081818181818178,23,38.217837837837834,37,81.69283783783783
107.49,11.805454545454547,11,6.816363636363636,11,22.444999999999997,23,2.4081818181818178,23,38.217837837837834,37,81.69283783783783
147.68,11.805454545454547,11,6.816363636363636,11,22.444999999999997,23,2.4081818181818178,23,38.217837837837834,37,81.69283783783783
124.16,11.805454545454547,11,6.816363636363636,11,22.444999999999997,23,2.4081818181818178,23,38.217837837837834,37,81.69283783783783
136.56,11.805454545454547,11,6.816363636363636,11,22.444999999999997,23,2.4081818181818178,23,38.217837837837834,37,81.69283783783783
