151.39,6.703333333333333,3,9.976666666666667,3,10.743333333333334,3,25.313333333333333,3,30.343333333333334,3,52.8225,12,2.5058333333333334,12,17.07,2,7.970000000000001,2,11.19,2,1.4249999999999998,2,13.26,2,189.32333333333332
129.1,6.703333333333333,3,9.976666666666667,3,10.743333333333334,3,25.313333333333333,3,30.343333333333334,3,52.8225,12,2.5058333333333334,12,17.07,2,7.970000000000001,2,11.19,2,1.4249999999999998,2,13.26,2,189.32333333333332
200.87,6.703333333333333,3,9.976666666666667,3,10.743333333333334,3,25.313333333333333,3,30.343333333333334,3,52.8225,12,2.5058333333333334,12,17.07,2,7.970000000000001,2,11.19,2,1.4249999999999998,2,13.26,2,189.32333333333332
164.52,6.703333333333333,3,9.976666666666667,3,10.743333333333334,3,25.313333333333333,3,30.343333333333334,3,52.8225,12,2.5058333333333334,12,17.07,2,7.970000000000001,2,11.19,2,1.4249999999999998,2,13.26,2,189.32333333333332
237.4,17.833333333333332,6,12.844999999999999,6,13.218333333333334,6,32.235,6,23.703333333333333,6,36.14947368421052,19,3.9483333333333337,19,25.23714285714286,7,8.25,7,16.365714285714283,7,1.695714285714286,7,20.20428571428571,7,211.68566416040096
305.51,17.833333333333332,6,12.844999999999999,6,13.218333333333334,6,32.235,6,23.703333333333333,6,36.14947368421052,19,3.9483333333333337,19,25.23714285714286,7,8.25,7,16.365714285714283,7,1.695714285714286,7,20.20428571428571,7,211.68566416040096
152.86,17.833333333333332,6,12.844999999999999,6,13.218333333333334,6,32.235,6,23.703333333333333,6,36.14947368421052,19,3.9483333333333337,19,25.23714285714286,7,8.25,7,16.365714285714283,7,1.695714285714286,7,20.20428571428571,7,211.68566416040096
276.13,17.833333333333332,6,12.844999999999999,6,13.218333333333334,6,32.235,6,23.703333333333333,6,36.14947368421052,19,3.9483333333333337,19,25.23714285714286,7,8.25,7,16.365714285714283,7,1.695714285714286,7,20.20428571428571,7,211.68566416040096
199.87,17.833333333333332,6,12.844999999999999,6,13.218333333333334,6,32.235,6,23.703333333333333,6,36.14947368421052,19,3.9483333333333337,19,25.23714285714286,7,8.25,7,16.365714285714283,7,1.695714285714286,7,20.20428571428571,7,211.68566416040096
171.96,17.833333333333332,6,12.844999999999999,6,13.218333333333334,6,32.235,6,23.703333333333333,6,36.14947368421052,19,3.9483333333333337,19,25.23714285714286,7,8.25,7,16.365714285714283,7,1.695714285714286,7,20.20428571428571,7,211.68566416040096
146.07,9.853333333333333,3,11.21,3,11.466666666666667,3,25.16,3,15.066666666666665,3,24.042307692307695,14,12.790000000000001,14,13.14,6,6.726666666666667,6,10.238333333333333,6,1.6766666666666667,6,31.285,6,172.65564102564105
185.85,9.853333333333333,3,11.21,3,11.466666666666667,3,25.16,3,15.066666666666665,3,24.042307692307695,14,12.790000000000001,14,13.14,6,6.726666666666667,6,10.238333333333333,6,1.6766666666666667,6,31.285,6,172.65564102564105
180.06,9.853333333333333,3,11.21,3,11.466666666666667,3,25.16,3,15.066666666666665,3,24.042307692307695,14,12.790000000000001,14,13.14,6,6.726666666666667,6,10.238333333333333,6,1.6766666666666667,6,31.285,6,172.65564102564105
168.4,9.853333333333333,3,11.21,3,11.466666666666667,3,25.16,3,15.066666666666665,3,24.042307692307695,14,12.790000000000001,14,13.14,6,6.726666666666667,6,10.238333333333333,6,1.6766666666666667,6,31.285,6,172.65564102564105
158.32,10.085714285714285,7,11.638571428571428,7,10.85,7,23.408571428571427,7,23.18857142857143,7,36.97647058823528,17,15.184705882352944,17,29.641999999999996,5,13.668000000000001,5,8.972,5,0.95,5,9.959999999999999,5,194.52460504201682
222.62,10.085714285714285,7,11.638571428571428,7,10.85,7,23.408571428571427,7,23.18857142857143,7,36.97647058823528,17,15.184705882352944,17,29.641999999999996,5,13.668000000000001,5,8.972,5,0.95,5,9.959999999999999,5,194.52460504201682
190.78,10.085714285714285,7,11.638571428571428,7,10.85,7,23.408571428571427,7,23.18857142857143,7,36.97647058823528,17,15.184705882352944,17,29.641999999999996,5,13.668000000000001,5,8.972,5,0.95,5,9.959999999999999,5,194.52460504201682
153.19,10.085714285714285,7,11.638571428571428,7,10.85,7,23.408571428571427,7,23.18857142857143,7,36.97647058823528,17,15.184705882352944,17,29.641999999999996,5,13.668000000000001,5,8.972,5,0.95,5,9.959999999999999,5,194.52460504201682
125.64,10.085714285714285,7,11.638571428571428,7,10.85,7,23.408571428571427,7,23.18857142857143,7,36.97647058823528,17,15.184705882352944,17,29.641999999999996,5,13.668000000000001,5,8.972,5,0.95,5,9.959999999999999,5,194.52460504201682
132.52,10.085714285714285,7,11.638571428571428,7,10.85,7,23.408571428571427,7,23.18857142857143,7,36.97647058823528,17,15.184705882352944,17,29.641999999999996,5,13.668000000000001,5,8.972,5,0.95,5,9.959999999999999,5,194.52460504201682
212.6,16.76,7,11.832857142857142,7,11.828571428571427,7,26.50142857142858,7,19.021428571428572,7,29.680000000000003,22,6.7109523809523814,22,15.538333333333334,6,7.368333333333333,6,10.88,6,1.4816666666666667,6,24.261666666666667,6,181.86523809523808
202.14,16.76,7,11.832857142857142,7,11.828571428571427,7,26.50142857142858,7,19.021428571428572,7,29.680000000000003,22,6.7109523809523814,22,15.538333333333334,6,7.368333333333333,6,10.88,6,1.4816666666666667,6,24.261666666666667,6,181.86523809523808
223.59,16.76,7,11.832857142857142,7,11.828571428571427,7,26.50142857142858,7,19.021428571428572,7,29.680000000000003,22,6.7109523809523814,22,15.538333333333334,6,7.368333333333333,6,10.88,6,1.4816666666666667,6,24.261666666666667,6,181.86523809523808
216.41,16.76,7,11.832857142857142,7,11.828571428571427,7,26.50142857142858,7,19.021428571428572,7,29.680000000000003,22,6.7109523809523814,22,15.538333333333334,6,7.368333333333333,6,10.88,6,1.4816666666666667,6,24.261666666666667,6,181.86523809523808
151.95,10.098333333333334,6,11.833333333333334,6,12.073333333333332,6,23.028333333333332,6,17.815,6,32.623,20,4.503684210526316,20,16.614,5,7.773999999999999,5,11.028,5,1.444,5,14.732,5,163.5670175438596
124.05,10.098333333333334,6,11.833333333333334,6,12.073333333333332,6,23.028333333333332,6,17.815,6,32.623,20,4.503684210526316,20,16.614,5,7.773999999999999,5,11.028,5,1.444,5,14.732,5,163.5670175438596
193.09,10.098333333333334,6,11.833333333333334,6,12.073333333333332,6,23.028333333333332,6,17.815,6,32.623,20,4.503684210526316,20,16.614,5,7.773999999999999,5,11.028,5,1.444,5,14.732,5,163.5670175438596
179.22,10.098333333333334,6,11.833333333333334,6,12.073333333333332,6,23.028333333333332,6,17.815,6,32.623,20,4.503684210526316,20,16.614,5,7.773999999999999,5,11.028,5,1.444,5,14.732,5,163.5670175438596
162.27,10.098333333333334,6,11.833333333333334,6,12.073333333333332,6,23.028333333333332,6,17.815,6,32.623,20,4.503684210526316,20,16.614,5,7.773999999999999,5,11.028,5,1.444,5,14.732,5,163.5670175438596
209.95,10.098333333333334,6,11.833333333333334,6,12.073333333333332,6,23.028333333333332,6,17.815,6,32.623,20,4.503684210526316,20,16.614,5,7.773999999999999,5,11.028,5,1.444,5,14.732,5,163.5670175438596
153.63,10.087777777777779,9,11.734444444444444,9,12.442222222222222,9,26.391111111111112,9,30.574444444444445,9,45.152000000000015,26,3.2112,26,16.811,10,8.078999999999999,10,14.513000000000002,10,1.302,10,16.872,10,197.17020000000002
183.6,10.087777777777779,9,11.734444444444444,9,12.442222222222222,9,26.391111111111112,9,30.574444444444445,9,45.152000000000015,26,3.2112,26,16.811,10,8.078999999999999,10,14.513000000000002,10,1.302,10,16.872,10,197.17020000000002
120.05,10.087777777777779,9,11.734444444444444,9,12.442222222222222,9,26.391111111111112,9,30.574444444444445,9,45.152000000000015,26,3.2112,26,16.811,10,8.078999999999999,10,14.513000000000002,10,1.302,10,16.872,10,197.17020000000002
173.78,10.087777777777779,9,11.734444444444444,9,12.442222222222222,9,26.391111111111112,9,30.574444444444445,9,45.152000000000015,26,3.2112,26,16.811,10,8.078999999999999,10,14.513000000000002,10,1.302,10,16.872,10,197.17020000000002
176.07,10.087777777777779,9,11.734444444444444,9,12.442222222222222,9,26.391111111111112,9,30.574444444444445,9,45.152000000000015,26,3.2112,26,16.811,10,8.078999999999999,10,14.513000000000002,10,1.302,10,16.872,10,197.17020000000002
186.44,7.906666666666666,3,8.156666666666668,3,8.1,3,21.389999999999997,3,14.836666666666666,3,38.282000000000004,15,3.1153333333333335,15,15.046666666666667,3,7.426666666666667,3,24.060000000000002,3,1.67,3,36.24333333333333,3,186.234
193.3,7.906666666666666,3,8.156666666666668,3,8.1,3,21.389999999999997,3,14.836666666666666,3,38.282000000000004,15,3.1153333333333335,15,15.046666666666667,3,7.426666666666667,3,24.060000000000002,3,1.67,3,36.24333333333333,3,186.234
195.46,7.906666666666666,3,8.156666666666668,3,8.1,3,21.389999999999997,3,14.836666666666666,3,38.282000000000004,15,3.1153333333333335,15,15.046666666666667,3,7.426666666666667,3,24.060000000000002,3,1.67,3,36.24333333333333,3,186.234
199.8,7.906666666666666,3,8.156666666666668,3,8.1,3,21.389999999999997,3,14.836666666666666,3,38.282000000000004,15,3.1153333333333335,15,15.046666666666667,3,7.426666666666667,3,24.060000000000002,3,1.67,3,36.24333333333333,3,186.234
140.42,8.946666666666667,3,11.256666666666666,3,12.06,3,25.846666666666664,3,18.773333333333333,3,26.10230769230769,13,3.8324999999999996,13,20.075000000000003,4,8.872499999999999,4,12.64,4,1.6324999999999998,4,38.252500000000005,4,188.29064102564098
120.69,8.946666666666667,3,11.256666666666666,3,12.06,3,25.846666666666664,3,18.773333333333333,3,26.10230769230769,13,3.8324999999999996,13,20.075000000000003,4,8.872499999999999,4,12.64,4,1.6324999999999998,4,38.252500000000005,4,188.29064102564098
153.18,8.946666666666667,3,11.256666666666666,3,12.06,3,25.846666666666664,3,18.773333333333333,3,26.10230769230769,13,3.8324999999999996,13,20.075000000000003,4,8.872499999999999,4,12.64,4,1.6324999999999998,4,38.252500000000005,4,188.29064102564098
139.52,8.946666666666667,3,11.256666666666666,3,12.06,3,25.846666666666664,3,18.773333333333333,3,26.10230769230769,13,3.8324999999999996,13,20.075000000000003,4,8.872499999999999,4,12.64,4,1.6324999999999998,4,38.252500000000005,4,188.29064102564098
173.98,7.557499999999999,4,8.782499999999999,4,9.04,4,22.4275,4,21.98,4,27.442,10,3.344,10,20.61,4,10.0,4,20.427500000000002,4,1.9575,4,20.434999999999995,4,174.0035
213.46,7.557499999999999,4,8.782499999999999,4,9.04,4,22.4275,4,21.98,4,27.442,10,3.344,10,20.61,4,10.0,4,20.427500000000002,4,1.9575,4,20.434999999999995,4,174.0035
164.15,7.557499999999999,4,8.782499999999999,4,9.04,4,22.4275,4,21.98,4,27.442,10,3.344,10,20.61,4,10.0,4,20.427500000000002,4,1.9575,4,20.434999999999995,4,174.0035
267.14,9.116,5,10.452,5,11.656,5,27.314,5,23.092000000000002,5,17.39117647058824,18,5.62235294117647,18,22.142857142857142,7,19.41714285714286,7,16.12,7,1.727142857142857,7,36.86142857142857,7,200.91210084033614
219.51,9.116,5,10.452,5,11.656,5,27.314,5,23.092000000000002,5,17.39117647058824,18,5.62235294117647,18,22.142857142857142,7,19.41714285714286,7,16.12,7,1.727142857142857,7,36.86142857142857,7,200.91210084033614
126.85,9.116,5,10.452,5,11.656,5,27.314,5,23.092000000000002,5,17.39117647058824,18,5.62235294117647,18,22.142857142857142,7,19.41714285714286,7,16.12,7,1.727142857142857,7,36.86142857142857,7,200.91210084033614
262.0,9.116,5,10.452,5,11.656,5,27.314,5,23.092000000000002,5,17.39117647058824,18,5.62235294117647,18,22.142857142857142,7,19.41714285714286,7,16.12,7,1.727142857142857,7,36.86142857142857,7,200.91210084033614
154.17,9.116,5,10.452,5,11.656,5,27.314,5,23.092000000000002,5,17.39117647058824,18,5.62235294117647,18,22.142857142857142,7,19.41714285714286,7,16.12,7,1.727142857142857,7,36.86142857142857,7,200.91210084033614
130.82,8.095,6,10.17,6,10.408333333333333,6,30.33,6,22.006666666666664,6,25.01,15,2.2860000000000005,15,18.182,10,8.235,10,15.343999999999998,10,1.5509999999999997,10,23.092000000000002,10,174.71
118.27,8.095,6,10.17,6,10.408333333333333,6,30.33,6,22.006666666666664,6,25.01,15,2.2860000000000005,15,18.182,10,8.235,10,15.343999999999998,10,1.5509999999999997,10,23.092000000000002,10,174.71
128.04,8.095,6,10.17,6,10.408333333333333,6,30.33,6,22.006666666666664,6,25.01,15,2.2860000000000005,15,18.182,10,8.235,10,15.343999999999998,10,1.5509999999999997,10,23.092000000000002,10,174.71
200.99,8.095,6,10.17,6,10.408333333333333,6,30.33,6,22.006666666666664,6,25.01,15,2.2860000000000005,15,18.182,10,8.235,10,15.343999999999998,10,1.5509999999999997,10,23.092000000000002,10,174.71
311.46,8.095,6,10.17,6,10.408333333333333,6,30.33,6,22.006666666666664,6,25.01,15,2.2860000000000005,15,18.182,10,8.235,10,15.343999999999998,10,1.5509999999999997,10,23.092000000000002,10,174.71
165.85,15.2175,4,17.745,4,12.7325,4,28.042499999999997,4,19.685,4,44.784444444444446,18,3.8183333333333334,18,15.916,5,14.235999999999999,5,14.604,5,1.3679999999999999,5,12.434000000000001,5,200.58327777777774
166.4,15.2175,4,17.745,4,12.7325,4,28.042499999999997,4,19.685,4,44.784444444444446,18,3.8183333333333334,18,15.916,5,14.235999999999999,5,14.604,5,1.3679999999999999,5,12.434000000000001,5,200.58327777777774
181.59,15.2175,4,17.745,4,12.7325,4,28.042499999999997,4,19.685,4,44.784444444444446,18,3.8183333333333334,18,15.916,5,14.235999999999999,5,14.604,5,1.3679999999999999,5,12.434000000000001,5,200.58327777777774
77.33,15.2175,4,17.745,4,12.7325,4,28.042499999999997,4,19.685,4,44.784444444444446,18,3.8183333333333334,18,15.916,5,14.235999999999999,5,14.604,5,1.3679999999999999,5,12.434000000000001,5,200.58327777777774
140.74,15.2175,4,17.745,4,12.7325,4,28.042499999999997,4,19.685,4,44.784444444444446,18,3.8183333333333334,18,15.916,5,14.235999999999999,5,14.604,5,1.3679999999999999,5,12.434000000000001,5,200.58327777777774
147.87,15.2175,4,17.745,4,12.7325,4,28.042499999999997,4,19.685,4,44.784444444444446,18,3.8183333333333334,18,15.916,5,14.235999999999999,5,14.604,5,1.3679999999999999,5,12.434000000000001,5,200.58327777777774
137.17,11.601666666666665,6,13.579999999999998,6,12.603333333333333,6,24.63166666666667,6,20.62666666666667,6,26.55857142857143,14,2.1092307692307695,14,13.117142857142856,7,6.178571428571429,7,14.772857142857143,7,1.3814285714285717,7,23.090000000000003,7,170.25113553113553
161.87,11.601666666666665,6,13.579999999999998,6,12.603333333333333,6,24.63166666666667,6,20.62666666666667,6,26.55857142857143,14,2.1092307692307695,14,13.117142857142856,7,6.178571428571429,7,14.772857142857143,7,1.3814285714285717,7,23.090000000000003,7,170.25113553113553
152.68,11.601666666666665,6,13.579999999999998,6,12.603333333333333,6,24.63166666666667,6,20.62666666666667,6,26.55857142857143,14,2.1092307692307695,14,13.117142857142856,7,6.178571428571429,7,14.772857142857143,7,1.3814285714285717,7,23.090000000000003,7,170.25113553113553
168.03,11.601666666666665,6,13.579999999999998,6,12.603333333333333,6,24.63166666666667,6,20.62666666666667,6,26.55857142857143,14,2.1092307692307695,14,13.117142857142856,7,6.178571428571429,7,14.772857142857143,7,1.3814285714285717,7,23.090000000000003,7,170.25113553113553
237.81,11.601666666666665,6,13.579999999999998,6,12.603333333333333,6,24.63166666666667,6,20.62666666666667,6,26.55857142857143,14,2.1092307692307695,14,13.117142857142856,7,6.178571428571429,7,14.772857142857143,7,1.3814285714285717,7,23.090000000000003,7,170.25113553113553
111.36,9.93875,8,12.65625,8,11.93375,8,33.917500000000004,8,18.237499999999997,8,16.167692307692306,14,6.486153846153846,14,15.50285714285714,7,6.248571428571429,7,9.540000000000001,7,1.162857142857143,7,16.28142857142857,7,158.07331043956043
201.15,9.93875,8,12.65625,8,11.93375,8,33.917500000000004,8,18.237499999999997,8,16.167692307692306,14,6.486153846153846,14,15.50285714285714,7,6.248571428571429,7,9.540000000000001,7,1.162857142857143,7,16.28142857142857,7,158.07331043956043
158.99,9.93875,8,12.65625,8,11.93375,8,33.917500000000004,8,18.237499999999997,8,16.167692307692306,14,6.486153846153846,14,15.50285714285714,7,6.248571428571429,7,9.540000000000001,7,1.162857142857143,7,16.28142857142857,7,158.07331043956043
130.02,9.93875,8,12.65625,8,11.93375,8,33.917500000000004,8,18.237499999999997,8,16.167692307692306,14,6.486153846153846,14,15.50285714285714,7,6.248571428571429,7,9.540000000000001,7,1.162857142857143,7,16.28142857142857,7,158.07331043956043
138.18,9.93875,8,12.65625,8,11.93375,8,33.917500000000004,8,18.237499999999997,8,16.167692307692306,14,6.486153846153846,14,15.50285714285714,7,6.248571428571429,7,9.540000000000001,7,1.162857142857143,7,16.28142857142857,7,158.07331043956043
161.18,9.93875,8,12.65625,8,11.93375,8,33.917500000000004,8,18.237499999999997,8,16.167692307692306,14,6.486153846153846,14,15.50285714285714,7,6.248571428571429,7,9.540000000000001,7,1.162857142857143,7,16.28142857142857,7,158.07331043956043
173.67,11.304285714285713,7,12.941428571428572,7,13.622857142857143,7,32.55857142857143,7,37.4,7,25.717777777777783,19,7.896111111111111,19,14.872,5,36.721999999999994,5,13.786000000000001,5,1.128,5,22.814,5,230.76303174603171
182.2,11.304285714285713,7,12.941428571428572,7,13.622857142857143,7,32.55857142857143,7,37.4,7,25.717777777777783,19,7.896111111111111,19,14.872,5,36.721999999999994,5,13.786000000000001,5,1.128,5,22.814,5,230.76303174603171
114.02,11.304285714285713,7,12.941428571428572,7,13.622857142857143,7,32.55857142857143,7,37.4,7,25.717777777777783,19,7.896111111111111,19,14.872,5,36.721999999999994,5,13.786000000000001,5,1.128,5,22.814,5,230.76303174603171
160.92,11.304285714285713,7,12.941428571428572,7,13.622857142857143,7,32.55857142857143,7,37.4,7,25.717777777777783,19,7.896111111111111,19,14.872,5,36.721999999999994,5,13.786000000000001,5,1.128,5,22.814,5,230.76303174603171
171.67,10.95142857142857,7,12.765714285714285,7,20.827142857142857,7,24.321428571428573,7,17.112857142857145,7,19.50307692307692,13,3.4784615384615383,13,14.854444444444445,9,6.512222222222222,9,18.692222222222217,9,1.4833333333333334,9,21.564444444444447,9,172.06677655677657
162.1,10.95142857142857,7,12.765714285714285,7,20.827142857142857,7,24.321428571428573,7,17.112857142857145,7,19.50307692307692,13,3.4784615384615383,13,14.854444444444445,9,6.512222222222222,9,18.692222222222217,9,1.4833333333333334,9,21.564444444444447,9,172.06677655677657
154.17,10.95142857142857,7,12.765714285714285,7,20.827142857142857,7,24.321428571428573,7,17.112857142857145,7,19.50307692307692,13,3.4784615384615383,13,14.854444444444445,9,6.512222222222222,9,18.692222222222217,9,1.4833333333333334,9,21.564444444444447,9,172.06677655677657
206.31,10.95142857142857,7,12.765714285714285,7,20.827142857142857,7,24.321428571428573,7,17.112857142857145,7,19.50307692307692,13,3.4784615384615383,13,14.854444444444445,9,6.512222222222222,9,18.692222222222217,9,1.4833333333333334,9,21.564444444444447,9,172.06677655677657
245.14,10.95142857142857,7,12.765714285714285,7,20.827142857142857,7,24.321428571428573,7,17.112857142857145,7,19.50307692307692,13,3.4784615384615383,13,14.854444444444445,9,6.512222222222222,9,18.692222222222217,9,1.4833333333333334,9,21.564444444444447,9,172.06677655677657
152.8,10.596666666666666,9,12.11111111111111,9,12.16777777777778,9,26.44777777777778,9,24.323333333333338,9,30.799374999999994,16,2.600625,16,21.84222222222222,9,13.65111111111111,9,22.033333333333335,9,2.908888888888888,9,22.87888888888889,9,202.36111111111111
210.56,10.596666666666666,9,12.11111111111111,9,12.16777777777778,9,26.44777777777778,9,24.323333333333338,9,30.799374999999994,16,2.600625,16,21.84222222222222,9,13.65111111111111,9,22.033333333333335,9,2.908888888888888,9,22.87888888888889,9,202.36111111111111
138.07,10.596666666666666,9,12.11111111111111,9,12.16777777777778,9,26.44777777777778,9,24.323333333333338,9,30.799374999999994,16,2.600625,16,21.84222222222222,9,13.65111111111111,9,22.033333333333335,9,2.908888888888888,9,22.87888888888889,9,202.36111111111111
161.71,10.596666666666666,9,12.11111111111111,9,12.16777777777778,9,26.44777777777778,9,24.323333333333338,9,30.799374999999994,16,2.600625,16,21.84222222222222,9,13.65111111111111,9,22.033333333333335,9,2.908888888888888,9,22.87888888888889,9,202.36111111111111
131.59,10.596666666666666,9,12.11111111111111,9,12.16777777777778,9,26.44777777777778,9,24.323333333333338,9,30.799374999999994,16,2.600625,16,21.84222222222222,9,13.65111111111111,9,22.033333333333335,9,2.908888888888888,9,22.87888888888889,9,202.36111111111111
253.26,8.282499999999999,8,9.13625,8,9.4175,8,22.91375,8,18.677500000000002,8,23.16571428571429,14,2.489285714285714,14,18.81833333333333,6,9.055,6,15.901666666666666,6,20.476666666666667,6,73.705,6,232.0391666666667
171.34,8.282499999999999,8,9.13625,8,9.4175,8,22.91375,8,18.677500000000002,8,23.16571428571429,14,2.489285714285714,14,18.81833333333333,6,9.055,6,15.901666666666666,6,20.476666666666667,6,73.705,6,232.0391666666667
155.6,8.282499999999999,8,9.13625,8,9.4175,8,22.91375,8,18.677500000000002,8,23.16571428571429,14,2.489285714285714,14,18.81833333333333,6,9.055,6,15.901666666666666,6,20.476666666666667,6,73.705,6,232.0391666666667
112.29,8.282499999999999,8,9.13625,8,9.4175,8,22.91375,8,18.677500000000002,8,23.16571428571429,14,2.489285714285714,14,18.81833333333333,6,9.055,6,15.901666666666666,6,20.476666666666667,6,73.705,6,232.0391666666667
184.24,8.282499999999999,8,9.13625,8,9.4175,8,22.91375,8,18.677500000000002,8,23.16571428571429,14,2.489285714285714,14,18.81833333333333,6,9.055,6,15.901666666666666,6,20.476666666666667,6,73.705,6,232.0391666666667
173.8,8.282499999999999,8,9.13625,8,9.4175,8,22.91375,8,18.677500000000002,8,23.16571428571429,14,2.489285714285714,14,18.81833333333333,6,9.055,6,15.901666666666666,6,20.476666666666667,6,73.705,6,232.0391666666667
182.43,12.921428571428569,7,14.997142857142858,7,13.831428571428571,7,33.57285714285714,7,24.052857142857142,7,43.985499999999995,21,8.688999999999998,21,19.41714285714286,7,9.334285714285715,7,11.031428571428572,7,1.7157142857142857,7,18.45,7,211.99878571428567
188.31,12.921428571428569,7,14.997142857142858,7,13.831428571428571,7,33.57285714285714,7,24.052857142857142,7,43.985499999999995,21,8.688999999999998,21,19.41714285714286,7,9.334285714285715,7,11.031428571428572,7,1.7157142857142857,7,18.45,7,211.99878571428567
146.95,12.921428571428569,7,14.997142857142858,7,13.831428571428571,7,33.57285714285714,7,24.052857142857142,7,43.985499999999995,21,8.688999999999998,21,19.41714285714286,7,9.334285714285715,7,11.031428571428572,7,1.7157142857142857,7,18.45,7,211.99878571428567
205.21,12.921428571428569,7,14.997142857142858,7,13.831428571428571,7,33.57285714285714,7,24.052857142857142,7,43.985499999999995,21,8.688999999999998,21,19.41714285714286,7,9.334285714285715,7,11.031428571428572,7,1.7157142857142857,7,18.45,7,211.99878571428567
252.66,12.921428571428569,7,14.997142857142858,7,13.831428571428571,7,33.57285714285714,7,24.052857142857142,7,43.985499999999995,21,8.688999999999998,21,19.41714285714286,7,9.334285714285715,7,11.031428571428572,7,1.7157142857142857,7,18.45,7,211.99878571428567
178.62,11.49,4,9.45,4,9.8325,4,25.904999999999998,4,39.957499999999996,4,50.1025,12,3.6381818181818186,12,24.650000000000002,3,10.54,3,30.69333333333333,3,1.5266666666666666,3,35.6,3,253.38568181818178
239.39,11.49,4,9.45,4,9.8325,4,25.904999999999998,4,39.957499999999996,4,50.1025,12,3.6381818181818186,12,24.650000000000002,3,10.54,3,30.69333333333333,3,1.5266666666666666,3,35.6,3,253.38568181818178
420.58,11.49,4,9.45,4,9.8325,4,25.904999999999998,4,39.957499999999996,4,50.1025,12,3.6381818181818186,12,24.650000000000002,3,10.54,3,30.69333333333333,3,1.5266666666666666,3,35.6,3,253.38568181818178
239.31,11.49,4,9.45,4,9.8325,4,25.904999999999998,4,39.957499999999996,4,50.1025,12,3.6381818181818186,12,24.650000000000002,3,10.54,3,30.69333333333333,3,1.5266666666666666,3,35.6,3,253.38568181818178
147.73,11.49,4,9.45,4,9.8325,4,25.904999999999998,4,39.957499999999996,4,50.1025,12,3.6381818181818186,12,24.650000000000002,3,10.54,3,30.69333333333333,3,1.5266666666666666,3,35.6,3,253.38568181818178
214.16,11.49,4,9.45,4,9.8325,4,25.904999999999998,4,39.957499999999996,4,50.1025,12,3.6381818181818186,12,24.650000000000002,3,10.54,3,30.69333333333333,3,1.5266666666666666,3,35.6,3,253.38568181818178
147.14,13.143333333333333,3,16.09,3,16.583333333333332,3,38.24666666666667,3,15.13,3,45.02,11,6.865454545454546,11,15.283333333333331,3,6.646666666666666,3,9.173333333333334,3,1.1666666666666667,3,11.193333333333333,3,194.54212121212123
128.94,13.143333333333333,3,16.09,3,16.583333333333332,3,38.24666666666667,3,15.13,3,45.02,11,6.865454545454546,11,15.283333333333331,3,6.646666666666666,3,9.173333333333334,3,1.1666666666666667,3,11.193333333333333,3,194.54212121212123
208.66,7.540000000000001,2,8.535,2,9.21,2,18.57,2,14.115,2,37.7075,12,5.132727272727272,12,21.765,2,11.045,2,79.31,2,1.465,2,37.725,2,252.12022727272728
133.65,7.540000000000001,2,8.535,2,9.21,2,18.57,2,14.115,2,37.7075,12,5.132727272727272,12,21.765,2,11.045,2,79.31,2,1.465,2,37.725,2,252.12022727272728
212.29,7.540000000000001,2,8.535,2,9.21,2,18.57,2,14.115,2,37.7075,12,5.132727272727272,12,21.765,2,11.045,2,79.31,2,1.465,2,37.725,2,252.12022727272728
220.66,7.540000000000001,2,8.535,2,9.21,2,18.57,2,14.115,2,37.7075,12,5.132727272727272,12,21.765,2,11.045,2,79.31,2,1.465,2,37.725,2,252.12022727272728
127.34,10.58,3,11.463333333333333,3,11.31,3,26.043333333333333,3,22.429999999999996,3,19.926666666666662,9,6.745555555555555,9,25.2125,4,11.7275,4,19.872500000000002,4,3.0050000000000003,4,28.715000000000003,4,197.03138888888887
158.75,10.58,3,11.463333333333333,3,11.31,3,26.043333333333333,3,22.429999999999996,3,19.926666666666662,9,6.745555555555555,9,25.2125,4,11.7275,4,19.872500000000002,4,3.0050000000000003,4,28.715000000000003,4,197.03138888888887
166.39,10.933333333333335,3,10.049999999999999,3,9.466666666666667,3,21.78333333333333,3,50.29,3,23.93944444444444,18,6.8770588235294134,18,12.7075,4,5.66,4,10.0375,4,1.1125,4,13.7225,4,176.5798366013072
238.63,10.933333333333335,3,10.049999999999999,3,9.466666666666667,3,21.78333333333333,3,50.29,3,23.93944444444444,18,6.8770588235294134,18,12.7075,4,5.66,4,10.0375,4,1.1125,4,13.7225,4,176.5798366013072
158.57,8.76,7,9.257142857142858,7,10.272857142857143,7,23.421428571428574,7,23.31142857142857,7,17.535882352941176,18,2.816470588235294,18,16.84090909090909,11,6.8981818181818175,11,19.38818181818182,11,1.193,11,23.273,11,162.96848281130633
163.27,8.76,7,9.257142857142858,7,10.272857142857143,7,23.421428571428574,7,23.31142857142857,7,17.535882352941176,18,2.816470588235294,18,16.84090909090909,11,6.8981818181818175,11,19.38818181818182,11,1.193,11,23.273,11,162.96848281130633
204.69,7.8549999999999995,2,8.725,2,8.28,2,19.45,2,33.855000000000004,2,37.159,10,2.539,10,18.935,4,13.0075,4,35.985,4,1.975,4,32.2025,4,219.96800000000002
106.11,9.035,2,9.45,2,9.355,2,24.924999999999997,2,37.21,2,35.29714285714285,14,3.1999999999999997,14,21.11,3,13.243333333333332,3,26.633333333333336,3,1.5199999999999998,3,21.8,3,212.77880952380954
177.49,9.035,2,9.45,2,9.355,2,24.924999999999997,2,37.21,2,35.29714285714285,14,3.1999999999999997,14,21.11,3,13.243333333333332,3,26.633333333333336,3,1.5199999999999998,3,21.8,3,212.77880952380954
136.16,10.555,2,9.565000000000001,2,10.09,2,29.02,2,35.215,2,52.145833333333336,12,4.375833333333333,12,14.170000000000002,3,6.8,3,30.31,3,1.6266666666666667,3,14.15,3,218.02333333333334
162.98,14.719999999999999,2,11.245000000000001,2,11.585,2,32.2,2,22.59,2,35.13071428571429,14,3.7476923076923074,14,16.7575,4,9.505,4,14.425,4,1.875,4,21.1925,4,194.9734065934066
121.03,14.719999999999999,2,11.245000000000001,2,11.585,2,32.2,2,22.59,2,35.13071428571429,14,3.7476923076923074,14,16.7575,4,9.505,4,14.425,4,1.875,4,21.1925,4,194.9734065934066
178.46,9.62,1,8.21,1,7.57,1,17.68,1,14.79,1,17.85,4,2.5999999999999996,4,11.73,1,6.41,1,9.21,1,1.16,1,11.17,1,117.99999999999999
226.9,11.68,3,10.366666666666667,3,9.583333333333334,3,31.636666666666667,3,39.163333333333334,3,35.19142857142857,7,9.835714285714285,7,12.45,2,7.15,2,14.73,2,1.795,2,14.504999999999999,2,198.08714285714282
164.91,11.68,3,10.366666666666667,3,9.583333333333334,3,31.636666666666667,3,39.163333333333334,3,35.19142857142857,7,9.835714285714285,7,12.45,2,7.15,2,14.73,2,1.795,2,14.504999999999999,2,198.08714285714282
182.24,10.707500000000001,12,9.360833333333334,12,8.314166666666667,12,19.93090909090909,12,31.051666666666666,12,13.838947368421053,20,2.2631578947368416,20,13.061875000000002,16,7.045000000000002,16,39.427499999999995,16,1.5499999999999998,16,17.513125,16,174.06468102073367
160.05,10.707500000000001,12,9.360833333333334,12,8.314166666666667,12,19.93090909090909,12,31.051666666666666,12,13.838947368421053,20,2.2631578947368416,20,13.061875000000002,16,7.045000000000002,16,39.427499999999995,16,1.5499999999999998,16,17.513125,16,174.06468102073367
180.29,10.707500000000001,12,9.360833333333334,12,8.314166666666667,12,19.93090909090909,12,31.051666666666666,12,13.838947368421053,20,2.2631578947368416,20,13.061875000000002,16,7.045000000000002,16,39.427499999999995,16,1.5499999999999998,16,17.513125,16,174.06468102073367
183.96,10.707500000000001,12,9.360833333333334,12,8.314166666666667,12,19.93090909090909,12,31.051666666666666,12,13.838947368421053,20,2.2631578947368416,20,13.061875000000002,16,7.045000000000002,16,39.427499999999995,16,1.5499999999999998,16,17.513125,16,174.06468102073367
204.43,10.707500000000001,12,9.360833333333334,12,8.314166666666667,12,19.93090909090909,12,31.051666666666666,12,13.838947368421053,20,2.2631578947368416,20,13.061875000000002,16,7.045000000000002,16,39.427499999999995,16,1.5499999999999998,16,17.513125,16,174.06468102073367
152.57,10.707500000000001,12,9.360833333333334,12,8.314166666666667,12,19.93090909090909,12,31.051666666666666,12,13.838947368421053,20,2.2631578947368416,20,13.061875000000002,16,7.045000000000002,16,39.427499999999995,16,1.5499999999999998,16,17.513125,16,174.06468102073367
207.22,11.627857142857144,14,8.506428571428572,14,7.845,14,18.962857142857143,14,29.76307692307692,13,14.875500000000002,20,5.187368421052631,20,13.103749999999998,16,6.3618749999999995,16,39.15749999999999,16,1.6268749999999998,16,22.096249999999998,16,179.1143382012724
185.08,11.627857142857144,14,8.506428571428572,14,7.845,14,18.962857142857143,14,29.76307692307692,13,14.875500000000002,20,5.187368421052631,20,13.103749999999998,16,6.3618749999999995,16,39.15749999999999,16,1.6268749999999998,16,22.096249999999998,16,179.1143382012724
184.92,11.627857142857144,14,8.506428571428572,14,7.845,14,18.962857142857143,14,29.76307692307692,13,14.875500000000002,20,5.187368421052631,20,13.103749999999998,16,6.3618749999999995,16,39.15749999999999,16,1.6268749999999998,16,22.096249999999998,16,179.1143382012724
314.12,11.627857142857144,14,8.506428571428572,14,7.845,14,18.962857142857143,14,29.76307692307692,13,14.875500000000002,20,5.187368421052631,20,13.103749999999998,16,6.3618749999999995,16,39.15749999999999,16,1.6268749999999998,16,22.096249999999998,16,179.1143382012724
160.22,11.627857142857144,14,8.506428571428572,14,7.845,14,18.962857142857143,14,29.76307692307692,13,14.875500000000002,20,5.187368421052631,20,13.103749999999998,16,6.3618749999999995,16,39.15749999999999,16,1.6268749999999998,16,22.096249999999998,16,179.1143382012724
158.16,11.627857142857144,14,8.506428571428572,14,7.845,14,18.962857142857143,14,29.76307692307692,13,14.875500000000002,20,5.187368421052631,20,13.103749999999998,16,6.3618749999999995,16,39.15749999999999,16,1.6268749999999998,16,22.096249999999998,16,179.1143382012724
158.62,9.365454545454547,11,8.952727272727271,11,8.32909090909091,11,19.734545454545454,11,29.21363636363636,11,19.797499999999996,24,4.001739130434783,24,15.239444444444445,18,10.03235294117647,18,22.256111111111107,18,1.5366666666666666,18,19.778333333333336,18,168.23760217262134
167.62,9.365454545454547,11,8.952727272727271,11,8.32909090909091,11,19.734545454545454,11,29.21363636363636,11,19.797499999999996,24,4.001739130434783,24,15.239444444444445,18,10.03235294117647,18,22.256111111111107,18,1.5366666666666666,18,19.778333333333336,18,168.23760217262134
180.12,9.365454545454547,11,8.952727272727271,11,8.32909090909091,11,19.734545454545454,11,29.21363636363636,11,19.797499999999996,24,4.001739130434783,24,15.239444444444445,18,10.03235294117647,18,22.256111111111107,18,1.5366666666666666,18,19.778333333333336,18,168.23760217262134
166.1,9.365454545454547,11,8.952727272727271,11,8.32909090909091,11,19.734545454545454,11,29.21363636363636,11,19.797499999999996,24,4.001739130434783,24,15.239444444444445,18,10.03235294117647,18,22.256111111111107,18,1.5366666666666666,18,19.778333333333336,18,168.23760217262134
162.44,9.365454545454547,11,8.952727272727271,11,8.32909090909091,11,19.734545454545454,11,29.21363636363636,11,19.797499999999996,24,4.001739130434783,24,15.239444444444445,18,10.03235294117647,18,22.256111111111107,18,1.5366666666666666,18,19.778333333333336,18,168.23760217262134
166.71,13.65,1,9.89,1,11.03,1,32.78,1,22.27,1,14.989999999999998,5,12.546000000000001,5,17.8275,4,12.5275,4,19.9725,4,1.3199999999999998,4,11.325000000000001,4,180.12849999999997
172.19,13.65,1,9.89,1,11.03,1,32.78,1,22.27,1,14.989999999999998,5,12.546000000000001,5,17.8275,4,12.5275,4,19.9725,4,1.3199999999999998,4,11.325000000000001,4,180.12849999999997
127.75,13.65,1,9.89,1,11.03,1,32.78,1,22.27,1,14.989999999999998,5,12.546000000000001,5,17.8275,4,12.5275,4,19.9725,4,1.3199999999999998,4,11.325000000000001,4,180.12849999999997
122.41,13.65,1,9.89,1,11.03,1,32.78,1,22.27,1,14.989999999999998,5,12.546000000000001,5,17.8275,4,12.5275,4,19.9725,4,1.3199999999999998,4,11.325000000000001,4,180.12849999999997
129.98,13.65,1,9.89,1,11.03,1,32.78,1,22.27,1,14.989999999999998,5,12.546000000000001,5,17.8275,4,12.5275,4,19.9725,4,1.3199999999999998,4,11.325000000000001,4,180.12849999999997
116.34,10.12142857142857,7,8.63857142857143,7,8.06142857142857,7,19.957142857142856,7,31.90142857142857,7,12.406153846153845,13,9.430000000000001,13,17.192222222222227,9,15.238888888888889,9,15.610000000000001,9,1.5733333333333333,9,24.772222222222226,9,174.90282051282054
121.19,10.12142857142857,7,8.63857142857143,7,8.06142857142857,7,19.957142857142856,7,31.90142857142857,7,12.406153846153845,13,9.430000000000001,13,17.192222222222227,9,15.238888888888889,9,15.610000000000001,9,1.5733333333333333,9,24.772222222222226,9,174.90282051282054
134.55,10.12142857142857,7,8.63857142857143,7,8.06142857142857,7,19.957142857142856,7,31.90142857142857,7,12.406153846153845,13,9.430000000000001,13,17.192222222222227,9,15.238888888888889,9,15.610000000000001,9,1.5733333333333333,9,24.772222222222226,9,174.90282051282054
144.75,10.12142857142857,7,8.63857142857143,7,8.06142857142857,7,19.957142857142856,7,31.90142857142857,7,12.406153846153845,13,9.430000000000001,13,17.192222222222227,9,15.238888888888889,9,15.610000000000001,9,1.5733333333333333,9,24.772222222222226,9,174.90282051282054
132.16,10.12142857142857,7,8.63857142857143,7,8.06142857142857,7,19.957142857142856,7,31.90142857142857,7,12.406153846153845,13,9.430000000000001,13,17.192222222222227,9,15.238888888888889,9,15.610000000000001,9,1.5733333333333333,9,24.772222222222226,9,174.90282051282054
116.77,7.41,1,9.07,1,8.0,1,18.42,1,14.74,1,16.342000000000002,5,7.32,5,17.740000000000002,4,16.995,4,19.3225,4,1.3625,4,32.8,4,169.52200000000005
144.09,7.41,1,9.07,1,8.0,1,18.42,1,14.74,1,16.342000000000002,5,7.32,5,17.740000000000002,4,16.995,4,19.3225,4,1.3625,4,32.8,4,169.52200000000005
161.19,7.41,1,9.07,1,8.0,1,18.42,1,14.74,1,16.342000000000002,5,7.32,5,17.740000000000002,4,16.995,4,19.3225,4,1.3625,4,32.8,4,169.52200000000005
185.69,7.41,1,9.07,1,8.0,1,18.42,1,14.74,1,16.342000000000002,5,7.32,5,17.740000000000002,4,16.995,4,19.3225,4,1.3625,4,32.8,4,169.52200000000005
134.05,7.41,1,9.07,1,8.0,1,18.42,1,14.74,1,16.342000000000002,5,7.32,5,17.740000000000002,4,16.995,4,19.3225,4,1.3625,4,32.8,4,169.52200000000005
151.8,12.033333333333333,9,9.14777777777778,9,8.872222222222222,9,20.26111111111111,9,24.69,8,16.17,20,2.965263157894736,20,16.912499999999998,12,10.5175,12,14.406363636363636,12,1.6272727272727272,12,21.985833333333332,12,159.58917729930886
97.43,12.033333333333333,9,9.14777777777778,9,8.872222222222222,9,20.26111111111111,9,24.69,8,16.17,20,2.965263157894736,20,16.912499999999998,12,10.5175,12,14.406363636363636,12,1.6272727272727272,12,21.985833333333332,12,159.58917729930886
205.84,12.033333333333333,9,9.14777777777778,9,8.872222222222222,9,20.26111111111111,9,24.69,8,16.17,20,2.965263157894736,20,16.912499999999998,12,10.5175,12,14.406363636363636,12,1.6272727272727272,12,21.985833333333332,12,159.58917729930886
202.97,12.033333333333333,9,9.14777777777778,9,8.872222222222222,9,20.26111111111111,9,24.69,8,16.17,20,2.965263157894736,20,16.912499999999998,12,10.5175,12,14.406363636363636,12,1.6272727272727272,12,21.985833333333332,12,159.58917729930886
160.0,12.033333333333333,9,9.14777777777778,9,8.872222222222222,9,20.26111111111111,9,24.69,8,16.17,20,2.965263157894736,20,16.912499999999998,12,10.5175,12,14.406363636363636,12,1.6272727272727272,12,21.985833333333332,12,159.58917729930886
142.85,8.629999999999999,4,8.88,4,7.48,4,19.65,4,26.784999999999997,4,21.696428571428573,14,6.839285714285714,14,17.155,12,7.261666666666668,12,26.634166666666673,12,1.3866666666666667,12,17.610833333333332,12,170.00904761904764
154.41,8.629999999999999,4,8.88,4,7.48,4,19.65,4,26.784999999999997,4,21.696428571428573,14,6.839285714285714,14,17.155,12,7.261666666666668,12,26.634166666666673,12,1.3866666666666667,12,17.610833333333332,12,170.00904761904764
122.52,8.629999999999999,4,8.88,4,7.48,4,19.65,4,26.784999999999997,4,21.696428571428573,14,6.839285714285714,14,17.155,12,7.261666666666668,12,26.634166666666673,12,1.3866666666666667,12,17.610833333333332,12,170.00904761904764
165.29,9.145,2,11.035,2,12.115,2,30.73,2,38.14,2,28.45307692307692,14,3.183846153846154,14,19.24666666666667,6,10.020000000000001,6,16.753333333333334,6,1.955,6,21.525000000000002,6,202.30192307692312
134.27,9.145,2,11.035,2,12.115,2,30.73,2,38.14,2,28.45307692307692,14,3.183846153846154,14,19.24666666666667,6,10.020000000000001,6,16.753333333333334,6,1.955,6,21.525000000000002,6,202.30192307692312
132.62,9.145,2,11.035,2,12.115,2,30.73,2,38.14,2,28.45307692307692,14,3.183846153846154,14,19.24666666666667,6,10.020000000000001,6,16.753333333333334,6,1.955,6,21.525000000000002,6,202.30192307692312
175.25,9.145,2,11.035,2,12.115,2,30.73,2,38.14,2,28.45307692307692,14,3.183846153846154,14,19.24666666666667,6,10.020000000000001,6,16.753333333333334,6,1.955,6,21.525000000000002,6,202.30192307692312
158.34,9.145,2,11.035,2,12.115,2,30.73,2,38.14,2,28.45307692307692,14,3.183846153846154,14,19.24666666666667,6,10.020000000000001,6,16.753333333333334,6,1.955,6,21.525000000000002,6,202.30192307692312
205.05,9.145,2,11.035,2,12.115,2,30.73,2,38.14,2,28.45307692307692,14,3.183846153846154,14,19.24666666666667,6,10.020000000000001,6,16.753333333333334,6,1.955,6,21.525000000000002,6,202.30192307692312
170.27,12.174000000000001,5,10.84,5,10.347999999999999,5,27.412,5,21.144,5,35.4788,25,5.005833333333333,25,16.058333333333334,6,8.514999999999999,6,16.664999999999996,6,7.463333333333334,6,18.97,6,190.0743
194.27,12.174000000000001,5,10.84,5,10.347999999999999,5,27.412,5,21.144,5,35.4788,25,5.005833333333333,25,16.058333333333334,6,8.514999999999999,6,16.664999999999996,6,7.463333333333334,6,18.97,6,190.0743
149.95,12.174000000000001,5,10.84,5,10.347999999999999,5,27.412,5,21.144,5,35.4788,25,5.005833333333333,25,16.058333333333334,6,8.514999999999999,6,16.664999999999996,6,7.463333333333334,6,18.97,6,190.0743
123.7,12.174000000000001,5,10.84,5,10.347999999999999,5,27.412,5,21.144,5,35.4788,25,5.005833333333333,25,16.058333333333334,6,8.514999999999999,6,16.664999999999996,6,7.463333333333334,6,18.97,6,190.0743
330.38,12.174000000000001,5,10.84,5,10.347999999999999,5,27.412,5,21.144,5,35.4788,25,5.005833333333333,25,16.058333333333334,6,8.514999999999999,6,16.664999999999996,6,7.463333333333334,6,18.97,6,190.0743
361.81,12.174000000000001,5,10.84,5,10.347999999999999,5,27.412,5,21.144,5,35.4788,25,5.005833333333333,25,16.058333333333334,6,8.514999999999999,6,16.664999999999996,6,7.463333333333334,6,18.97,6,190.0743
195.66,9.506,10,9.918,10,9.961000000000002,10,29.487000000000002,10,32.976,10,22.109333333333332,31,3.201666666666667,31,15.043529411764705,17,8.605882352941176,17,23.855882352941183,17,2.918125,17,21.621764705882352,17,189.20418382352943
172.27,9.506,10,9.918,10,9.961000000000002,10,29.487000000000002,10,32.976,10,22.109333333333332,31,3.201666666666667,31,15.043529411764705,17,8.605882352941176,17,23.855882352941183,17,2.918125,17,21.621764705882352,17,189.20418382352943
176.18,9.506,10,9.918,10,9.961000000000002,10,29.487000000000002,10,32.976,10,22.109333333333332,31,3.201666666666667,31,15.043529411764705,17,8.605882352941176,17,23.855882352941183,17,2.918125,17,21.621764705882352,17,189.20418382352943
194.93,9.506,10,9.918,10,9.961000000000002,10,29.487000000000002,10,32.976,10,22.109333333333332,31,3.201666666666667,31,15.043529411764705,17,8.605882352941176,17,23.855882352941183,17,2.918125,17,21.621764705882352,17,189.20418382352943
186.5,9.506,10,9.918,10,9.961000000000002,10,29.487000000000002,10,32.976,10,22.109333333333332,31,3.201666666666667,31,15.043529411764705,17,8.605882352941176,17,23.855882352941183,17,2.918125,17,21.621764705882352,17,189.20418382352943
191.1,9.506,10,9.918,10,9.961000000000002,10,29.487000000000002,10,32.976,10,22.109333333333332,31,3.201666666666667,31,15.043529411764705,17,8.605882352941176,17,23.855882352941183,17,2.918125,17,21.621764705882352,17,189.20418382352943
164.45,10.292857142857143,7,9.23,7,9.098571428571429,7,21.618571428571432,7,24.065714285714282,7,30.954705882352936,17,3.2556250000000007,17,21.737142857142857,7,13.344285714285714,7,30.83857142857143,7,1.8614285714285717,7,25.692857142857143,7,201.99033088235296
179.37,10.292857142857143,7,9.23,7,9.098571428571429,7,21.618571428571432,7,24.065714285714282,7,30.954705882352936,17,3.2556250000000007,17,21.737142857142857,7,13.344285714285714,7,30.83857142857143,7,1.8614285714285717,7,25.692857142857143,7,201.99033088235296
120.92,10.292857142857143,7,9.23,7,9.098571428571429,7,21.618571428571432,7,24.065714285714282,7,30.954705882352936,17,3.2556250000000007,17,21.737142857142857,7,13.344285714285714,7,30.83857142857143,7,1.8614285714285717,7,25.692857142857143,7,201.99033088235296
138.26,10.292857142857143,7,9.23,7,9.098571428571429,7,21.618571428571432,7,24.065714285714282,7,30.954705882352936,17,3.2556250000000007,17,21.737142857142857,7,13.344285714285714,7,30.83857142857143,7,1.8614285714285717,7,25.692857142857143,7,201.99033088235296
151.6,10.292857142857143,7,9.23,7,9.098571428571429,7,21.618571428571432,7,24.065714285714282,7,30.954705882352936,17,3.2556250000000007,17,21.737142857142857,7,13.344285714285714,7,30.83857142857143,7,1.8614285714285717,7,25.692857142857143,7,201.99033088235296
147.69,10.292857142857143,7,9.23,7,9.098571428571429,7,21.618571428571432,7,24.065714285714282,7,30.954705882352936,17,3.2556250000000007,17,21.737142857142857,7,13.344285714285714,7,30.83857142857143,7,1.8614285714285717,7,25.692857142857143,7,201.99033088235296
191.32,9.27875,8,9.97125,8,10.217499999999998,8,25.615000000000002,8,37.85125,8,33.47190476190477,21,5.022,21,19.13545454545454,11,8.600909090909092,11,22.354545454545455,11,1.3290000000000002,11,14.700999999999997,11,197.54856385281383
191.31,9.27875,8,9.97125,8,10.217499999999998,8,25.615000000000002,8,37.85125,8,33.47190476190477,21,5.022,21,19.13545454545454,11,8.600909090909092,11,22.354545454545455,11,1.3290000000000002,11,14.700999999999997,11,197.54856385281383
131.94,9.27875,8,9.97125,8,10.217499999999998,8,25.615000000000002,8,37.85125,8,33.47190476190477,21,5.022,21,19.13545454545454,11,8.600909090909092,11,22.354545454545455,11,1.3290000000000002,11,14.700999999999997,11,197.54856385281383
143.74,9.27875,8,9.97125,8,10.217499999999998,8,25.615000000000002,8,37.85125,8,33.47190476190477,21,5.022,21,19.13545454545454,11,8.600909090909092,11,22.354545454545455,11,1.3290000000000002,11,14.700999999999997,11,197.54856385281383
150.16,9.27875,8,9.97125,8,10.217499999999998,8,25.615000000000002,8,37.85125,8,33.47190476190477,21,5.022,21,19.13545454545454,11,8.600909090909092,11,22.354545454545455,11,1.3290000000000002,11,14.700999999999997,11,197.54856385281383
256.5,9.213333333333333,3,10.336666666666666,3,16.293333333333333,3,97.96999999999998,3,89.21333333333332,3,30.854000000000003,15,3.9886666666666666,15,18.838,5,7.316,5,16.22,5,1.276,5,22.226,5,323.74533333333335
157.69,9.213333333333333,3,10.336666666666666,3,16.293333333333333,3,97.96999999999998,3,89.21333333333332,3,30.854000000000003,15,3.9886666666666666,15,18.838,5,7.316,5,16.22,5,1.276,5,22.226,5,323.74533333333335
201.28,9.213333333333333,3,10.336666666666666,3,16.293333333333333,3,97.96999999999998,3,89.21333333333332,3,30.854000000000003,15,3.9886666666666666,15,18.838,5,7.316,5,16.22,5,1.276,5,22.226,5,323.74533333333335
170.0,9.213333333333333,3,10.336666666666666,3,16.293333333333333,3,97.96999999999998,3,89.21333333333332,3,30.854000000000003,15,3.9886666666666666,15,18.838,5,7.316,5,16.22,5,1.276,5,22.226,5,323.74533333333335
165.61,9.213333333333333,3,10.336666666666666,3,16.293333333333333,3,97.96999999999998,3,89.21333333333332,3,30.854000000000003,15,3.9886666666666666,15,18.838,5,7.316,5,16.22,5,1.276,5,22.226,5,323.74533333333335
191.94,9.213333333333333,3,10.336666666666666,3,16.293333333333333,3,97.96999999999998,3,89.21333333333332,3,30.854000000000003,15,3.9886666666666666,15,18.838,5,7.316,5,16.22,5,1.276,5,22.226,5,323.74533333333335
132.76,8.76,4,9.7175,4,13.44,4,26.495,4,24.3975,4,29.009999999999998,13,3.5633333333333344,13,15.437999999999999,5,8.036,5,13.068000000000001,5,1.8679999999999999,5,22.322,5,176.11533333333333
276.26,8.76,4,9.7175,4,13.44,4,26.495,4,24.3975,4,29.009999999999998,13,3.5633333333333344,13,15.437999999999999,5,8.036,5,13.068000000000001,5,1.8679999999999999,5,22.322,5,176.11533333333333
170.78,8.76,4,9.7175,4,13.44,4,26.495,4,24.3975,4,29.009999999999998,13,3.5633333333333344,13,15.437999999999999,5,8.036,5,13.068000000000001,5,1.8679999999999999,5,22.322,5,176.11533333333333
213.01,8.76,4,9.7175,4,13.44,4,26.495,4,24.3975,4,29.009999999999998,13,3.5633333333333344,13,15.437999999999999,5,8.036,5,13.068000000000001,5,1.8679999999999999,5,22.322,5,176.11533333333333
149.69,8.76,4,9.7175,4,13.44,4,26.495,4,24.3975,4,29.009999999999998,13,3.5633333333333344,13,15.437999999999999,5,8.036,5,13.068000000000001,5,1.8679999999999999,5,22.322,5,176.11533333333333
148.59,9.469999999999999,12,11.452499999999999,12,10.764999999999999,12,26.3475,12,32.8175,12,23.944444444444443,27,2.6953846153846155,27,14.090555555555556,19,7.6057894736842115,19,16.9121052631579,19,1.4377777777777778,19,21.696315789473687,19,179.2348729194782
182.66,9.469999999999999,12,11.452499999999999,12,10.764999999999999,12,26.3475,12,32.8175,12,23.944444444444443,27,2.6953846153846155,27,14.090555555555556,19,7.6057894736842115,19,16.9121052631579,19,1.4377777777777778,19,21.696315789473687,19,179.2348729194782
147.41,9.469999999999999,12,11.452499999999999,12,10.764999999999999,12,26.3475,12,32.8175,12,23.944444444444443,27,2.6953846153846155,27,14.090555555555556,19,7.6057894736842115,19,16.9121052631579,19,1.4377777777777778,19,21.696315789473687,19,179.2348729194782
144.51,9.469999999999999,12,11.452499999999999,12,10.764999999999999,12,26.3475,12,32.8175,12,23.944444444444443,27,2.6953846153846155,27,14.090555555555556,19,7.6057894736842115,19,16.9121052631579,19,1.4377777777777778,19,21.696315789473687,19,179.2348729194782
173.31,9.469999999999999,12,11.452499999999999,12,10.764999999999999,12,26.3475,12,32.8175,12,23.944444444444443,27,2.6953846153846155,27,14.090555555555556,19,7.6057894736842115,19,16.9121052631579,19,1.4377777777777778,19,21.696315789473687,19,179.2348729194782
98.89,9.469999999999999,12,11.452499999999999,12,10.764999999999999,12,26.3475,12,32.8175,12,23.944444444444443,27,2.6953846153846155,27,14.090555555555556,19,7.6057894736842115,19,16.9121052631579,19,1.4377777777777778,19,21.696315789473687,19,179.2348729194782
139.38,14.904,5,11.158,5,9.176,5,24.026,5,18.29,5,28.396,15,8.526666666666666,15,30.55666666666666,6,7.303333333333334,6,11.691666666666665,6,1.5466666666666669,6,18.268333333333334,6,183.84333333333333
167.95,14.904,5,11.158,5,9.176,5,24.026,5,18.29,5,28.396,15,8.526666666666666,15,30.55666666666666,6,7.303333333333334,6,11.691666666666665,6,1.5466666666666669,6,18.268333333333334,6,183.84333333333333
155.19,14.904,5,11.158,5,9.176,5,24.026,5,18.29,5,28.396,15,8.526666666666666,15,30.55666666666666,6,7.303333333333334,6,11.691666666666665,6,1.5466666666666669,6,18.268333333333334,6,183.84333333333333
197.22,14.904,5,11.158,5,9.176,5,24.026,5,18.29,5,28.396,15,8.526666666666666,15,30.55666666666666,6,7.303333333333334,6,11.691666666666665,6,1.5466666666666669,6,18.268333333333334,6,183.84333333333333
170.32,14.904,5,11.158,5,9.176,5,24.026,5,18.29,5,28.396,15,8.526666666666666,15,30.55666666666666,6,7.303333333333334,6,11.691666666666665,6,1.5466666666666669,6,18.268333333333334,6,183.84333333333333
192.36,9.196153846153846,13,9.466923076923077,13,9.60076923076923,13,23.166923076923077,13,23.823076923076925,13,20.686521739130434,24,7.7525,24,16.70384615384615,13,8.202307692307691,13,26.141538461538463,13,1.284166666666667,13,17.06923076923077,13,173.0939576365663
152.49,9.196153846153846,13,9.466923076923077,13,9.60076923076923,13,23.166923076923077,13,23.823076923076925,13,20.686521739130434,24,7.7525,24,16.70384615384615,13,8.202307692307691,13,26.141538461538463,13,1.284166666666667,13,17.06923076923077,13,173.0939576365663
178.86,9.196153846153846,13,9.466923076923077,13,9.60076923076923,13,23.166923076923077,13,23.823076923076925,13,20.686521739130434,24,7.7525,24,16.70384615384615,13,8.202307692307691,13,26.141538461538463,13,1.284166666666667,13,17.06923076923077,13,173.0939576365663
135.0,9.196153846153846,13,9.466923076923077,13,9.60076923076923,13,23.166923076923077,13,23.823076923076925,13,20.686521739130434,24,7.7525,24,16.70384615384615,13,8.202307692307691,13,26.141538461538463,13,1.284166666666667,13,17.06923076923077,13,173.0939576365663
157.7,9.196153846153846,13,9.466923076923077,13,9.60076923076923,13,23.166923076923077,13,23.823076923076925,13,20.686521739130434,24,7.7525,24,16.70384615384615,13,8.202307692307691,13,26.141538461538463,13,1.284166666666667,13,17.06923076923077,13,173.0939576365663
168.2,9.196153846153846,13,9.466923076923077,13,9.60076923076923,13,23.166923076923077,13,23.823076923076925,13,20.686521739130434,24,7.7525,24,16.70384615384615,13,8.202307692307691,13,26.141538461538463,13,1.284166666666667,13,17.06923076923077,13,173.0939576365663
125.02,10.701428571428574,7,11.385714285714286,7,11.37857142857143,7,29.76142857142857,7,28.95,7,30.706000000000007,20,3.6390000000000002,20,20.601999999999997,10,8.865,10,18.330999999999996,10,1.4689999999999999,10,24.406,10,200.19514285714286
127.56,10.701428571428574,7,11.385714285714286,7,11.37857142857143,7,29.76142857142857,7,28.95,7,30.706000000000007,20,3.6390000000000002,20,20.601999999999997,10,8.865,10,18.330999999999996,10,1.4689999999999999,10,24.406,10,200.19514285714286
188.84,10.701428571428574,7,11.385714285714286,7,11.37857142857143,7,29.76142857142857,7,28.95,7,30.706000000000007,20,3.6390000000000002,20,20.601999999999997,10,8.865,10,18.330999999999996,10,1.4689999999999999,10,24.406,10,200.19514285714286
203.67,10.701428571428574,7,11.385714285714286,7,11.37857142857143,7,29.76142857142857,7,28.95,7,30.706000000000007,20,3.6390000000000002,20,20.601999999999997,10,8.865,10,18.330999999999996,10,1.4689999999999999,10,24.406,10,200.19514285714286
177.15,10.701428571428574,7,11.385714285714286,7,11.37857142857143,7,29.76142857142857,7,28.95,7,30.706000000000007,20,3.6390000000000002,20,20.601999999999997,10,8.865,10,18.330999999999996,10,1.4689999999999999,10,24.406,10,200.19514285714286
157.25,8.237499999999999,8,8.358749999999999,8,8.32125,8,21.34125,8,28.805714285714288,7,30.30481481481481,27,3.6188461538461545,27,17.560666666666666,15,6.702857142857143,15,24.969999999999995,15,1.33,15,18.342666666666666,15,177.89431573056575
149.39,8.237499999999999,8,8.358749999999999,8,8.32125,8,21.34125,8,28.805714285714288,7,30.30481481481481,27,3.6188461538461545,27,17.560666666666666,15,6.702857142857143,15,24.969999999999995,15,1.33,15,18.342666666666666,15,177.89431573056575
141.66,8.237499999999999,8,8.358749999999999,8,8.32125,8,21.34125,8,28.805714285714288,7,30.30481481481481,27,3.6188461538461545,27,17.560666666666666,15,6.702857142857143,15,24.969999999999995,15,1.33,15,18.342666666666666,15,177.89431573056575
139.53,8.237499999999999,8,8.358749999999999,8,8.32125,8,21.34125,8,28.805714285714288,7,30.30481481481481,27,3.6188461538461545,27,17.560666666666666,15,6.702857142857143,15,24.969999999999995,15,1.33,15,18.342666666666666,15,177.89431573056575
184.95,8.237499999999999,8,8.358749999999999,8,8.32125,8,21.34125,8,28.805714285714288,7,30.30481481481481,27,3.6188461538461545,27,17.560666666666666,15,6.702857142857143,15,24.969999999999995,15,1.33,15,18.342666666666666,15,177.89431573056575
271.6,8.237499999999999,8,8.358749999999999,8,8.32125,8,21.34125,8,28.805714285714288,7,30.30481481481481,27,3.6188461538461545,27,17.560666666666666,15,6.702857142857143,15,24.969999999999995,15,1.33,15,18.342666666666666,15,177.89431573056575
208.82,9.831999999999999,10,9.154999999999998,10,8.434000000000001,10,19.69,10,38.68222222222222,9,24.547826086956523,23,2.9895454545454543,23,14.963333333333333,12,7.350833333333334,12,32.14166666666667,12,1.8258333333333334,12,27.3925,12,197.00476043039083
200.95,9.831999999999999,10,9.154999999999998,10,8.434000000000001,10,19.69,10,38.68222222222222,9,24.547826086956523,23,2.9895454545454543,23,14.963333333333333,12,7.350833333333334,12,32.14166666666667,12,1.8258333333333334,12,27.3925,12,197.00476043039083
181.36,9.831999999999999,10,9.154999999999998,10,8.434000000000001,10,19.69,10,38.68222222222222,9,24.547826086956523,23,2.9895454545454543,23,14.963333333333333,12,7.350833333333334,12,32.14166666666667,12,1.8258333333333334,12,27.3925,12,197.00476043039083
218.42,9.831999999999999,10,9.154999999999998,10,8.434000000000001,10,19.69,10,38.68222222222222,9,24.547826086956523,23,2.9895454545454543,23,14.963333333333333,12,7.350833333333334,12,32.14166666666667,12,1.8258333333333334,12,27.3925,12,197.00476043039083
170.46,9.831999999999999,10,9.154999999999998,10,8.434000000000001,10,19.69,10,38.68222222222222,9,24.547826086956523,23,2.9895454545454543,23,14.963333333333333,12,7.350833333333334,12,32.14166666666667,12,1.8258333333333334,12,27.3925,12,197.00476043039083
170.98,9.831999999999999,10,9.154999999999998,10,8.434000000000001,10,19.69,10,38.68222222222222,9,24.547826086956523,23,2.9895454545454543,23,14.963333333333333,12,7.350833333333334,12,32.14166666666667,12,1.8258333333333334,12,27.3925,12,197.00476043039083
123.63,7.748333333333332,6,8.635,6,9.773333333333332,6,21.069999999999997,6,14.823333333333336,6,21.438823529411767,17,10.06235294117647,17,14.715714285714286,7,6.952857142857143,7,15.467142857142857,7,5.592857142857143,7,18.25,7,154.52974789915967
183.75,7.748333333333332,6,8.635,6,9.773333333333332,6,21.069999999999997,6,14.823333333333336,6,21.438823529411767,17,10.06235294117647,17,14.715714285714286,7,6.952857142857143,7,15.467142857142857,7,5.592857142857143,7,18.25,7,154.52974789915967
182.83,7.748333333333332,6,8.635,6,9.773333333333332,6,21.069999999999997,6,14.823333333333336,6,21.438823529411767,17,10.06235294117647,17,14.715714285714286,7,6.952857142857143,7,15.467142857142857,7,5.592857142857143,7,18.25,7,154.52974789915967
160.5,7.748333333333332,6,8.635,6,9.773333333333332,6,21.069999999999997,6,14.823333333333336,6,21.438823529411767,17,10.06235294117647,17,14.715714285714286,7,6.952857142857143,7,15.467142857142857,7,5.592857142857143,7,18.25,7,154.52974789915967
151.8,7.748333333333332,6,8.635,6,9.773333333333332,6,21.069999999999997,6,14.823333333333336,6,21.438823529411767,17,10.06235294117647,17,14.715714285714286,7,6.952857142857143,7,15.467142857142857,7,5.592857142857143,7,18.25,7,154.52974789915967
239.01,7.748333333333332,6,8.635,6,9.773333333333332,6,21.069999999999997,6,14.823333333333336,6,21.438823529411767,17,10.06235294117647,17,14.715714285714286,7,6.952857142857143,7,15.467142857142857,7,5.592857142857143,7,18.25,7,154.52974789915967
154.47,7.957777777777778,9,9.087777777777776,9,9.084444444444443,9,23.24222222222222,9,23.386666666666667,9,26.544,26,2.9136000000000006,26,13.64857142857143,7,8.415000000000001,6,11.773333333333333,6,1.5716666666666665,6,24.097142857142853,7,161.72220317460315
135.31,7.957777777777778,9,9.087777777777776,9,9.084444444444443,9,23.24222222222222,9,23.386666666666667,9,26.544,26,2.9136000000000006,26,13.64857142857143,7,8.415000000000001,6,11.773333333333333,6,1.5716666666666665,6,24.097142857142853,7,161.72220317460315
146.9,7.957777777777778,9,9.087777777777776,9,9.084444444444443,9,23.24222222222222,9,23.386666666666667,9,26.544,26,2.9136000000000006,26,13.64857142857143,7,8.415000000000001,6,11.773333333333333,6,1.5716666666666665,6,24.097142857142853,7,161.72220317460315
219.8,7.957777777777778,9,9.087777777777776,9,9.084444444444443,9,23.24222222222222,9,23.386666666666667,9,26.544,26,2.9136000000000006,26,13.64857142857143,7,8.415000000000001,6,11.773333333333333,6,1.5716666666666665,6,24.097142857142853,7,161.72220317460315
148.77,7.957777777777778,9,9.087777777777776,9,9.084444444444443,9,23.24222222222222,9,23.386666666666667,9,26.544,26,2.9136000000000006,26,13.64857142857143,7,8.415000000000001,6,11.773333333333333,6,1.5716666666666665,6,24.097142857142853,7,161.72220317460315
145.99,7.957777777777778,9,9.087777777777776,9,9.084444444444443,9,23.24222222222222,9,23.386666666666667,9,26.544,26,2.9136000000000006,26,13.64857142857143,7,8.415000000000001,6,11.773333333333333,6,1.5716666666666665,6,24.097142857142853,7,161.72220317460315
156.71,36.611250000000005,8,11.99,8,10.987499999999999,8,26.357499999999998,8,23.054285714285715,7,25.97772727272727,22,3.0005,21,16.067777777777778,9,11.393999999999998,10,15.306999999999999,10,1.3199999999999998,10,23.512,10,205.57954076479072
147.11,36.611250000000005,8,11.99,8,10.987499999999999,8,26.357499999999998,8,23.054285714285715,7,25.97772727272727,22,3.0005,21,16.067777777777778,9,11.393999999999998,10,15.306999999999999,10,1.3199999999999998,10,23.512,10,205.57954076479072
175.22,36.611250000000005,8,11.99,8,10.987499999999999,8,26.357499999999998,8,23.054285714285715,7,25.97772727272727,22,3.0005,21,16.067777777777778,9,11.393999999999998,10,15.306999999999999,10,1.3199999999999998,10,23.512,10,205.57954076479072
201.19,36.611250000000005,8,11.99,8,10.987499999999999,8,26.357499999999998,8,23.054285714285715,7,25.97772727272727,22,3.0005,21,16.067777777777778,9,11.393999999999998,10,15.306999999999999,10,1.3199999999999998,10,23.512,10,205.57954076479072
166.0,36.611250000000005,8,11.99,8,10.987499999999999,8,26.357499999999998,8,23.054285714285715,7,25.97772727272727,22,3.0005,21,16.067777777777778,9,11.393999999999998,10,15.306999999999999,10,1.3199999999999998,10,23.512,10,205.57954076479072
266.77,12.36875,8,10.777499999999998,8,10.34,8,28.711428571428574,7,31.73714285714286,7,20.51352941176471,18,12.005263157894738,19,15.755,10,9.151,10,18.941,10,1.75,10,26.940999999999995,10,198.9916139982309
129.2,12.36875,8,10.777499999999998,8,10.34,8,28.711428571428574,7,31.73714285714286,7,20.51352941176471,18,12.005263157894738,19,15.755,10,9.151,10,18.941,10,1.75,10,26.940999999999995,10,198.9916139982309
181.59,12.36875,8,10.777499999999998,8,10.34,8,28.711428571428574,7,31.73714285714286,7,20.51352941176471,18,12.005263157894738,19,15.755,10,9.151,10,18.941,10,1.75,10,26.940999999999995,10,198.9916139982309
264.03,12.36875,8,10.777499999999998,8,10.34,8,28.711428571428574,7,31.73714285714286,7,20.51352941176471,18,12.005263157894738,19,15.755,10,9.151,10,18.941,10,1.75,10,26.940999999999995,10,198.9916139982309
199.28,12.36875,8,10.777499999999998,8,10.34,8,28.711428571428574,7,31.73714285714286,7,20.51352941176471,18,12.005263157894738,19,15.755,10,9.151,10,18.941,10,1.75,10,26.940999999999995,10,198.9916139982309
194.66,12.36875,8,10.777499999999998,8,10.34,8,28.711428571428574,7,31.73714285714286,7,20.51352941176471,18,12.005263157894738,19,15.755,10,9.151,10,18.941,10,1.75,10,26.940999999999995,10,198.9916139982309
155.93,8.865,4,11.0975,4,10.125,4,34.5825,4,38.84,4,21.687142857142856,14,12.254285714285714,14,16.535,4,7.8275,4,22.925,4,1.3450000000000002,4,31.919999999999998,4,218.00392857142856
154.89,8.865,4,11.0975,4,10.125,4,34.5825,4,38.84,4,21.687142857142856,14,12.254285714285714,14,16.535,4,7.8275,4,22.925,4,1.3450000000000002,4,31.919999999999998,4,218.00392857142856
173.94,8.865,4,11.0975,4,10.125,4,34.5825,4,38.84,4,21.687142857142856,14,12.254285714285714,14,16.535,4,7.8275,4,22.925,4,1.3450000000000002,4,31.919999999999998,4,218.00392857142856
137.62,8.865,4,11.0975,4,10.125,4,34.5825,4,38.84,4,21.687142857142856,14,12.254285714285714,14,16.535,4,7.8275,4,22.925,4,1.3450000000000002,4,31.919999999999998,4,218.00392857142856
214.12,8.865,4,11.0975,4,10.125,4,34.5825,4,38.84,4,21.687142857142856,14,12.254285714285714,14,16.535,4,7.8275,4,22.925,4,1.3450000000000002,4,31.919999999999998,4,218.00392857142856
266.74,8.135,6,8.683333333333332,6,11.075000000000001,6,43.068333333333335,6,23.862000000000002,5,25.973333333333336,18,3.3588235294117648,18,13.9425,4,7.034000000000001,5,15.045999999999998,5,1.7100000000000002,5,24.003999999999998,5,185.89232352941175
125.27,8.135,6,8.683333333333332,6,11.075000000000001,6,43.068333333333335,6,23.862000000000002,5,25.973333333333336,18,3.3588235294117648,18,13.9425,4,7.034000000000001,5,15.045999999999998,5,1.7100000000000002,5,24.003999999999998,5,185.89232352941175
242.71,8.135,6,8.683333333333332,6,11.075000000000001,6,43.068333333333335,6,23.862000000000002,5,25.973333333333336,18,3.3588235294117648,18,13.9425,4,7.034000000000001,5,15.045999999999998,5,1.7100000000000002,5,24.003999999999998,5,185.89232352941175
172.19,8.135,6,8.683333333333332,6,11.075000000000001,6,43.068333333333335,6,23.862000000000002,5,25.973333333333336,18,3.3588235294117648,18,13.9425,4,7.034000000000001,5,15.045999999999998,5,1.7100000000000002,5,24.003999999999998,5,185.89232352941175
195.99,11.1275,8,14.061249999999998,8,11.530000000000001,8,29.34125,8,29.78875,8,22.031666666666666,19,2.9633333333333334,19,21.19909090909091,11,7.897272727272727,11,13.814545454545454,11,1.626,11,22.283636363636365,11,187.66429545454545
155.46,11.1275,8,14.061249999999998,8,11.530000000000001,8,29.34125,8,29.78875,8,22.031666666666666,19,2.9633333333333334,19,21.19909090909091,11,7.897272727272727,11,13.814545454545454,11,1.626,11,22.283636363636365,11,187.66429545454545
176.79,11.1275,8,14.061249999999998,8,11.530000000000001,8,29.34125,8,29.78875,8,22.031666666666666,19,2.9633333333333334,19,21.19909090909091,11,7.897272727272727,11,13.814545454545454,11,1.626,11,22.283636363636365,11,187.66429545454545
176.66,11.1275,8,14.061249999999998,8,11.530000000000001,8,29.34125,8,29.78875,8,22.031666666666666,19,2.9633333333333334,19,21.19909090909091,11,7.897272727272727,11,13.814545454545454,11,1.626,11,22.283636363636365,11,187.66429545454545
224.06,11.1275,8,14.061249999999998,8,11.530000000000001,8,29.34125,8,29.78875,8,22.031666666666666,19,2.9633333333333334,19,21.19909090909091,11,7.897272727272727,11,13.814545454545454,11,1.626,11,22.283636363636365,11,187.66429545454545
158.31,8.898571428571428,7,8.557142857142855,7,8.588571428571429,7,23.574285714285715,7,29.687142857142863,7,29.0205,20,4.302631578947368,20,17.665454545454548,11,7.747272727272727,11,19.46909090909091,11,1.789090909090909,11,21.976363636363637,11,181.27611859193436
148.32,8.898571428571428,7,8.557142857142855,7,8.588571428571429,7,23.574285714285715,7,29.687142857142863,7,29.0205,20,4.302631578947368,20,17.665454545454548,11,7.747272727272727,11,19.46909090909091,11,1.789090909090909,11,21.976363636363637,11,181.27611859193436
140.18,8.898571428571428,7,8.557142857142855,7,8.588571428571429,7,23.574285714285715,7,29.687142857142863,7,29.0205,20,4.302631578947368,20,17.665454545454548,11,7.747272727272727,11,19.46909090909091,11,1.789090909090909,11,21.976363636363637,11,181.27611859193436
174.44,8.898571428571428,7,8.557142857142855,7,8.588571428571429,7,23.574285714285715,7,29.687142857142863,7,29.0205,20,4.302631578947368,20,17.665454545454548,11,7.747272727272727,11,19.46909090909091,11,1.789090909090909,11,21.976363636363637,11,181.27611859193436
129.01,8.898571428571428,7,8.557142857142855,7,8.588571428571429,7,23.574285714285715,7,29.687142857142863,7,29.0205,20,4.302631578947368,20,17.665454545454548,11,7.747272727272727,11,19.46909090909091,11,1.789090909090909,11,21.976363636363637,11,181.27611859193436
166.25,8.898571428571428,7,8.557142857142855,7,8.588571428571429,7,23.574285714285715,7,29.687142857142863,7,29.0205,20,4.302631578947368,20,17.665454545454548,11,7.747272727272727,11,19.46909090909091,11,1.789090909090909,11,21.976363636363637,11,181.27611859193436
146.38,7.910000000000001,9,8.53111111111111,9,8.232222222222221,9,20.406666666666666,9,21.235,8,30.74473684210526,19,4.0038888888888895,19,18.67125,8,7.836666666666667,9,16.773333333333333,9,3.4266666666666663,9,18.86888888888889,9,166.6404312865497
180.3,7.910000000000001,9,8.53111111111111,9,8.232222222222221,9,20.406666666666666,9,21.235,8,30.74473684210526,19,4.0038888888888895,19,18.67125,8,7.836666666666667,9,16.773333333333333,9,3.4266666666666663,9,18.86888888888889,9,166.6404312865497
143.76,7.910000000000001,9,8.53111111111111,9,8.232222222222221,9,20.406666666666666,9,21.235,8,30.74473684210526,19,4.0038888888888895,19,18.67125,8,7.836666666666667,9,16.773333333333333,9,3.4266666666666663,9,18.86888888888889,9,166.6404312865497
228.88,7.910000000000001,9,8.53111111111111,9,8.232222222222221,9,20.406666666666666,9,21.235,8,30.74473684210526,19,4.0038888888888895,19,18.67125,8,7.836666666666667,9,16.773333333333333,9,3.4266666666666663,9,18.86888888888889,9,166.6404312865497
116.31,7.910000000000001,9,8.53111111111111,9,8.232222222222221,9,20.406666666666666,9,21.235,8,30.74473684210526,19,4.0038888888888895,19,18.67125,8,7.836666666666667,9,16.773333333333333,9,3.4266666666666663,9,18.86888888888889,9,166.6404312865497
194.99,7.910000000000001,9,8.53111111111111,9,8.232222222222221,9,20.406666666666666,9,21.235,8,30.74473684210526,19,4.0038888888888895,19,18.67125,8,7.836666666666667,9,16.773333333333333,9,3.4266666666666663,9,18.86888888888889,9,166.6404312865497
169.92,9.242857142857144,15,9.786428571428571,15,11.563571428571427,15,37.18066666666667,15,26.446666666666665,15,21.49516129032258,31,3.704333333333332,31,15.57764705882353,17,9.428235294117648,17,19.213529411764707,17,1.5262499999999999,17,33.78764705882353,17,198.95299392337583
170.07,9.242857142857144,15,9.786428571428571,15,11.563571428571427,15,37.18066666666667,15,26.446666666666665,15,21.49516129032258,31,3.704333333333332,31,15.57764705882353,17,9.428235294117648,17,19.213529411764707,17,1.5262499999999999,17,33.78764705882353,17,198.95299392337583
168.39,9.242857142857144,15,9.786428571428571,15,11.563571428571427,15,37.18066666666667,15,26.446666666666665,15,21.49516129032258,31,3.704333333333332,31,15.57764705882353,17,9.428235294117648,17,19.213529411764707,17,1.5262499999999999,17,33.78764705882353,17,198.95299392337583
144.01,9.242857142857144,15,9.786428571428571,15,11.563571428571427,15,37.18066666666667,15,26.446666666666665,15,21.49516129032258,31,3.704333333333332,31,15.57764705882353,17,9.428235294117648,17,19.213529411764707,17,1.5262499999999999,17,33.78764705882353,17,198.95299392337583
176.34,9.242857142857144,15,9.786428571428571,15,11.563571428571427,15,37.18066666666667,15,26.446666666666665,15,21.49516129032258,31,3.704333333333332,31,15.57764705882353,17,9.428235294117648,17,19.213529411764707,17,1.5262499999999999,17,33.78764705882353,17,198.95299392337583
152.02,9.242857142857144,15,9.786428571428571,15,11.563571428571427,15,37.18066666666667,15,26.446666666666665,15,21.49516129032258,31,3.704333333333332,31,15.57764705882353,17,9.428235294117648,17,19.213529411764707,17,1.5262499999999999,17,33.78764705882353,17,198.95299392337583
141.78,9.517499999999998,4,9.2575,4,9.695,4,27.3775,4,37.834999999999994,4,23.234399999999997,25,4.405416666666668,25,17.285,12,8.595,12,18.8,12,2.661666666666667,12,23.825,12,192.48898333333332
177.2,9.517499999999998,4,9.2575,4,9.695,4,27.3775,4,37.834999999999994,4,23.234399999999997,25,4.405416666666668,25,17.285,12,8.595,12,18.8,12,2.661666666666667,12,23.825,12,192.48898333333332
139.32,9.517499999999998,4,9.2575,4,9.695,4,27.3775,4,37.834999999999994,4,23.234399999999997,25,4.405416666666668,25,17.285,12,8.595,12,18.8,12,2.661666666666667,12,23.825,12,192.48898333333332
187.8,9.517499999999998,4,9.2575,4,9.695,4,27.3775,4,37.834999999999994,4,23.234399999999997,25,4.405416666666668,25,17.285,12,8.595,12,18.8,12,2.661666666666667,12,23.825,12,192.48898333333332
167.75,9.517499999999998,4,9.2575,4,9.695,4,27.3775,4,37.834999999999994,4,23.234399999999997,25,4.405416666666668,25,17.285,12,8.595,12,18.8,12,2.661666666666667,12,23.825,12,192.48898333333332
224.13,9.517499999999998,4,9.2575,4,9.695,4,27.3775,4,37.834999999999994,4,23.234399999999997,25,4.405416666666668,25,17.285,12,8.595,12,18.8,12,2.661666666666667,12,23.825,12,192.48898333333332
168.82,9.8075,12,9.915000000000001,12,10.061666666666666,12,23.66333333333333,12,18.07727272727273,12,22.42078947368421,38,3.9397297297297293,38,16.524285714285714,21,8.199523809523807,21,20.1345,21,1.4840000000000002,21,20.377142857142854,21,164.60474431163902
162.9,9.8075,12,9.915000000000001,12,10.061666666666666,12,23.66333333333333,12,18.07727272727273,12,22.42078947368421,38,3.9397297297297293,38,16.524285714285714,21,8.199523809523807,21,20.1345,21,1.4840000000000002,21,20.377142857142854,21,164.60474431163902
218.27,9.8075,12,9.915000000000001,12,10.061666666666666,12,23.66333333333333,12,18.07727272727273,12,22.42078947368421,38,3.9397297297297293,38,16.524285714285714,21,8.199523809523807,21,20.1345,21,1.4840000000000002,21,20.377142857142854,21,164.60474431163902
164.27,9.8075,12,9.915000000000001,12,10.061666666666666,12,23.66333333333333,12,18.07727272727273,12,22.42078947368421,38,3.9397297297297293,38,16.524285714285714,21,8.199523809523807,21,20.1345,21,1.4840000000000002,21,20.377142857142854,21,164.60474431163902
237.02,9.8075,12,9.915000000000001,12,10.061666666666666,12,23.66333333333333,12,18.07727272727273,12,22.42078947368421,38,3.9397297297297293,38,16.524285714285714,21,8.199523809523807,21,20.1345,21,1.4840000000000002,21,20.377142857142854,21,164.60474431163902
218.34,9.8075,12,9.915000000000001,12,10.061666666666666,12,23.66333333333333,12,18.07727272727273,12,22.42078947368421,38,3.9397297297297293,38,16.524285714285714,21,8.199523809523807,21,20.1345,21,1.4840000000000002,21,20.377142857142854,21,164.60474431163902
166.49,10.185714285714285,7,10.067142857142857,7,9.207142857142857,7,24.259999999999998,7,39.797142857142866,7,25.741764705882353,17,3.281764705882353,17,16.159166666666668,12,7.616666666666666,12,22.590833333333336,12,1.4758333333333333,12,19.642500000000002,12,190.02567226890758
196.85,10.185714285714285,7,10.067142857142857,7,9.207142857142857,7,24.259999999999998,7,39.797142857142866,7,25.741764705882353,17,3.281764705882353,17,16.159166666666668,12,7.616666666666666,12,22.590833333333336,12,1.4758333333333333,12,19.642500000000002,12,190.02567226890758
183.35,10.185714285714285,7,10.067142857142857,7,9.207142857142857,7,24.259999999999998,7,39.797142857142866,7,25.741764705882353,17,3.281764705882353,17,16.159166666666668,12,7.616666666666666,12,22.590833333333336,12,1.4758333333333333,12,19.642500000000002,12,190.02567226890758
146.72,10.185714285714285,7,10.067142857142857,7,9.207142857142857,7,24.259999999999998,7,39.797142857142866,7,25.741764705882353,17,3.281764705882353,17,16.159166666666668,12,7.616666666666666,12,22.590833333333336,12,1.4758333333333333,12,19.642500000000002,12,190.02567226890758
177.79,10.185714285714285,7,10.067142857142857,7,9.207142857142857,7,24.259999999999998,7,39.797142857142866,7,25.741764705882353,17,3.281764705882353,17,16.159166666666668,12,7.616666666666666,12,22.590833333333336,12,1.4758333333333333,12,19.642500000000002,12,190.02567226890758
165.23,10.185714285714285,7,10.067142857142857,7,9.207142857142857,7,24.259999999999998,7,39.797142857142866,7,25.741764705882353,17,3.281764705882353,17,16.159166666666668,12,7.616666666666666,12,22.590833333333336,12,1.4758333333333333,12,19.642500000000002,12,190.02567226890758
165.1,10.0575,4,9.68,4,9.309999999999999,4,22.627499999999998,4,42.309999999999995,4,26.85388888888889,18,2.9105882352941173,18,14.144444444444444,9,9.267777777777779,9,15.584444444444443,9,6.207777777777778,9,20.973333333333336,9,189.92725490196077
149.22,10.0575,4,9.68,4,9.309999999999999,4,22.627499999999998,4,42.309999999999995,4,26.85388888888889,18,2.9105882352941173,18,14.144444444444444,9,9.267777777777779,9,15.584444444444443,9,6.207777777777778,9,20.973333333333336,9,189.92725490196077
167.23,10.0575,4,9.68,4,9.309999999999999,4,22.627499999999998,4,42.309999999999995,4,26.85388888888889,18,2.9105882352941173,18,14.144444444444444,9,9.267777777777779,9,15.584444444444443,9,6.207777777777778,9,20.973333333333336,9,189.92725490196077
151.34,10.0575,4,9.68,4,9.309999999999999,4,22.627499999999998,4,42.309999999999995,4,26.85388888888889,18,2.9105882352941173,18,14.144444444444444,9,9.267777777777779,9,15.584444444444443,9,6.207777777777778,9,20.973333333333336,9,189.92725490196077
265.43,10.0575,4,9.68,4,9.309999999999999,4,22.627499999999998,4,42.309999999999995,4,26.85388888888889,18,2.9105882352941173,18,14.144444444444444,9,9.267777777777779,9,15.584444444444443,9,6.207777777777778,9,20.973333333333336,9,189.92725490196077
134.51,9.291111111111112,9,36.812222222222225,9,10.83,9,41.14666666666667,9,27.296249999999997,8,20.188666666666663,31,4.315333333333333,31,21.343333333333334,12,9.743636363636362,11,23.135454545454547,11,1.820909090909091,11,19.438333333333333,12,225.36191666666664
183.06,9.291111111111112,9,36.812222222222225,9,10.83,9,41.14666666666667,9,27.296249999999997,8,20.188666666666663,31,4.315333333333333,31,21.343333333333334,12,9.743636363636362,11,23.135454545454547,11,1.820909090909091,11,19.438333333333333,12,225.36191666666664
158.02,9.291111111111112,9,36.812222222222225,9,10.83,9,41.14666666666667,9,27.296249999999997,8,20.188666666666663,31,4.315333333333333,31,21.343333333333334,12,9.743636363636362,11,23.135454545454547,11,1.820909090909091,11,19.438333333333333,12,225.36191666666664
130.53,9.291111111111112,9,36.812222222222225,9,10.83,9,41.14666666666667,9,27.296249999999997,8,20.188666666666663,31,4.315333333333333,31,21.343333333333334,12,9.743636363636362,11,23.135454545454547,11,1.820909090909091,11,19.438333333333333,12,225.36191666666664
151.99,9.291111111111112,9,36.812222222222225,9,10.83,9,41.14666666666667,9,27.296249999999997,8,20.188666666666663,31,4.315333333333333,31,21.343333333333334,12,9.743636363636362,11,23.135454545454547,11,1.820909090909091,11,19.438333333333333,12,225.36191666666664
158.18,6.283333333333332,6,8.339999999999998,6,8.135,6,19.785,6,15.721666666666666,6,20.287333333333333,30,3.197586206896552,30,17.970000000000002,13,9.50153846153846,13,22.098461538461542,13,1.9492307692307689,13,24.3925,13,157.66165030946064
189.34,6.283333333333332,6,8.339999999999998,6,8.135,6,19.785,6,15.721666666666666,6,20.287333333333333,30,3.197586206896552,30,17.970000000000002,13,9.50153846153846,13,22.098461538461542,13,1.9492307692307689,13,24.3925,13,157.66165030946064
140.53,6.283333333333332,6,8.339999999999998,6,8.135,6,19.785,6,15.721666666666666,6,20.287333333333333,30,3.197586206896552,30,17.970000000000002,13,9.50153846153846,13,22.098461538461542,13,1.9492307692307689,13,24.3925,13,157.66165030946064
158.96,6.283333333333332,6,8.339999999999998,6,8.135,6,19.785,6,15.721666666666666,6,20.287333333333333,30,3.197586206896552,30,17.970000000000002,13,9.50153846153846,13,22.098461538461542,13,1.9492307692307689,13,24.3925,13,157.66165030946064
250.19,6.283333333333332,6,8.339999999999998,6,8.135,6,19.785,6,15.721666666666666,6,20.287333333333333,30,3.197586206896552,30,17.970000000000002,13,9.50153846153846,13,22.098461538461542,13,1.9492307692307689,13,24.3925,13,157.66165030946064
220.91,6.283333333333332,6,8.339999999999998,6,8.135,6,19.785,6,15.721666666666666,6,20.287333333333333,30,3.197586206896552,30,17.970000000000002,13,9.50153846153846,13,22.098461538461542,13,1.9492307692307689,13,24.3925,13,157.66165030946064
200.43,10.578,5,18.863999999999997,5,69.286,5,67.678,5,27.29,5,19.19913043478261,24,5.113913043478261,24,19.74076923076923,13,8.107692307692306,13,14.749166666666667,13,5.3961538461538465,13,20.473076923076924,13,286.47590245261983
178.94,10.578,5,18.863999999999997,5,69.286,5,67.678,5,27.29,5,19.19913043478261,24,5.113913043478261,24,19.74076923076923,13,8.107692307692306,13,14.749166666666667,13,5.3961538461538465,13,20.473076923076924,13,286.47590245261983
200.76,10.578,5,18.863999999999997,5,69.286,5,67.678,5,27.29,5,19.19913043478261,24,5.113913043478261,24,19.74076923076923,13,8.107692307692306,13,14.749166666666667,13,5.3961538461538465,13,20.473076923076924,13,286.47590245261983
138.53,10.578,5,18.863999999999997,5,69.286,5,67.678,5,27.29,5,19.19913043478261,24,5.113913043478261,24,19.74076923076923,13,8.107692307692306,13,14.749166666666667,13,5.3961538461538465,13,20.473076923076924,13,286.47590245261983
182.56,10.578,5,18.863999999999997,5,69.286,5,67.678,5,27.29,5,19.19913043478261,24,5.113913043478261,24,19.74076923076923,13,8.107692307692306,13,14.749166666666667,13,5.3961538461538465,13,20.473076923076924,13,286.47590245261983
152.07,10.578,5,18.863999999999997,5,69.286,5,67.678,5,27.29,5,19.19913043478261,24,5.113913043478261,24,19.74076923076923,13,8.107692307692306,13,14.749166666666667,13,5.3961538461538465,13,20.473076923076924,13,286.47590245261983
147.11,8.99,8,14.81625,8,9.660000000000002,8,24.726250000000004,8,42.458333333333336,6,20.0095,21,6.4305,21,15.198888888888888,9,8.116666666666667,9,15.486666666666666,9,1.8866666666666667,9,18.836666666666666,9,186.6163888888889
193.38,8.99,8,14.81625,8,9.660000000000002,8,24.726250000000004,8,42.458333333333336,6,20.0095,21,6.4305,21,15.198888888888888,9,8.116666666666667,9,15.486666666666666,9,1.8866666666666667,9,18.836666666666666,9,186.6163888888889
149.93,8.99,8,14.81625,8,9.660000000000002,8,24.726250000000004,8,42.458333333333336,6,20.0095,21,6.4305,21,15.198888888888888,9,8.116666666666667,9,15.486666666666666,9,1.8866666666666667,9,18.836666666666666,9,186.6163888888889
182.18,8.99,8,14.81625,8,9.660000000000002,8,24.726250000000004,8,42.458333333333336,6,20.0095,21,6.4305,21,15.198888888888888,9,8.116666666666667,9,15.486666666666666,9,1.8866666666666667,9,18.836666666666666,9,186.6163888888889
173.31,8.99,8,14.81625,8,9.660000000000002,8,24.726250000000004,8,42.458333333333336,6,20.0095,21,6.4305,21,15.198888888888888,9,8.116666666666667,9,15.486666666666666,9,1.8866666666666667,9,18.836666666666666,9,186.6163888888889
169.57,11.426666666666668,3,13.003333333333336,3,12.396666666666667,3,22.243333333333336,3,16.73,3,22.044615384615383,14,3.3038461538461537,14,17.454,5,11.105999999999998,5,11.436000000000002,5,2.0420000000000003,5,25.709999999999997,5,168.89646153846155
173.51,11.426666666666668,3,13.003333333333336,3,12.396666666666667,3,22.243333333333336,3,16.73,3,22.044615384615383,14,3.3038461538461537,14,17.454,5,11.105999999999998,5,11.436000000000002,5,2.0420000000000003,5,25.709999999999997,5,168.89646153846155
187.36,11.426666666666668,3,13.003333333333336,3,12.396666666666667,3,22.243333333333336,3,16.73,3,22.044615384615383,14,3.3038461538461537,14,17.454,5,11.105999999999998,5,11.436000000000002,5,2.0420000000000003,5,25.709999999999997,5,168.89646153846155
187.97,11.426666666666668,3,13.003333333333336,3,12.396666666666667,3,22.243333333333336,3,16.73,3,22.044615384615383,14,3.3038461538461537,14,17.454,5,11.105999999999998,5,11.436000000000002,5,2.0420000000000003,5,25.709999999999997,5,168.89646153846155
159.65,9.171249999999999,8,9.879999999999999,8,8.305,8,19.18125,8,20.37,8,21.271666666666665,18,10.950000000000001,18,18.145555555555557,9,6.904444444444445,9,16.025555555555556,9,1.6700000000000002,9,19.423333333333332,9,161.29805555555555
186.79,9.171249999999999,8,9.879999999999999,8,8.305,8,19.18125,8,20.37,8,21.271666666666665,18,10.950000000000001,18,18.145555555555557,9,6.904444444444445,9,16.025555555555556,9,1.6700000000000002,9,19.423333333333332,9,161.29805555555555
153.82,9.171249999999999,8,9.879999999999999,8,8.305,8,19.18125,8,20.37,8,21.271666666666665,18,10.950000000000001,18,18.145555555555557,9,6.904444444444445,9,16.025555555555556,9,1.6700000000000002,9,19.423333333333332,9,161.29805555555555
211.64,9.171249999999999,8,9.879999999999999,8,8.305,8,19.18125,8,20.37,8,21.271666666666665,18,10.950000000000001,18,18.145555555555557,9,6.904444444444445,9,16.025555555555556,9,1.6700000000000002,9,19.423333333333332,9,161.29805555555555
153.05,9.171249999999999,8,9.879999999999999,8,8.305,8,19.18125,8,20.37,8,21.271666666666665,18,10.950000000000001,18,18.145555555555557,9,6.904444444444445,9,16.025555555555556,9,1.6700000000000002,9,19.423333333333332,9,161.29805555555555
447.96,9.171249999999999,8,9.879999999999999,8,8.305,8,19.18125,8,20.37,8,21.271666666666665,18,10.950000000000001,18,18.145555555555557,9,6.904444444444445,9,16.025555555555556,9,1.6700000000000002,9,19.423333333333332,9,161.29805555555555
159.83,9.879999999999999,14,11.036428571428571,14,11.332857142857142,14,40.065384615384616,13,26.874166666666667,12,22.444999999999997,23,2.4081818181818178,23,14.908333333333331,12,6.779090909090908,12,31.194166666666664,12,2.825833333333333,12,28.484166666666667,12,208.23360972360967
156.72,9.879999999999999,14,11.036428571428571,14,11.332857142857142,14,40.065384615384616,13,26.874166666666667,12,22.444999999999997,23,2.4081818181818178,23,14.908333333333331,12,6.779090909090908,12,31.194166666666664,12,2.825833333333333,12,28.484166666666667,12,208.23360972360967
157.63,9.879999999999999,14,11.036428571428571,14,11.332857142857142,14,40.065384615384616,13,26.874166666666667,12,22.444999999999997,23,2.4081818181818178,23,14.908333333333331,12,6.779090909090908,12,31.194166666666664,12,2.825833333333333,12,28.484166666666667,12,208.23360972360967
136.74,9.879999999999999,14,11.036428571428571,14,11.332857142857142,14,40.065384615384616,13,26.874166666666667,12,22.444999999999997,23,2.4081818181818178,23,14.908333333333331,12,6.779090909090908,12,31.194166666666664,12,2.825833333333333,12,28.484166666666667,12,208.23360972360967
205.9,9.879999999999999,14,11.036428571428571,14,11.332857142857142,14,40.065384615384616,13,26.874166666666667,12,22.444999999999997,23,2.4081818181818178,23,14.908333333333331,12,6.779090909090908,12,31.194166666666664,12,2.825833333333333,12,28.484166666666667,12,208.23360972360967
