date,hour,pressure,sea_pressure,wind_direction,wind_speed,temperature,rel_humidity,precipitation
2016/7/1,0,1000.4,1005.3,225,2.1,26.4,94,0
2016/7/1,3,1000.5,1005.3,187,2.7,29,76,0
2016/7/1,6,998.9,1003.7,212,2.9,31.7,67,0
2016/7/1,9,998.7,1003.5,244,2.7,31.6,59,0
2016/7/1,12,999.7,1004.5,222,1.3,29.9,68,0
2016/7/1,15,1000,1004.8,102,1.6,27.8,82,0
2016/7/1,18,998.8,1003.6,202,1.9,26,89,0
2016/7/1,21,1000.2,1005,334,2.2,25.5,90,0
2016/7/2,0,1001.6,1006.4,315,1.8,26.8,82,0
2016/7/2,3,1002.4,1007.2,46,3.2,30,70,0
2016/7/2,6,1001.3,1006.2,37,2.2,29.3,80,1
2016/7/2,9,1001.9,1006.8,345,2.4,25.9,95,10.2
2016/7/2,12,1003.6,1008.5,113,1,25.1,94,0.2
2016/7/2,15,1002.4,1007.3,138,1,25.3,96,0
2016/7/2,18,1000.9,1005.8,221,0.7,25.4,96,0
2016/7/2,21,1000.9,1005.8,999017,0.1,25.2,98,0
2016/7/3,0,1001.5,1006.4,220,1.5,25.8,97,0
2016/7/3,3,1001.5,1006.4,200,1.6,27,93,0.1
2016/7/3,6,1000.8,1005.7,207,1.8,27.4,92,0
2016/7/3,9,1000.8,1005.7,223,1.1,27.7,91,0.1
2016/7/3,12,1001.6,1006.5,137,0.6,26.9,91,0
2016/7/3,15,1002.2,1007.1,173,0.4,26,96,0.1
2016/7/3,18,1000.5,1005.4,330,0.7,25.7,98,0.4
2016/7/3,21,1000.4,1005.3,999017,0,25.7,98,0
2016/7/4,0,1000.6,1005.5,176,2,26.3,97,0
2016/7/4,3,1000.5,1005.3,179,2.1,31.8,69,0
2016/7/4,6,999.7,1004.5,160,1.7,34.7,56,0
2016/7/4,9,998.8,1003.6,287,1.4,34.8,55,0
2016/7/4,12,1001.1,1006,340,1,29.7,78,0
2016/7/4,15,1001.1,1005.9,188,1.3,27.8,79,0
2016/7/4,18,1000.8,1005.6,188,2.2,27.7,80,0
2016/7/4,21,1002.8,1007.6,261,0.3,26.5,87,0
2016/7/5,0,1003.9,1008.7,205,2,28.9,78,0
2016/7/5,3,1004.7,1009.5,122,1.2,33.2,62,0
2016/7/5,6,1003.7,1008.5,192,3.2,34.8,53,0
2016/7/5,9,1004.4,1009.3,334,5.3,28.7,74,0
2016/7/5,12,1006.7,1011.6,287,0.7,25.7,91,0.7
2016/7/5,15,1006.8,1011.7,224,2,25,93,0.7
2016/7/5,18,1006.5,1011.3,205,1,24.7,96,0
2016/7/5,21,1006.8,1011.7,229,1.2,24.6,96,0
2016/7/6,0,1007.5,1012.4,188,1.4,26,90,0
2016/7/6,3,1007.5,1012.4,183,2.3,32,63,0
2016/7/6,6,1006.4,1011.2,98,2.2,34.7,54,0
2016/7/6,9,1004.8,1009.6,94,2,34.2,54,0
2016/7/6,12,1006,1010.9,348,2.6,30.5,76,0
2016/7/6,15,1006.4,1011.2,326,1.9,28.4,84,0
2016/7/6,18,1005.5,1010.3,302,2.8,27.3,92,0
2016/7/6,21,1005.8,1010.6,311,1.5,26.9,93,0
2016/7/7,0,1005.8,1010.6,160,1.9,30.4,72,0
2016/7/7,3,1005.9,1010.7,276,1.1,32,63,0
2016/7/7,6,1003.7,1008.5,336,2.7,32.4,69,0
2016/7/7,9,1002.5,1007.3,76,5.1,31.5,68,0
2016/7/7,12,1003.4,1008.2,108,1.4,28.2,71,0
2016/7/7,15,1002.9,1007.7,47,2.1,28,84,0
2016/7/7,18,1002.4,1007.2,63,2.1,27.1,89,0
2016/7/7,21,1002.1,1006.9,24,1.8,26.8,90,0
2016/7/8,0,1002.8,1007.7,62,3.3,27.7,83,0
2016/7/8,3,1001.7,1006.5,100,3.3,31.5,65,0
2016/7/8,6,1000.5,1005.3,95,4.6,29.6,73,0
2016/7/8,9,999.1,1003.9,80,3.3,31.5,64,0
2016/7/8,12,1000.4,1005.2,56,2.9,28.3,79,0
2016/7/8,15,1000.4,1005.2,62,3.6,27.3,84,0
2016/7/8,18,999.3,1004.1,70,1.9,27.2,86,0
2016/7/8,21,999.7,1004.5,73,1.8,26.9,89,0
2016/7/9,0,1000,1004.8,76,1.8,27.2,89,0
2016/7/9,3,999.4,1004.2,78,3.7,29.4,78,0
2016/7/9,6,998.1,1002.9,85,4.4,30.1,74,0
2016/7/9,9,997.9,1002.8,71,2.7,27.1,92,7.3
2016/7/9,12,998.2,1003.1,63,2.2,26.7,93,0.2
2016/7/9,15,998.5,1003.3,89,3,27,92,0
2016/7/9,18,997.1,1001.9,76,2.8,26.8,91,0
2016/7/9,21,997.2,1002,96,2.5,26.8,91,0
2016/7/10,0,997.1,1001.9,30,1.9,28.1,87,0
2016/7/10,3,996.7,1001.5,102,1.9,30.9,76,0
2016/7/10,6,994.9,999.7,85,2.7,29.6,83,0
2016/7/10,9,994.6,999.4,58,2.9,28.7,81,0
2016/7/10,12,996,1000.8,35,1.8,27.9,87,0
2016/7/10,15,996.4,1001.2,45,1.6,27.4,92,0.1
2016/7/10,18,995.5,1000.3,73,0.7,27,95,0.1
2016/7/10,21,995.4,1000.2,43,0.8,26.4,97,0
2016/7/11,0,996.3,1001.1,171,1.4,27.4,92,0
2016/7/11,3,996.2,1001,251,1.1,27.7,91,0.7
2016/7/11,6,994.8,999.6,169,0.7,30.5,78,0
2016/7/11,9,994.1,998.9,81,2.4,30.3,80,0
2016/7/11,12,994.8,999.6,999017,0.2,27.3,94,2.7
2016/7/11,15,995.8,1000.6,206,1.3,26.4,97,0.5
2016/7/11,18,994.4,999.2,210,2,26.3,97,0
2016/7/11,21,995.2,1000,185,1.6,26.2,98,0
2016/7/12,0,996.7,1001.5,315,0.6,27.4,94,0
2016/7/12,3,996.5,1001.3,266,1.9,29.8,85,0.5
2016/7/12,6,994.9,999.7,152,1.8,34.7,60,0
2016/7/12,9,994.6,999.4,125,3.1,32.4,69,0
2016/7/12,12,995.6,1000.4,142,1.8,30.7,75,0
2016/7/12,15,996.1,1000.9,213,1.5,28.9,86,0
2016/7/12,18,995.4,1000.2,209,2.7,27.8,93,0
2016/7/12,21,995.9,1000.7,289,1.2,27.5,92,0
2016/7/13,0,997.4,1002.2,214,3,30,81,0
2016/7/13,3,997.1,1001.9,239,1.7,33.7,67,0
2016/7/13,6,995.5,1000.3,213,2.4,35.9,56,0
2016/7/13,9,996,1000.8,246,4.3,32.1,66,0
2016/7/13,12,998,1002.8,304,1.7,29.1,83,0
2016/7/13,15,999.2,1004,327,0.9,28.6,87,0
2016/7/13,18,998.1,1002.9,219,1.4,28.1,90,0
2016/7/13,21,998.6,1003.4,225,1.5,27.7,92,0
2016/7/14,0,999.1,1003.9,221,2.2,29.1,86,0
2016/7/14,3,998.8,1003.6,195,4.6,33.4,63,0
2016/7/14,6,997.1,1001.9,333,3.3,32.1,67,0
2016/7/14,9,997.9,1002.7,287,3.2,30,78,0
2016/7/14,12,998.4,1003.2,177,0.8,28,88,0
2016/7/14,15,998.7,1003.5,309,1.4,27.6,90,0
2016/7/14,18,997.7,1002.5,196,1.4,27.3,91,0
2016/7/14,21,996.8,1001.6,220,2.7,27,93,0
2016/7/15,0,997.1,1001.9,214,3.1,30.4,76,0
2016/7/15,3,996,1000.8,203,4.5,33.7,61,0
2016/7/15,6,994.6,999.4,211,2.3,36.3,52,0
2016/7/15,9,993.4,998.2,212,5.1,35.7,51,0
2016/7/15,12,994.7,999.5,229,2.1,33,60,0
2016/7/15,15,995.6,1000.4,227,2.1,31.4,68,0
2016/7/15,18,995.9,1000.6,287,1.9,29.4,80,0
2016/7/15,21,997.5,1002.3,340,4.1,25.2,90,0.3
2016/7/16,0,999.3,1004.1,340,2.6,24,93,2
2016/7/16,3,1000.4,1005.2,345,1.3,24.9,91,0.4
2016/7/16,6,1000.6,1005.5,233,0.4,25.3,90,0
2016/7/16,9,999.9,1004.8,86,1.7,25.9,87,0
2016/7/16,12,1002.1,1007,281,0.7,25.6,90,0
2016/7/16,15,1003,1007.9,220,1,25.8,89,0
2016/7/16,18,1002.2,1007.1,225,1.4,25,93,0
2016/7/16,21,1002.4,1007.3,232,1.5,24.7,95,0
2016/7/17,0,1003.6,1008.5,157,1.8,27.3,86,0
2016/7/17,3,1003,1007.9,260,2.7,30.7,66,0
2016/7/17,6,1001.7,1006.5,200,1.5,31.8,62,0
2016/7/17,9,1000.7,1005.5,239,1.3,32.6,60,0
2016/7/17,12,1002,1006.8,65,3.1,30,78,0
2016/7/17,15,1002.3,1007.1,61,1.3,28.5,87,0
2016/7/17,18,1001.5,1006.3,226,1.5,26.9,94,0
2016/7/17,21,1001.4,1006.2,225,0.7,26.1,96,0
2016/7/18,0,1002.5,1007.3,174,1.3,28.9,80,0
2016/7/18,3,1001.4,1006.2,170,0.9,32.7,63,0
2016/7/18,6,999.4,1004.2,67,2.1,33.5,57,0
2016/7/18,9,999.1,1003.9,302,0.8,29.2,83,0
2016/7/18,12,1000.5,1005.4,240,1.3,25.2,92,0.1
2016/7/18,15,1001.2,1006,183,1,25,90,0
2016/7/18,18,1000.4,1005.2,242,0.3,24.8,91,0
2016/7/18,21,1000.1,1005,220,1.3,24.8,92,0
2016/7/19,0,1000.9,1005.8,219,3.3,27.5,81,0
2016/7/19,3,1000.5,1005.3,212,3.8,31.7,65,0
2016/7/19,6,999.7,1004.5,239,1.9,31.8,64,0
2016/7/19,9,998.7,1003.5,218,2,31.5,69,0
2016/7/19,12,1000.2,1005,215,0.7,30,77,0
2016/7/19,15,1001,1005.8,202,1.5,29,80,0
2016/7/19,18,999.6,1004.4,198,2.1,27.7,88,0
2016/7/19,21,999,1003.8,208,2,26.5,93,0
2016/7/20,0,1000.2,1005,200,2.9,30.3,72,0
2016/7/20,3,999.7,1004.5,207,5.4,34.8,48,0
2016/7/20,6,998.7,1003.5,199,4.7,37.1,41,0
2016/7/20,9,998.7,1003.5,217,3.4,37,40,0
2016/7/20,12,1000.2,1005,224,2.5,33,53,0
2016/7/20,15,1001.3,1006.1,208,2.1,30.6,63,0
2016/7/20,18,1000.9,1005.7,210,2.5,29,69,0
2016/7/20,21,1001.7,1006.5,222,2.3,27.3,79,0
2016/7/21,0,1003,1007.8,197,1.8,31.1,63,0
2016/7/21,3,1002.4,1007.2,210,4.6,35.6,47,0
2016/7/21,6,1001.5,1006.3,205,4.7,37.2,44,0
2016/7/21,9,1000.2,1005,195,3.2,37.6,42,0
2016/7/21,12,1001,1005.8,258,1.6,33.5,53,0
2016/7/21,15,1001.9,1006.7,208,3.2,31.4,66,0
2016/7/21,18,1001.7,1006.5,207,2.4,29.9,70,0
2016/7/21,21,1002.1,1006.9,199,2.5,29,75,0
2016/7/22,0,1003.2,1008,194,1.9,31.6,68,0
2016/7/22,3,1002.7,1007.5,212,3,35.5,51,0
2016/7/22,6,1001,1005.8,220,3.6,37.6,45,0
2016/7/22,9,1000,1004.8,226,1.9,37.2,45,0
2016/7/22,12,1000.7,1005.5,238,1.7,33.4,54,0
2016/7/22,15,1001.7,1006.5,190,1.6,31.3,67,0
2016/7/22,18,1000.9,1005.7,205,2.1,29.8,74,0
2016/7/22,21,1001.2,1006,207,1.3,27.7,83,0
2016/7/23,0,1002.7,1007.5,221,2.4,31.3,69,0
2016/7/23,3,1002.5,1007.3,169,2.6,36.2,52,0
2016/7/23,6,1000.5,1005.3,206,1.8,38.3,42,0
2016/7/23,9,999.7,1004.5,236,1.6,38,45,0
2016/7/23,12,1000.9,1005.7,106,1.5,35.6,50,0
2016/7/23,15,1001.9,1006.6,150,1.2,33.6,61,0
2016/7/23,18,1001.6,1006.3,213,1.1,31.1,71,0
2016/7/23,21,1002,1006.8,223,1.8,29,82,0
2016/7/24,0,1003.2,1008,225,1.2,32.1,70,0
2016/7/24,3,1003.3,1008,181,1.9,36.8,52,0
2016/7/24,6,1001.6,1006.3,285,1.7,38.8,40,0
2016/7/24,9,1001,1005.8,177,0.9,39.4,38,0
2016/7/24,12,1001.8,1006.6,96,2.1,35,61,0
2016/7/24,15,1003,1007.7,190,1.4,33.3,65,0
2016/7/24,18,1002.2,1006.9,113,0.5,31.1,72,0
2016/7/24,21,1002.8,1007.6,214,1.9,29.9,79,0
2016/7/25,0,1003.8,1008.6,185,1.6,32.1,73,0
2016/7/25,3,1003,1007.8,191,2.5,35.5,58,0
2016/7/25,6,1001,1005.7,198,2,38.8,43,0
2016/7/25,9,1000.2,1005,79,4.1,37.6,50,0
2016/7/25,12,1001.2,1006,80,2.8,35.4,53,0
2016/7/25,15,1001.9,1006.7,271,0.6,32.9,69,0
2016/7/25,18,1000.9,1005.6,201,1.4,31.2,76,0
2016/7/25,21,1001.4,1006.2,235,1.7,29.6,82,0
2016/7/26,0,1002,1006.8,200,2.7,31.9,72,0
2016/7/26,3,1001,1005.7,180,2.7,36.2,56,0
2016/7/26,6,999,1003.7,254,2.2,38.4,43,0
2016/7/26,9,998.2,1002.9,291,1.5,38.8,42,0
2016/7/26,12,999.6,1004.4,197,1.1,32.3,57,0
2016/7/26,15,1000.6,1005.4,352,0.7,31.5,61,0
2016/7/26,18,1000,1004.7,201,1.3,30.2,75,0
2016/7/26,21,1000.6,1005.4,184,1.5,29.5,80,0
2016/7/27,0,1001.5,1006.3,233,3.1,31.9,72,0
2016/7/27,3,1000.5,1005.3,209,2.8,36.6,54,0
2016/7/27,6,998.8,1003.5,189,1.7,38.6,42,0
2016/7/27,9,998.7,1003.4,240,2.8,38.2,42,0
2016/7/27,12,1001.4,1006.2,135,1.6,31.5,55,0
2016/7/27,15,1000.7,1005.5,221,2,30.8,58,0
2016/7/27,18,1001.1,1005.8,281,0.9,30.1,69,0
2016/7/27,21,1001.1,1005.9,222,1.4,29.5,75,0
2016/7/28,0,1001.9,1006.7,242,1.7,31.9,70,0
2016/7/28,3,1001.5,1006.3,206,1.4,36.7,55,0
2016/7/28,6,1000.3,1005,202,3.3,38.6,43,0
2016/7/28,9,999.7,1004.5,128,2,38,44,0
2016/7/28,12,1000.4,1005.2,135,1.7,34.7,54,0
2016/7/28,15,1001.5,1006.2,169,1.8,33.5,58,0
2016/7/28,18,1001.3,1006,228,2.7,30.7,70,0
2016/7/28,21,1001.4,1006.2,220,1.8,29.6,72,0
2016/7/29,0,1002.9,1007.7,216,2.4,31.9,65,0
2016/7/29,3,1002.7,1007.4,300,2.3,36.3,49,0
2016/7/29,6,1001,1005.7,27,2.4,38.3,43,0
2016/7/29,9,1000.3,1005.1,82,5.4,38,44,0
2016/7/29,12,1001.7,1006.5,98,2.3,34.2,57,0
2016/7/29,15,1002.2,1007,184,1.5,32.8,63,0
2016/7/29,18,1001.5,1006.2,230,0.9,30.9,71,0
2016/7/29,21,1002.1,1006.9,222,1.5,29.3,77,0
2016/7/30,0,1003.4,1008.2,213,1,31.9,66,0
2016/7/30,3,1003.3,1008.1,159,1.3,36.3,52,0
2016/7/30,6,1002.1,1006.9,50,4,37,47,0
2016/7/30,9,1000.6,1005.4,80,2.8,36.1,53,0
2016/7/30,12,1001.9,1006.7,61,2.9,33.1,68,0
2016/7/30,15,1003,1007.8,57,1.9,31.8,71,0
2016/7/30,18,1002.7,1007.5,162,2.4,30.7,68,0
2016/7/30,21,1002.5,1007.3,125,1.9,29.5,68,0
2016/7/31,0,1003.9,1008.7,161,3.4,31.2,63,0
2016/7/31,3,1003.7,1008.5,105,1,34.8,50,0
2016/7/31,6,1002,1006.8,39,3.4,35.8,49,0
2016/7/31,9,1000.8,1005.6,81,4.9,34.4,60,0
2016/7/31,12,1002.1,1006.9,64,4.4,31.7,65,0
2016/7/31,15,1003.2,1008,126,1.9,30.4,65,0
2016/7/31,18,1002.2,1007,115,1.9,29.2,70,0
2016/7/31,21,1002.8,1007.6,116,0.9,28.2,72,0
2016/8/1,0,1003.5,1008.3,102,1.8,31.7,61,0
2016/8/1,3,1002.4,1007.2,151,1.7,33.7,56,0
2016/8/1,6,1001.1,1005.9,65,2.5,34.4,56,0
2016/8/1,9,1000.1,1004.9,80,2.1,34.5,59,0
2016/8/1,12,1000.9,1005.7,57,2,31,77,0
2016/8/1,15,1001.8,1006.6,125,1.4,30.9,76,0
2016/8/1,18,1001.2,1006,177,2.5,30.3,69,0
2016/8/1,21,1000.9,1005.7,172,1.4,29.2,73,0
2016/8/2,0,1001.9,1006.7,195,1.7,30.8,65,0
2016/8/2,3,1001.8,1006.6,175,3,34.9,53,0
2016/8/2,6,999.5,1004.3,216,2.8,37.3,44,0
2016/8/2,9,998,1002.8,51,1.7,34.8,56,0
2016/8/2,12,1000.1,1004.9,88,2.3,30.9,70,0
2016/8/2,15,1003.1,1007.9,310,3.1,24.5,94,4.8
2016/8/2,18,1002.5,1007.3,221,1.8,24.7,96,3.6
2016/8/2,21,1001.5,1006.3,215,2.7,24.9,95,0.3
2016/8/3,0,1003.2,1008.1,227,0.7,26.2,89,0
2016/8/3,3,1003.9,1008.8,332,1.8,30.8,70,0
2016/8/3,6,1002.4,1007.2,334,2.7,33,62,0
2016/8/3,9,1001.8,1006.6,28,1.7,32.2,63,0
2016/8/3,12,1003.2,1008.1,203,3.8,29.7,75,0
2016/8/3,15,1004.2,1009.1,266,1.8,26.7,86,0
2016/8/3,18,1002.8,1007.6,226,1.8,26,85,0
2016/8/3,21,1003.5,1008.3,999017,0,25.6,89,0
2016/8/4,0,1004.5,1009.3,223,2.5,28.4,79,0
2016/8/4,3,1004.3,1009.1,207,2,31.7,66,0
2016/8/4,6,1002.3,1007.1,302,2.3,34.8,53,0
2016/8/4,9,1001.9,1006.8,177,2.3,28.1,84,0.7
2016/8/4,12,1004.3,1009.2,242,1.1,26.4,94,1.4
2016/8/4,15,1004.4,1009.3,207,2.4,25.5,95,0
2016/8/4,18,1004,1008.8,206,1.5,25.2,95,0
2016/8/4,21,1003.6,1008.5,273,0.5,24.9,94,0
2016/8/5,0,1004.5,1009.4,200,0.6,27.1,87,0
2016/8/5,3,1003.6,1008.5,280,1.9,31.5,70,0
2016/8/5,6,1001.9,1006.7,88,1.6,33.7,57,0
2016/8/5,9,1000.6,1005.4,999017,0,32.5,64,0
2016/8/5,12,1002,1006.8,305,2.9,29.5,76,0
2016/8/5,15,1002.6,1007.4,303,1.9,29,79,0
2016/8/5,18,1001.5,1006.3,295,2.4,28.6,83,0
2016/8/5,21,1001.1,1005.9,295,1.9,27.3,89,0
2016/8/6,0,1001.4,1006.2,251,0.9,29,82,0
2016/8/6,3,1000.8,1005.6,290,1.7,32.3,65,0
2016/8/6,6,999,1003.8,999017,0,28.1,88,2
2016/8/6,9,998.5,1003.3,96,1.7,30.3,77,0
2016/8/6,12,999.2,1004,82,1.6,29.7,81,0
2016/8/6,15,999.7,1004.5,103,1.8,28.6,79,0
2016/8/6,18,998.7,1003.5,111,1.4,27.7,81,0
2016/8/6,21,998.9,1003.7,110,1,26.9,88,0
2016/8/7,0,999.6,1004.4,170,2.9,29.4,73,0
2016/8/7,3,999.2,1004,109,1.5,33.5,57,0
2016/8/7,6,997.7,1002.5,92,3.9,34.9,53,0
2016/8/7,9,997.1,1001.9,78,6.5,32.7,62,0
2016/8/7,12,998.9,1003.7,72,3.3,30.5,69,0
2016/8/7,15,1000,1004.8,95,4,29.5,66,0
2016/8/7,18,999.4,1004.2,85,1.6,27.8,74,0
2016/8/7,21,999.6,1004.4,88,1.9,27,80,0
2016/8/8,0,999.9,1004.7,67,2.4,30.1,67,0
2016/8/8,3,1000.1,1004.9,107,2.1,32.7,60,0
2016/8/8,6,998.3,1003.1,86,4.1,34.7,50,0
2016/8/8,9,998,1002.8,63,4.9,32.7,55,0
2016/8/8,12,999.7,1004.5,83,1.9,29.8,75,0
2016/8/8,15,1000.5,1005.3,98,4.1,28.9,75,0
2016/8/8,18,999.7,1004.5,112,1.2,28.1,77,0
2016/8/8,21,999.8,1004.6,290,1.1,25.1,95,0.7
2016/8/9,0,1000.6,1005.5,18,1,25.4,95,14.2
2016/8/9,3,999.9,1004.7,292,1.5,27.4,93,2.4
2016/8/9,6,998.4,1003.2,59,2,31.7,70,0
2016/8/9,9,998.1,1003,59,3.2,28.6,88,2.7
2016/8/9,12,999.7,1004.6,70,1.3,28.4,89,0
2016/8/9,15,1000.7,1005.6,93,2.1,28.2,89,0
2016/8/9,18,1000,1004.8,93,1.3,27.9,91,0
2016/8/9,21,1000.4,1005.2,80,1.6,27.6,91,0
2016/8/10,0,1001.5,1006.3,45,1.8,28.7,86,0
2016/8/10,3,1001.2,1006,133,1.9,32.8,66,0
2016/8/10,6,1000,1004.8,58,3.2,33.9,62,0
2016/8/10,9,1000,1004.8,102,4.5,32.3,73,0
2016/8/10,12,1001.4,1006.2,69,1.7,30.2,84,0
2016/8/10,15,1002.6,1007.4,98,1.8,29.4,82,0
2016/8/10,18,1002.1,1006.9,84,1.4,28,86,0
2016/8/10,21,1002.4,1007.2,107,0.8,26.8,92,0
2016/8/11,0,1003.7,1008.5,91,2.1,30.6,75,0
2016/8/11,3,1003.6,1008.4,58,3.6,32.4,64,0
2016/8/11,6,1001.5,1006.3,27,3.6,34.2,58,0
2016/8/11,9,1001.4,1006.2,81,3.4,32.7,63,0
2016/8/11,12,1002.2,1007,73,3,30.2,79,0
2016/8/11,15,1002.7,1007.5,73,2.3,29.7,82,0
2016/8/11,18,1001.7,1006.5,100,1,29,85,0
2016/8/11,21,1001.8,1006.6,88,1.5,28.6,88,0
2016/8/12,0,1002.3,1007.1,97,2.2,31.6,73,0
2016/8/12,3,1001.6,1006.4,96,1.8,32.9,64,0
2016/8/12,6,999.9,1004.7,50,2.1,34.2,60,0
2016/8/12,9,998.8,1003.6,76,5.3,33.2,69,0
2016/8/12,12,1000,1004.8,63,3,31.1,76,0
2016/8/12,15,1000.6,1005.4,81,1.5,30.3,74,0
2016/8/12,18,999.9,1004.7,244,0.7,28.4,83,0
2016/8/12,21,1000.2,1005,84,0.9,27.6,85,0
2016/8/13,0,1001,1005.8,77,2.4,31.9,68,0
2016/8/13,3,1000.8,1005.6,138,2.1,33.5,60,0
2016/8/13,6,998.7,1003.5,137,1.4,35.1,58,0
2016/8/13,9,998.1,1002.9,89,3,33.3,70,0
2016/8/13,12,999.1,1003.9,78,2.7,31.6,75,0
2016/8/13,15,1000,1004.8,180,1.9,30.2,79,0
2016/8/13,18,999.1,1003.9,124,1.1,29.2,81,0
2016/8/13,21,999.5,1004.3,194,1.2,27.9,85,0
2016/8/14,0,1000.4,1005.2,120,1.2,31.6,68,0
2016/8/14,3,999.6,1004.4,40,1.4,33.7,57,0
2016/8/14,6,998.1,1002.9,52,3.4,35.2,51,0
2016/8/14,9,997.3,1002.1,107,1.5,35.3,54,0
2016/8/14,12,999.1,1003.9,66,2.3,31.2,74,0
2016/8/14,15,999.5,1004.3,50,1.7,30.7,75,0
2016/8/14,18,997.9,1002.7,316,1,28.8,82,0
2016/8/14,21,997.6,1002.4,222,1.3,27.6,85,0
2016/8/15,0,998.8,1003.6,169,2,30.6,74,0
2016/8/15,3,998.3,1003.1,176,1.5,34,63,0
2016/8/15,6,996.4,1001.2,94,1.5,36,52,0
2016/8/15,9,996,1000.8,74,2.6,35.4,56,0
2016/8/15,12,997.6,1002.4,95,2.4,31.7,73,0
2016/8/15,15,997.9,1002.7,60,1.7,30.8,77,0
2016/8/15,18,997,1001.8,296,1.9,29.1,84,0
2016/8/15,21,997,1001.8,285,1.8,28.3,90,0
2016/8/16,0,998.2,1003,356,2,31.5,74,0
2016/8/16,3,998.2,1003,5,2.4,33.2,64,0
2016/8/16,6,996.7,1001.5,71,3,35.8,47,0
2016/8/16,9,996,1000.8,73,3.8,35.3,53,0
2016/8/16,12,997.1,1001.9,89,2.9,32.1,64,0
2016/8/16,15,997.8,1002.6,88,2.2,30.2,79,0
2016/8/16,18,997.3,1002.1,57,2.1,29.5,83,0
2016/8/16,21,997.5,1002.3,10,1.1,29.1,85,0
2016/8/17,0,998.2,1003,307,1.3,29.5,84,0
2016/8/17,3,997.7,1002.5,321,1.8,33.3,67,0
2016/8/17,6,996,1000.8,100,2.9,36,51,0
2016/8/17,9,995.5,1000.3,98,3.7,34.6,55,0
2016/8/17,12,996.4,1001.2,93,2.5,31.7,67,0
2016/8/17,15,997.1,1001.9,70,1.5,30.7,73,0
2016/8/17,18,996.7,1001.5,40,1.7,29.6,78,0
2016/8/17,21,996.9,1001.7,323,1.6,27.9,86,0
2016/8/18,0,997.7,1002.5,184,2.3,30.6,75,0
2016/8/18,3,997.4,1002.2,130,2.3,34.5,56,0
2016/8/18,6,995.8,1000.5,212,3.1,36.7,46,0
2016/8/18,9,995.1,999.9,113,4.3,36.5,52,0
2016/8/18,12,996.8,1001.6,85,2.9,32.5,70,0
2016/8/18,15,997.4,1002.2,74,1.8,31.6,75,0
2016/8/18,18,997.3,1002,210,0.4,29.9,83,0
2016/8/18,21,997.2,1002,241,1.6,28.9,88,0
2016/8/19,0,998.5,1003.3,186,2,31,80,0
2016/8/19,3,998.3,1003,255,1.1,35.4,58,0
2016/8/19,6,997,1001.7,156,2.1,37.9,43,0
2016/8/19,9,996.8,1001.6,337,4.1,34.1,58,0
2016/8/19,12,998.1,1002.9,319,1.3,32,68,0
2016/8/19,15,999.3,1004.1,335,0.9,30.4,77,0
2016/8/19,18,998.9,1003.6,316,0.9,29.7,76,0
2016/8/19,21,998.8,1003.6,334,1.1,28.6,82,0
2016/8/20,0,999.5,1004.3,194,1.9,31.2,72,0
2016/8/20,3,999.3,1004.1,291,2.1,35.6,59,0
2016/8/20,6,996.9,1001.6,356,2.6,39,43,0
2016/8/20,9,997.3,1002.1,338,2.3,31.5,71,0
2016/8/20,12,998.6,1003.4,353,3.7,31.7,67,0
2016/8/20,15,999.4,1004.2,312,3.4,29.5,76,0
2016/8/20,18,998.3,1003,269,0.7,29,78,0
2016/8/20,21,998.8,1003.6,321,1.5,28.1,82,0
2016/8/21,0,999.8,1004.6,335,2.2,30.3,75,0
2016/8/21,3,999.8,1004.6,318,1.9,32.8,67,0
2016/8/21,6,998.4,1003.2,320,2,34.5,61,0
2016/8/21,9,998.9,1003.7,348,4.9,27,93,27.2
2016/8/21,12,1000,1004.8,30,1,27.6,92,0
2016/8/21,15,1000.9,1005.7,321,2.1,27.3,93,0
2016/8/21,18,1001.1,1005.9,340,1.5,27.3,93,0
2016/8/21,21,1001.7,1006.6,327,1.5,27.2,94,0
2016/8/22,0,1002.7,1007.5,46,2.9,29.9,80,0
2016/8/22,3,1002.2,1007,83,2.6,33.8,58,0
2016/8/22,6,1000.9,1005.7,97,4.8,34.2,60,0
2016/8/22,9,1000.7,1005.5,81,2,34,58,0
2016/8/22,12,1001.9,1006.7,101,2.6,31.2,67,0
2016/8/22,15,1002.5,1007.3,90,0.8,29.8,70,0
2016/8/22,18,1001.9,1006.7,239,0.5,28.1,84,0
2016/8/22,21,1001.9,1006.7,35,0.7,28,87,0
2016/8/23,0,1003,1007.8,7,1,30.1,80,0
2016/8/23,3,1002.7,1007.5,264,2.5,30.9,73,0
2016/8/23,6,1000.7,1005.5,289,1.7,32.9,66,0
2016/8/23,9,999.3,1004.1,94,1.2,33.9,54,0
2016/8/23,12,1000.4,1005.2,93,3.4,31.8,66,0
2016/8/23,15,1000.9,1005.7,94,3.2,29.7,71,0
2016/8/23,18,1000.2,1005,99,1.9,28.6,79,0
2016/8/23,21,1000.6,1005.4,97,1.4,28.2,77,0
2016/8/24,0,1001.4,1006.2,93,1.6,29.6,73,0
2016/8/24,3,1000.8,1005.6,105,1.9,32.9,60,0
2016/8/24,6,998.8,1003.6,160,2.3,34.6,51,0
2016/8/24,9,998.3,1003.1,114,2.7,34.2,48,0
2016/8/24,12,999.6,1004.4,88,3,31.3,56,0
2016/8/24,15,1000.4,1005.2,109,3,28.6,70,0
2016/8/24,18,999.7,1004.5,48,1.5,27,76,0
2016/8/24,21,999.7,1004.5,342,1.1,26.2,82,0
2016/8/25,0,1000.4,1005.2,86,1.1,29.8,66,0
2016/8/25,3,999.7,1004.5,106,1.6,33.2,51,0
2016/8/25,6,998.1,1002.9,62,4.5,35.2,45,0
2016/8/25,9,997.4,1002.2,100,2.7,34.5,42,0
2016/8/25,12,999.2,1004,107,2.1,31.9,51,0
2016/8/25,15,1000.4,1005.2,61,1.3,29.9,75,0
2016/8/25,18,1000.2,1005,69,1.9,29.5,82,0
2016/8/25,21,1000.7,1005.5,44,2.2,28.7,84,0
2016/8/26,0,1002.4,1007.2,59,2.6,30.4,74,0
2016/8/26,3,1002.8,1007.6,317,0.9,27.8,91,14.6
2016/8/26,6,1001.2,1006,9,4.3,34.4,51,0
2016/8/26,9,1001.9,1006.7,359,7.3,30.9,65,0
2016/8/26,12,1004.2,1009,10,6.4,28.2,75,0
2016/8/26,15,1005.4,1010.3,336,3.3,26.3,84,0
2016/8/26,18,1005.2,1010,357,3,25.8,77,0
2016/8/26,21,1005.6,1010.5,338,2.9,24.7,75,0
2016/8/27,0,1006.6,1011.5,0,4.9,24.9,72,0
2016/8/27,3,1005.7,1010.6,348,3.8,27.9,56,0
2016/8/27,6,1003.5,1008.4,310,4.1,29.3,50,0
2016/8/27,9,1003.5,1008.4,338,5,29.3,46,0
2016/8/27,12,1004.6,1009.5,354,2.1,26.9,53,0
2016/8/27,15,1005,1009.9,338,2.3,26,57,0
2016/8/27,18,1004.5,1009.4,359,4.3,24.4,60,0
2016/8/27,21,1005.4,1010.3,317,1.7,22.3,66,0
2016/8/28,0,1006.2,1011.1,320,3.6,24.2,57,0
2016/8/28,3,1005.7,1010.6,359,7.3,28.9,36,0
2016/8/28,6,1003.9,1008.8,4,5.9,31,29,0
2016/8/28,9,1003,1007.9,353,4.3,30.5,27,0
2016/8/28,12,1004.1,1009,321,2.2,26.3,39,0
2016/8/28,15,1004.9,1009.8,324,3,23.9,55,0
2016/8/28,18,1004.7,1009.6,312,2.1,22.8,58,0
2016/8/28,21,1005.1,1010,295,0.7,20.6,72,0
2016/8/29,0,1006.2,1011.1,172,0.5,24.4,59,0
2016/8/29,3,1005.4,1010.3,310,1.9,28.6,43,0
2016/8/29,6,1003.4,1008.3,333,2,30.1,35,0
2016/8/29,9,1002.5,1007.4,26,4.1,30,39,0
2016/8/29,12,1004.1,1009,29,3.6,27.4,40,0
2016/8/29,15,1004.9,1009.8,319,2.3,24.4,57,0
2016/8/29,18,1004.1,1009,292,1.7,22.5,58,0
2016/8/29,21,1003.8,1008.7,241,1.1,20.1,71,0
2016/8/30,0,1004.6,1009.5,209,1.8,24.2,60,0
2016/8/30,3,1003.4,1008.3,333,2.3,28.3,40,0
2016/8/30,6,1000.8,1005.7,341,3.9,30.9,34,0
2016/8/30,9,1000,1004.9,335,5.3,30.6,32,0
2016/8/30,12,1001.6,1006.5,349,0.6,26,44,0
2016/8/30,15,1002.2,1007.1,204,1.6,23.4,60,0
2016/8/30,18,1000.8,1005.7,215,2.9,23,60,0
2016/8/30,21,1000.4,1005.3,233,0.9,20.8,71,0
2016/8/31,0,1001.1,1006,203,2.2,24.6,59,0
2016/8/31,3,999.8,1004.7,219,4,29.2,41,0
2016/8/31,6,997.2,1002,219,4.3,32.4,31,0
2016/8/31,9,996.1,1001,237,1.8,32.2,34,0
2016/8/31,12,997.4,1002.3,244,2,27.9,48,0
2016/8/31,15,998.3,1003.1,274,2.4,27.7,49,0
2016/8/31,18,997.8,1002.6,249,1.7,25.4,60,0
2016/8/31,21,997.1,1001.9,233,1.9,24.2,65,0
2016/9/1,0,998.1,1003,226,1.7,25.5,61,0
2016/9/1,3,997.9,1002.7,236,2.7,28.3,54,0
2016/9/1,6,995.8,1000.6,220,4.8,30.4,46,0
2016/9/1,9,995.3,1000.1,212,5.5,29.6,45,0
2016/9/1,12,997.3,1002.2,213,4.3,25.8,58,0
2016/9/1,15,998.2,1003.1,224,4.7,23.9,67,0
2016/9/1,18,997.6,1002.5,218,3.3,22.8,73,0
2016/9/1,21,998.2,1003.1,223,2.9,22.1,78,0
2016/9/2,0,999.6,1004.5,241,2.9,24.4,69,0
2016/9/2,3,999.2,1004.1,151,2.4,30.1,56,0
2016/9/2,6,997.7,1002.5,124,2.1,34.2,38,0
2016/9/2,9,997.5,1002.3,96,3.7,33.5,32,0
2016/9/2,12,999.1,1004,325,1.6,29.4,46,0
2016/9/2,15,1000,1004.8,29,1.1,26.7,53,0
2016/9/2,18,1000.5,1005.3,327,1.4,25.1,73,0
2016/9/2,21,1001.3,1006.1,321,0.6,23.2,80,0
2016/9/3,0,1002.5,1007.4,85,0.9,26.8,68,0
2016/9/3,3,1002.3,1007.1,112,3.4,32.7,37,0
2016/9/3,6,1001.6,1006.4,104,3.4,33.8,26,0
2016/9/3,9,1001.7,1006.6,93,2,32.7,25,0
2016/9/3,12,1003.2,1008.1,97,2.3,29.4,42,0
2016/9/3,15,1004.2,1009,108,2,26.7,60,0
2016/9/3,18,1004.2,1009,50,1.8,24.5,82,0
2016/9/3,21,1004.3,1009.2,97,1.2,23.5,90,0
2016/9/4,0,1005.6,1010.5,319,1.2,24.6,74,0
2016/9/4,3,1005.2,1010.1,88,2.8,30.7,53,0
2016/9/4,6,1003.9,1008.8,86,2.9,31.4,52,0
2016/9/4,9,1004.4,1009.3,113,2.2,28.5,74,0
2016/9/4,12,1005.4,1010.3,93,4.1,27.7,75,0
2016/9/4,15,1005.5,1010.4,146,1.8,26.5,77,0
2016/9/4,18,1004.7,1009.6,67,1.5,26.2,77,0
2016/9/4,21,1005.4,1010.3,42,2.1,26.1,77,0
2016/9/5,0,1006.7,1011.6,82,2.3,27,80,0
2016/9/5,3,1006.7,1011.6,94,3.4,28.9,70,0
2016/9/5,6,1005.1,1010,98,3.2,30.4,57,0
2016/9/5,9,1005,1009.9,65,2.4,29.4,61,0
2016/9/5,12,1005.7,1010.6,112,3,27.8,68,0
2016/9/5,15,1005.4,1010.3,94,0.9,27,77,0
2016/9/5,18,1005.2,1010.1,67,1.6,26.7,85,0
2016/9/5,21,1004.6,1009.5,351,0.8,25.2,96,0.4
2016/9/6,0,1006.1,1011,339,2.4,24.3,78,0
2016/9/6,3,1006.4,1011.3,342,2.3,25.7,65,0
2016/9/6,6,1005.2,1010.1,9,4.2,25,70,0
2016/9/6,9,1004.3,1009.2,340,2.1,24.2,77,0
2016/9/6,12,1004.7,1009.6,328,2,22.4,86,0
2016/9/6,15,1004.1,1009,302,2.5,21.6,92,0
2016/9/6,18,1003,1007.9,342,2.9,21.1,95,0.3
2016/9/6,21,1003,1008,33,2.9,20.5,94,0.2
2016/9/7,0,1004.1,1009.1,5,2,19.9,96,0.3
2016/9/7,3,1004.5,1009.5,53,1.3,21.3,89,0.2
2016/9/7,6,1003.3,1008.3,335,2.1,23,83,0
2016/9/7,9,1003.5,1008.5,240,0.9,23,85,0
2016/9/7,12,1004.6,1009.6,104,1.8,22.5,88,0
2016/9/7,15,1004.5,1009.5,223,1,21.2,94,0
2016/9/7,18,1004,1009,5,0.8,21.5,94,0
2016/9/7,21,1004.8,1009.8,231,2.3,20.8,96,0
2016/9/8,0,1005.8,1010.8,256,0.9,22.5,86,0
2016/9/8,3,1005.1,1010,195,2,25.9,72,0
2016/9/8,6,1004.4,1009.3,138,2,28.7,56,0
2016/9/8,9,1004.3,1009.2,125,2.1,28.9,59,0
2016/9/8,12,1005.5,1010.4,87,1.1,25.9,63,0
2016/9/8,15,1005.7,1010.6,192,1.1,23.9,81,0
2016/9/8,18,1005.4,1010.3,350,1.6,22.6,85,0
2016/9/8,21,1005.7,1010.6,200,1,21.5,92,0
2016/9/9,0,1006.6,1011.5,330,0.5,24.3,80,0
2016/9/9,3,1006.1,1011,37,2.1,29.2,61,0
2016/9/9,6,1004.7,1009.6,86,2.1,31.2,50,0
2016/9/9,9,1004.5,1009.4,92,4.1,29.1,57,0
2016/9/9,12,1005.5,1010.4,66,2.1,27.2,68,0
2016/9/9,15,1005.5,1010.4,320,1.6,25.9,75,0
2016/9/9,18,1005,1009.9,330,3.6,24.9,80,0
2016/9/9,21,1005.4,1010.3,315,1.8,23.5,88,0
2016/9/10,0,1006.7,1011.6,316,1.2,23.6,88,0
2016/9/10,3,1005.8,1010.7,350,1,26.3,74,0
2016/9/10,6,1005.2,1010.1,105,1.9,28.1,54,0
2016/9/10,9,1004.8,1009.7,68,2.3,28.2,56,0
2016/9/10,12,1006.1,1011,110,2.1,26.9,75,0
2016/9/10,15,1006.6,1011.5,214,1.4,25.6,74,0
2016/9/10,18,1006.3,1011.2,21,0.8,24,74,0.1
2016/9/10,21,1007.2,1012.1,107,1.5,23.2,72,0
2016/9/11,0,1008.5,1013.4,44,1.3,23.3,72,0.4
2016/9/11,3,1009.3,1014.3,123,2.2,22.2,82,0.2
2016/9/11,6,1008.6,1013.6,174,2.8,22.2,73,0
2016/9/11,9,1007.8,1012.8,149,1.9,21.1,85,0.3
2016/9/11,12,1009.9,1014.9,337,1.8,20,93,0.1
2016/9/11,15,1010.5,1015.5,295,1.8,20,94,0
2016/9/11,18,1010.2,1015.2,322,1.8,19.6,95,0
2016/9/11,21,1010.8,1015.8,323,2,19.3,96,0
2016/9/12,0,1012.1,1017.1,330,1.8,21.1,89,0
2016/9/12,3,1011.5,1016.5,202,0.8,25.8,65,0
2016/9/12,6,1009.8,1014.8,325,1,28,56,0
2016/9/12,9,1010.1,1015.1,112,1.9,27.9,55,0
2016/9/12,12,1012.3,1017.3,103,2.6,25.3,72,0
2016/9/12,15,1012.4,1017.4,96,0.4,23.4,81,0
2016/9/12,18,1011.9,1016.9,320,2,22,87,0
2016/9/12,21,1012.1,1017.1,332,1.8,22.3,90,0
2016/9/13,0,1012.6,1017.6,48,2.3,24.3,79,0
2016/9/13,3,1012.5,1017.5,30,3.8,27.2,64,0
2016/9/13,6,1011.4,1016.4,66,2.4,25.8,68,0
2016/9/13,9,1011.6,1016.6,218,1,23.7,88,0.4
2016/9/13,12,1012.6,1017.6,181,2,23,93,0.1
2016/9/13,15,1013.2,1018.2,227,1.6,19.9,95,2.5
2016/9/13,18,1011.3,1016.3,331,1.6,19.8,95,0
2016/9/13,21,1010.9,1015.9,352,1.5,20.1,97,9.4
2016/9/14,0,1011.7,1016.7,10,1.4,21,96,0.1
2016/9/14,3,1011.6,1016.6,2,2.7,21.7,96,0.5
2016/9/14,6,1009.7,1014.7,343,3.3,21.5,97,0.8
2016/9/14,9,1009,1014,338,2.6,22.1,97,0.5
2016/9/14,12,1009.8,1014.8,353,2.9,22.2,92,0
2016/9/14,15,1009.2,1014.2,344,2.4,22,96,2.2
2016/9/14,18,1007.7,1012.7,349,2.4,22.1,98,0.2
2016/9/14,21,1006.8,1011.8,357,1.8,22.6,98,1.3
2016/9/15,0,1006.9,1011.9,36,1.5,23.8,98,0.6
2016/9/15,3,1006.3,1011.3,41,3.3,24.5,95,2.2
2016/9/15,6,1005.1,1010,67,5.2,24.5,95,2.8
2016/9/15,9,1004.5,1009.4,62,2,23.8,95,7.3
2016/9/15,12,1004.9,1009.8,100,7.1,23.4,95,6.5
2016/9/15,15,1004.2,1009.1,94,4.1,22.8,95,1.8
2016/9/15,18,1002.3,1007.2,115,1.6,22.9,97,3.5
2016/9/15,21,1000.6,1005.5,110,2.7,23.5,97,1.5
2016/9/16,0,1000.4,1005.3,139,1.4,24.1,97,0
2016/9/16,3,1000.4,1005.3,158,3.2,26.2,86,0
2016/9/16,6,999.6,1004.5,211,2,27.2,81,0
2016/9/16,9,999.7,1004.6,224,2.8,25.1,92,0.1
2016/9/16,12,1001.8,1006.7,337,2.6,24.8,92,0
2016/9/16,15,1003.2,1008.1,349,1.9,24.2,89,0
2016/9/16,18,1003.7,1008.6,336,3.2,22.7,86,0
2016/9/16,21,1004.4,1009.3,344,2.5,22.3,87,0
2016/9/17,0,1006.4,1011.3,333,2.7,23,84,0
2016/9/17,3,1006.8,1011.7,4,4,25.3,78,0
2016/9/17,6,1005,1009.9,348,5,27.6,64,0
2016/9/17,9,1005.4,1010.3,350,4.1,26.3,71,0
2016/9/17,12,1006.4,1011.3,358,2.2,25.2,75,0
2016/9/17,15,1006.9,1011.8,22,3.9,24.4,78,0
2016/9/17,18,1005.8,1010.7,355,3.7,23.1,84,0
2016/9/17,21,1006.2,1011.1,0,4.9,22.6,85,0
2016/9/18,0,1007,1011.9,354,3.5,23,82,0
2016/9/18,3,1006.5,1011.4,28,5.6,26.3,65,0
2016/9/18,6,1004.7,1009.6,7,4.4,27.9,57,0
2016/9/18,9,1004.4,1009.3,359,5.2,27.4,52,0
2016/9/18,12,1006.2,1011.1,7,4.6,25.5,64,0
2016/9/18,15,1007.5,1012.4,12,5.5,23.3,68,0
2016/9/18,18,1006.8,1011.7,350,2.8,21.8,76,0
2016/9/18,21,1007,1011.9,331,4.7,21.2,77,0
2016/9/19,0,1008.2,1013.2,329,2.8,22.2,76,0
2016/9/19,3,1008.3,1013.3,15,4.5,24.4,67,0
2016/9/19,6,1007.4,1012.3,12,6.2,26.8,56,0
2016/9/19,9,1008.3,1013.3,351,5.3,23.8,72,0.1
2016/9/19,12,1010.4,1015.4,302,2.3,20.8,92,1.1
2016/9/19,15,1011.1,1016.1,18,2.6,21.4,80,0
2016/9/19,18,1011.1,1016.1,333,2.4,20.2,75,0
2016/9/19,21,1012,1017,319,2.7,19.1,75,0
2016/9/20,0,1013.2,1018.2,341,3.5,21.1,68,0
2016/9/20,3,1013.5,1018.5,354,2.6,23.9,58,0
2016/9/20,6,1012.2,1017.2,7,4.6,26.9,43,0
2016/9/20,9,1012.6,1017.6,11,4.5,25.4,42,0
2016/9/20,12,1013.7,1018.7,25,1.7,22.1,53,0
2016/9/20,15,1014,1019,326,2.2,20.5,65,0
2016/9/20,18,1013.8,1018.8,327,1.4,19.4,74,0
2016/9/20,21,1014.1,1019.1,330,1,18.6,80,0
2016/9/21,0,1015.5,1020.5,219,0.7,21.7,69,0
2016/9/21,3,1015.4,1020.4,17,2.4,25.2,59,0
2016/9/21,6,1013.1,1018.1,328,3,26.2,56,0
2016/9/21,9,1013.2,1018.2,348,1.5,24.9,67,0
2016/9/21,12,1014.1,1019.1,320,2.4,21.3,91,0.5
2016/9/21,15,1014.1,1019.1,310,1,20.8,93,0
2016/9/21,18,1013.1,1018.1,341,1.7,20.2,94,0
2016/9/21,21,1012.9,1017.9,320,1.6,19.5,96,0
2016/9/22,0,1013.9,1018.9,281,1.5,20.7,91,0
2016/9/22,3,1013,1018,187,2.5,26.4,62,0
2016/9/22,6,1010.8,1015.8,117,2.3,28.7,54,0
2016/9/22,9,1010.6,1015.6,91,2.6,26.8,57,0
2016/9/22,12,1011.7,1016.7,91,3.6,24.4,72,0
2016/9/22,15,1012,1017,86,2.7,23.1,80,0
2016/9/22,18,1011.6,1016.5,33,1.1,21.9,84,0
2016/9/22,21,1011.3,1016.3,324,1.7,20.5,92,0
2016/9/23,0,1011.8,1016.8,335,0.7,22.7,84,0
2016/9/23,3,1010.9,1015.9,222,1.7,26.4,68,0
2016/9/23,6,1008.4,1013.3,90,2.5,29.5,53,0
2016/9/23,9,1008.2,1013.2,96,4.5,27.2,61,0
2016/9/23,12,1009.5,1014.5,80,2.5,24.3,77,0
2016/9/23,15,1009.7,1014.6,82,2,23.4,79,0
2016/9/23,18,1008.8,1013.7,317,1.8,21.4,88,0
2016/9/23,21,1008.9,1013.9,319,1.7,20.7,93,0
2016/9/24,0,1009.8,1014.8,301,1,22.7,87,0
2016/9/24,3,1009.2,1014.1,193,1.3,27.8,64,0
2016/9/24,6,1006.6,1011.5,54,3.8,29.6,55,0
2016/9/24,9,1006.3,1011.2,78,5.2,27.8,64,0
2016/9/24,12,1007.8,1012.8,60,2.5,24.4,78,0
2016/9/24,15,1008,1012.9,73,1.5,23.7,82,0
2016/9/24,18,1007.1,1012,325,1.4,21.9,91,0
2016/9/24,21,1007.5,1012.4,324,1.1,21.2,93,0
2016/9/25,0,1008.7,1013.7,195,1.1,23.4,87,0
2016/9/25,3,1008.9,1013.8,102,2.4,28.5,65,0
2016/9/25,6,1006.4,1011.3,85,2.9,29.9,58,0
2016/9/25,9,1006.6,1011.5,57,2.8,28.9,57,0
2016/9/25,12,1008,1012.9,83,2.9,25.2,76,0
2016/9/25,15,1007.9,1012.8,53,1.4,24.4,85,0
2016/9/25,18,1007.2,1012.1,11,0.9,22.8,87,0
2016/9/25,21,1007.2,1012.1,358,0.5,21.8,93,0
2016/9/26,0,1008.4,1013.3,307,1.3,24.1,83,0
2016/9/26,3,1007.7,1012.6,174,1.6,28.5,57,0
2016/9/26,6,1005.4,1010.3,37,4.1,30.3,56,0
2016/9/26,9,1005.6,1010.5,81,2.6,28.9,66,0
2016/9/26,12,1007,1011.9,96,3.5,26.4,78,0
2016/9/26,15,1007.1,1012,315,0.8,25.4,86,0
2016/9/26,18,1005.7,1010.6,46,1.3,24.7,92,0
2016/9/26,21,1005.7,1010.6,87,1.5,24.9,90,0
2016/9/27,0,1006.9,1011.8,79,2.1,26.2,86,0
2016/9/27,3,1006.3,1011.2,72,3,28.5,77,0
2016/9/27,6,1004.3,1009.2,96,3.6,31.1,63,0
2016/9/27,9,1004.6,1009.5,104,4.2,28.7,72,0
2016/9/27,12,1006.1,1011,40,3.4,27.4,85,0
2016/9/27,15,1005.2,1010.1,70,3.1,27.1,87,0
2016/9/27,18,1004.2,1009.1,56,1.7,26.2,95,1.2
2016/9/27,21,1003,1007.9,28,2.9,26.4,94,0
2016/9/28,0,1004.7,1009.6,46,3.4,26.9,91,0
2016/9/28,3,1004.5,1009.4,65,4.3,27.9,86,0
2016/9/28,6,1003.2,1008.1,92,7.5,26.2,94,5.5
2016/9/28,9,1004.2,1009.1,53,5.1,24.7,93,1.3
2016/9/28,12,1006.1,1011,57,3.9,23.1,94,3
2016/9/28,15,1006.7,1011.6,51,3.4,22.6,95,1.8
2016/9/28,18,1005.6,1010.5,38,5.5,22,94,1.2
2016/9/28,21,1005.5,1010.5,29,4.1,21.5,95,0.5
2016/9/29,0,1007.8,1012.8,345,2.3,21.5,97,3.1
2016/9/29,3,1007.9,1012.9,359,5.1,21.6,96,0.4
2016/9/29,6,1006.4,1011.4,355,6.9,21,95,0.1
2016/9/29,9,1006.4,1011.4,356,4,20.6,96,1.4
2016/9/29,12,1007.6,1012.6,10,3.1,20.3,97,1.5
2016/9/29,15,1007.9,1012.9,342,2.6,19.9,97,0.3
2016/9/29,18,1006.4,1011.4,354,1.8,19.6,97,0.2
2016/9/30,3,1007.3,1012.3,323,2.3,22.4,86,0
2016/9/30,6,1005.5,1010.5,164,1,24.7,80,0
2016/9/30,9,1006.2,1011.2,16,3.5,24.1,81,0
2016/9/30,12,1008.4,1013.4,351,2.3,22.5,83,0
2016/9/30,15,1008.9,1013.9,334,1.4,21.7,89,0
2016/9/30,18,1008.8,1013.8,319,0.9,20.9,96,0
2016/9/30,21,1008.6,1013.6,284,0.7,21,96,0
2016/10/1,0,1009.4,1014.4,999017,0.1,22.3,93,0
2016/10/1,3,1010,1015,188,1.1,25.1,82,0
2016/10/1,6,1008.1,1013,222,1.4,27.3,75,0
2016/10/1,9,1007.5,1012.4,99,1.1,28.1,74,0
2016/10/1,12,1009,1014,326,0.9,25.1,90,0
2016/10/1,15,1009.2,1014.1,322,2.2,24.1,94,0
2016/10/1,18,1008.3,1013.2,334,0.8,23.5,95,0
2016/10/1,21,1007.2,1012.1,172,2,23.7,95,0
2016/10/2,0,1007.8,1012.7,227,2.1,25.6,89,0
2016/10/2,3,1007,1011.9,220,2.9,30.1,64,0
2016/10/2,6,1004.4,1009.3,208,2.3,32.8,52,0
2016/10/2,9,1004.1,1009,235,1.4,29.9,66,0
2016/10/2,12,1005.9,1010.8,9,5.9,25.8,79,0
2016/10/2,15,1006.4,1011.3,358,2.3,23.2,93,0
2016/10/2,18,1005.5,1010.4,5,1,22.7,91,0
2016/10/2,21,1005.6,1010.5,11,2.7,22.6,90,0
2016/10/3,0,1007.4,1012.3,13,2.6,22.4,85,0
2016/10/3,3,1007.9,1012.9,10,1.9,23.6,79,0
2016/10/3,6,1005.8,1010.7,35,2.6,25.4,72,0
2016/10/3,9,1006.2,1011.2,44,3.6,24.2,79,0
2016/10/3,12,1007.5,1012.5,29,1.8,24,78,0
2016/10/3,15,1008.2,1013.2,62,3.1,23.1,76,0
2016/10/3,18,1007.7,1012.7,347,1.3,20.8,80,0
2016/10/3,21,1007.5,1012.5,303,1.9,20.7,88,0
2016/10/4,0,1008,1013,330,2.3,21.6,84,0
2016/10/4,3,1007.4,1012.4,344,2,23.1,74,0
2016/10/4,6,1005.5,1010.5,329,1.3,24.5,71,0
2016/10/4,9,1005.1,1010.1,327,1.5,23.9,75,0
2016/10/4,12,1006.4,1011.4,330,1.3,22.9,78,0
2016/10/4,15,1006.8,1011.8,310,1.5,22.6,80,0
2016/10/4,18,1006.6,1011.6,335,2,20.3,90,0
2016/10/4,21,1007.9,1012.9,250,1.4,19.9,90,0
2016/10/5,0,1010,1015,32,0.9,22.7,80,0
2016/10/5,3,1010.2,1015.2,340,1.5,25.4,68,0
2016/10/5,6,1009.2,1014.2,126,1.5,26.5,64,0
2016/10/5,9,1009.4,1014.4,52,2.8,26.5,64,0
2016/10/5,12,1011.5,1016.5,59,2,25.4,72,0
2016/10/5,15,1012.3,1017.3,8,3.3,24.7,76,0
2016/10/5,18,1012,1016.9,84,2,24.2,86,0
2016/10/5,21,1013,1018,37,2.7,22.8,82,0
2016/10/6,0,1014.9,1019.9,56,4.1,23.1,81,0
2016/10/6,3,1014.9,1019.9,53,4.7,25.2,69,0
2016/10/6,6,1013.4,1018.4,59,1.5,23.9,82,0.8
2016/10/6,9,1014.2,1019.2,64,3.2,23,69,0
2016/10/6,12,1015.1,1020.1,85,1.5,22.2,74,0
2016/10/6,15,1014.2,1019.2,87,1.8,21.5,76,0
2016/10/6,18,1012.8,1017.8,4,1.5,20.9,80,0
2016/10/6,21,1012,1017,25,2.3,20.1,81,0
2016/10/7,0,1012.5,1017.5,38,3.3,20.3,83,0
2016/10/7,3,1010.9,1015.9,331,1.8,20.2,92,0.3
2016/10/7,6,1009.1,1014.1,299,2.5,20,96,0
2016/10/7,9,1008.7,1013.7,310,1.5,20.4,97,0
2016/10/7,12,1008.9,1013.9,319,1.8,20.7,98,0.6
2016/10/7,15,1008.9,1013.9,353,2.5,20.9,98,2.5
2016/10/7,18,1008.1,1013.1,342,4.1,20.4,97,2
2016/10/7,21,1008.2,1013.2,355,4.8,20,97,1.9
2016/10/8,0,1010.6,1015.6,2,4.2,19.4,94,1
2016/10/8,3,1011,1016,5,5.5,20.3,81,0
2016/10/8,6,1010.1,1015.1,17,3.6,22.1,72,0
2016/10/8,9,1011.1,1016.1,357,3.2,20.5,80,0
2016/10/8,12,1013.9,1019,41,4.6,20.2,66,0
2016/10/8,15,1014.9,1020,15,5.5,18.6,60,0
2016/10/8,18,1014.9,1020,340,2.4,16.4,73,0
2016/10/8,21,1015.2,1020.3,354,3.3,16.5,64,0
2016/10/9,0,1016.4,1021.5,1,4,17.5,66,0
2016/10/9,3,1016.1,1021.2,66,2.5,21.4,56,0
2016/10/9,6,1014,1019.1,54,3.5,21.7,49,0
2016/10/9,9,1014.3,1019.4,28,5.6,20.4,55,0
2016/10/9,12,1016.1,1021.2,52,6,18.8,58,0
2016/10/9,15,1016.3,1021.4,57,4.4,17.1,60,0
2016/10/9,18,1015.4,1020.5,4,1.3,15.4,67,0
2016/10/9,21,1014.5,1019.6,333,2.5,14.1,80,0
2016/10/11,0,1015.5,1020.6,351,2.2,18.7,74,0
2016/10/11,3,1014.7,1019.7,45,3.5,21.2,66,0
2016/10/11,6,1012.8,1017.8,64,3,23.8,50,0
2016/10/11,9,1013.2,1018.2,87,2.4,23,56,0
2016/10/11,12,1015.1,1020.2,105,3.5,21.6,70,0
2016/10/11,15,1015.9,1020.9,45,2.8,20.3,66,0
2016/10/11,18,1015.7,1020.7,347,2.3,18.8,73,0
2016/10/11,21,1016.7,1021.7,4,1.9,19.2,74,0
2016/10/12,0,1018.4,1023.5,56,4.5,19.9,60,0
2016/10/12,3,1018.3,1023.4,46,2.9,20.9,68,0
2016/10/12,6,1016.4,1021.5,100,3.1,22.1,59,0
2016/10/12,9,1016.5,1021.6,39,3.7,21.2,57,0
2016/10/12,12,1017.4,1022.5,360,1.4,20.4,63,0
2016/10/12,15,1017,1022.1,326,1.6,19.3,78,0
2016/10/12,18,1016.1,1021.1,327,1.9,18.9,83,0
2016/10/12,21,1015.8,1020.9,14,2.3,19.3,79,0
2016/10/13,0,1017,1022.1,74,2,19.8,78,0
2016/10/13,3,1017.6,1022.7,39,3.7,21.4,64,0
2016/10/13,6,1015.2,1020.2,48,2.3,21.6,63,0
2016/10/13,9,1015.3,1020.3,46,2.3,21.3,61,0
2016/10/13,12,1016.8,1021.9,24,2.2,20.3,69,0
2016/10/13,15,1016.6,1021.6,41,1.8,19.8,71,0
2016/10/13,18,1015.8,1020.9,352,1.5,19.1,75,0
2016/10/13,21,1015.9,1021,352,2.5,18,89,0.3
2016/10/14,0,1017.4,1022.5,46,3,18.4,88,0
2016/10/14,3,1017.8,1022.9,2,1.6,18.8,82,0
2016/10/14,6,1015.8,1020.9,359,1.9,18.5,84,0
2016/10/14,9,1015.5,1020.6,349,2,18.2,81,0
2016/10/14,12,1016.5,1021.6,1,1.4,18.3,83,0
2016/10/14,15,1015.9,1021,354,1.8,18.2,87,0
2016/10/14,18,1015.4,1020.5,202,1.1,18.4,89,0
2016/10/14,21,1015.2,1020.3,360,2.3,18.5,90,0
2016/10/15,0,1016.5,1021.6,35,2,19,95,0
2016/10/15,3,1015.8,1020.9,357,1.1,19.8,94,0.6
2016/10/15,6,1013.7,1018.8,334,1.5,20.3,96,0.1
2016/10/15,9,1013.7,1018.8,333,2.2,20.3,96,0
2016/10/15,12,1014.5,1019.6,344,0.9,20,97,0
2016/10/15,15,1013.9,1019,999017,0,19.8,97,0
2016/10/15,18,1012.9,1017.9,215,1.7,19.7,97,0
2016/10/15,21,1012.8,1017.8,216,3.2,19.6,97,0
2016/10/16,0,1013.9,1018.9,327,0.6,20.4,95,0
2016/10/16,3,1013.9,1018.9,342,2.2,24.6,76,0
2016/10/16,6,1011.7,1016.7,301,1.8,26.8,67,0
2016/10/16,9,1011.7,1016.7,10,4.1,24.9,74,0
2016/10/16,12,1013.8,1018.8,353,4.3,22.7,77,0
2016/10/16,15,1014.7,1019.7,7,2.1,21.9,80,0
2016/10/16,18,1014.5,1019.5,344,2,21.3,83,0
2016/10/16,21,1014.2,1019.2,35,3,20.4,81,0
2016/10/17,0,1015.6,1020.6,35,2.1,20.1,80,0
2016/10/17,3,1015.6,1020.6,104,1.5,19.6,90,0.1
2016/10/17,6,1013.4,1018.4,81,1.2,21.3,79,0
2016/10/17,9,1013.7,1018.7,109,1.1,20.9,79,0
2016/10/17,12,1014.3,1019.4,17,0.7,19.6,87,0
2016/10/17,15,1014.7,1019.8,222,0.9,18.9,92,0
2016/10/17,18,1014,1019,341,1.5,19.1,92,0
2016/10/17,21,1013.9,1018.9,322,2.5,19.3,90,0
2016/10/18,0,1015.2,1020.3,62,2.1,20.5,87,0
2016/10/18,3,1014.5,1019.5,37,2.5,23.3,73,0
2016/10/18,6,1012.5,1017.5,128,1.6,23.4,73,0
2016/10/18,9,1013,1018,205,0.6,20.9,94,1.8
2016/10/18,12,1013.8,1018.8,106,1.5,20.5,94,0.5
2016/10/18,15,1013.7,1018.7,90,1.9,20.1,95,0.1
2016/10/18,18,1012.1,1017.1,125,2.3,20,96,1.3
2016/10/18,21,1011.7,1016.7,93,1.9,19.7,95,0.1
2016/10/19,0,1012.7,1017.7,49,0.9,20.1,94,0.2
2016/10/19,3,1012.6,1017.6,94,2.8,20.9,92,0.1
2016/10/19,6,1010.8,1015.8,89,2.1,20.7,94,1
2016/10/19,9,1010.9,1015.9,96,1.8,20.5,95,0.2
2016/10/19,12,1011.7,1016.7,134,2.1,20.3,95,0.1
2016/10/19,15,1011.6,1016.6,61,1.2,20.6,96,1.5
2016/10/19,18,1010.1,1015.1,325,0.5,20.7,97,0.1
2016/10/19,21,1009.9,1014.9,69,0.9,21.2,97,0.2
2016/10/20,0,1011,1016,100,1.2,21.5,95,0
2016/10/20,3,1010.2,1015.2,91,2.1,21.7,96,2.8
2016/10/20,6,1007.8,1012.8,94,2.7,22.3,91,0
2016/10/20,9,1008.1,1013.1,96,2,22.4,91,0
2016/10/20,12,1008.8,1013.8,93,2.8,21.7,92,0.1
2016/10/20,15,1008.5,1013.5,67,1.6,21.5,96,1
2016/10/20,18,1007.3,1012.3,94,1.6,21.7,93,0
2016/10/20,21,1006.6,1011.6,89,1.8,21.4,97,0.8
2016/10/21,0,1007.4,1012.4,39,2.2,21.7,96,0.1
2016/10/21,3,1006.5,1011.5,354,2,21.9,97,0.2
2016/10/21,6,1004.1,1009.1,335,3.1,21.4,98,0.5
2016/10/21,9,1004.3,1009.3,340,2.8,21.2,98,0
2016/10/21,12,1005.7,1010.7,330,2,21.4,98,0.1
2016/10/21,15,1005.8,1010.8,357,2.1,21.1,98,0
2016/10/21,18,1005.3,1010.3,342,2.5,21,98,1.3
2016/10/21,21,1004.5,1009.5,335,2.2,21,98,3.3
2016/10/22,0,1005.5,1010.5,47,2.1,21.3,98,0.2
2016/10/22,3,1004.1,1009.1,90,1.8,22.4,96,0.2
2016/10/22,6,1000.2,1005.1,86,2.9,22.6,96,0.1
2016/10/22,9,999.4,1004.3,117,2,22.8,97,3.1
2016/10/22,12,1001.2,1006.2,356,5,21.7,97,2.4
2016/10/22,15,1004,1009,352,4.8,20.7,96,1.6
2016/10/22,18,1005.3,1010.3,0,6,20.8,95,0
2016/10/22,21,1007,1012,0,3.7,19.9,96,0.3
2016/10/23,0,1009.7,1014.7,353,3.9,19.6,93,0
2016/10/23,3,1010,1015,17,4.5,21,83,0
2016/10/23,6,1009.1,1014.1,13,3.2,20.6,84,0
2016/10/23,9,1009.9,1014.9,344,1.9,20.4,87,0
2016/10/23,12,1011.2,1016.2,330,1.8,19.7,92,0
2016/10/23,15,1011.4,1016.4,326,1.1,19.7,92,0
2016/10/23,18,1011,1016,43,0.8,19.3,92,0
2016/10/23,21,1010.9,1015.9,40,2.6,19.2,91,0
2016/10/24,0,1012,1017,135,1.6,20.4,87,0
2016/10/24,3,1010.6,1015.6,157,1.3,23.4,75,0
2016/10/24,6,1007.7,1012.7,175,1.4,24.5,68,0
2016/10/24,9,1007.3,1012.3,133,0.9,23.5,79,0
2016/10/24,12,1008.3,1013.3,318,2,22.4,81,0
2016/10/24,15,1008,1013,210,1.4,21,91,0
2016/10/24,18,1007.3,1012.3,226,3,20.7,94,0
2016/10/24,21,1008.1,1013.1,323,2.5,20.8,93,0